"Profit","Sales","Discount","Quantity","Shipping_Days","Category","Sub_Category","Region","Segment","Ship_Mode"
57.12,357,0,3,4,"Technology","Accessories","East","Consumer","Standard Class"
21.996,73.32,0,6,5,"Furniture","Furnishings","West","Home Office","Standard Class"
19.755,52.68,0.2,3,4,"Technology","Phones","South","Corporate","Standard Class"
46.1184,96.08,0,2,4,"Office Supplies","Paper","South","Home Office","Second Class"
-5.5338,7.218,0.7,3,4,"Office Supplies","Binders","South","Consumer","Standard Class"
114.9954,499.98,0,2,2,"Technology","Accessories","South","Consumer","Second Class"
16.124,55.6,0,4,6,"Office Supplies","Supplies","East","Consumer","Standard Class"
-18.196,72.784,0.2,1,6,"Office Supplies","Storage","South","Consumer","Standard Class"
6.2208,12.96,0,2,2,"Office Supplies","Paper","South","Consumer","Second Class"
2.8784,28.784,0.2,2,5,"Technology","Phones","West","Corporate","Second Class"
2.2282,8.57,0,1,4,"Office Supplies","Supplies","West","Consumer","Standard Class"
24.2012,128.124,0.1,2,5,"Furniture","Chairs","East","Consumer","Second Class"
0.7425,2.376,0.2,3,4,"Technology","Accessories","Central","Consumer","Standard Class"
6.2208,12.96,0,2,1,"Office Supplies","Paper","West","Consumer","First Class"
315.7404,1088.76,0,6,7,"Office Supplies","Storage","East","Home Office","Standard Class"
701.9883,1799.97,0,3,2,"Technology","Copiers","West","Consumer","Second Class"
2.9568,6.16,0,2,4,"Office Supplies","Labels","West","Home Office","Standard Class"
12.7368,43.92,0,3,5,"Office Supplies","Art","East","Consumer","Second Class"
11.7782,25.06,0,2,7,"Office Supplies","Labels","East","Consumer","Standard Class"
59.4355,163.96,0.2,5,3,"Office Supplies","Paper","Central","Home Office","First Class"
259.5297,1128.39,0,3,5,"Furniture","Tables","West","Corporate","Standard Class"
1.26,5.04,0,3,0,"Office Supplies","Art","West","Consumer","Same Day"
61.96,198.272,0.2,8,5,"Office Supplies","Paper","West","Consumer","Standard Class"
85.5297,235.944,0.2,3,2,"Office Supplies","Labels","South","Consumer","Second Class"
13.2962,69.98,0,2,7,"Technology","Accessories","West","Corporate","Standard Class"
8.4966,17.34,0,3,5,"Office Supplies","Paper","West","Consumer","Second Class"
15.7584,56.28,0,6,7,"Furniture","Furnishings","South","Corporate","Standard Class"
2.5056,6.912,0.2,3,5,"Office Supplies","Labels","East","Corporate","Standard Class"
7.4376,82.64,0,2,4,"Furniture","Furnishings","East","Home Office","Second Class"
-653.2834,1781.682,0.4,7,7,"Furniture","Tables","South","Consumer","Standard Class"
19.8276,63.96,0,4,4,"Technology","Accessories","Central","Consumer","Standard Class"
3.5529,21.864,0.2,3,3,"Office Supplies","Art","Central","Home Office","First Class"
31.0856,95.648,0.2,2,4,"Office Supplies","Binders","West","Consumer","Standard Class"
0,451.152,0.2,3,7,"Furniture","Chairs","West","Corporate","Standard Class"
7.9248,30.48,0,3,2,"Office Supplies","Art","East","Consumer","Second Class"
-31.008,18.24,0.8,3,2,"Office Supplies","Binders","Central","Consumer","Second Class"
-17.0352,170.352,0.2,3,5,"Furniture","Chairs","West","Consumer","Standard Class"
86.8704,488.646,0.1,3,6,"Furniture","Chairs","East","Consumer","Standard Class"
29.1528,728.82,0,9,7,"Office Supplies","Storage","West","Consumer","Standard Class"
21,100,0,4,4,"Technology","Accessories","West","Corporate","Second Class"
36.8245,78.35,0,5,4,"Office Supplies","Envelopes","West","Consumer","Standard Class"
30.7168,307.168,0.2,4,6,"Technology","Phones","Central","Consumer","Standard Class"
17.505,38.9,0,5,3,"Office Supplies","Paper","Central","Consumer","First Class"
5.123,10.9,0,5,6,"Office Supplies","Paper","West","Consumer","Standard Class"
4.35,13.92,0.2,3,7,"Office Supplies","Binders","East","Home Office","Standard Class"
-204.4458,393.165,0.5,3,2,"Furniture","Tables","West","Consumer","First Class"
45.0016,91.84,0,8,7,"Office Supplies","Paper","West","Corporate","Standard Class"
-20.4468,27.882,0.7,3,4,"Office Supplies","Binders","South","Home Office","Second Class"
3.9992,99.98,0,2,5,"Technology","Phones","East","Consumer","Second Class"
13.4964,29.34,0,3,4,"Office Supplies","Envelopes","East","Consumer","Second Class"
6.1308,18.864,0.2,9,6,"Office Supplies","Fasteners","Central","Consumer","Standard Class"
26.271,58.38,0,7,2,"Office Supplies","Paper","West","Corporate","First Class"
-97.72,418.8,0.4,2,4,"Technology","Machines","Central","Consumer","Standard Class"
124.2,414,0,8,4,"Furniture","Furnishings","East","Consumer","Standard Class"
11.7782,25.06,0,2,0,"Office Supplies","Labels","Central","Consumer","Same Day"
5.778,12.84,0,3,6,"Office Supplies","Paper","Central","Consumer","Standard Class"
35.6796,209.88,0,3,7,"Furniture","Furnishings","South","Consumer","Standard Class"
2.7279,90.93,0,7,4,"Technology","Phones","East","Consumer","Standard Class"
93.594,311.98,0,2,3,"Technology","Phones","East","Home Office","Second Class"
-17.469,11.646,0.8,9,6,"Office Supplies","Binders","Central","Home Office","Standard Class"
35.2872,135.72,0,3,5,"Technology","Phones","Central","Consumer","Second Class"
9.5787,26.424,0.2,9,7,"Office Supplies","Binders","East","Consumer","Standard Class"
0.3024,7.56,0,6,2,"Office Supplies","Fasteners","East","Home Office","Second Class"
6.104,21.8,0,2,4,"Technology","Phones","South","Home Office","Standard Class"
2.7354,5.82,0,2,0,"Furniture","Furnishings","Central","Corporate","Same Day"
33.0708,106.68,0,6,6,"Furniture","Furnishings","West","Corporate","Standard Class"
1.213,97.04,0.2,2,6,"Furniture","Furnishings","South","Consumer","Standard Class"
23.235,74.352,0.2,3,4,"Office Supplies","Paper","Central","Corporate","Standard Class"
28.1718,59.94,0,3,3,"Office Supplies","Paper","East","Home Office","Second Class"
4.7976,47.976,0.2,3,4,"Technology","Phones","West","Consumer","Standard Class"
-20.7846,184.752,0.2,3,3,"Furniture","Chairs","West","Corporate","Second Class"
22.736,64.96,0.2,14,4,"Office Supplies","Binders","West","Home Office","Standard Class"
209.274,1448.82,0.1,10,2,"Furniture","Chairs","East","Corporate","First Class"
27.2862,88.02,0,3,5,"Furniture","Furnishings","East","Corporate","Second Class"
751.9624,1599.92,0,8,5,"Technology","Copiers","South","Consumer","Standard Class"
1.2432,3.552,0.2,3,5,"Office Supplies","Fasteners","Central","Corporate","Standard Class"
679.996,3059.982,0.1,2,3,"Technology","Machines","Central","Corporate","First Class"
92.2368,192.16,0,4,6,"Office Supplies","Paper","East","Consumer","Standard Class"
3.504,11.68,0,2,5,"Office Supplies","Art","Central","Consumer","Standard Class"
-44.2764,393.568,0.2,4,4,"Furniture","Chairs","West","Consumer","Standard Class"
5.8604,33.488,0.2,7,4,"Office Supplies","Art","Central","Corporate","Standard Class"
22.869,65.34,0,3,7,"Office Supplies","Appliances","West","Consumer","Standard Class"
2.9889,8.856,0.2,3,5,"Office Supplies","Labels","Central","Corporate","Standard Class"
-24.0435,110.97,0.4,5,4,"Technology","Phones","East","Consumer","Standard Class"
2.8224,5.76,0,2,5,"Office Supplies","Labels","East","Consumer","Standard Class"
-2.61,3.132,0.7,2,4,"Office Supplies","Binders","East","Home Office","Standard Class"
7.08,14.75,0,5,4,"Office Supplies","Envelopes","West","Corporate","Second Class"
10.0128,35.76,0,12,5,"Office Supplies","Art","South","Corporate","Standard Class"
22.246,79.45,0,7,3,"Office Supplies","Storage","East","Consumer","First Class"
78.851,271.9,0,2,2,"Technology","Phones","East","Consumer","First Class"
8.7138,18.54,0,2,6,"Office Supplies","Paper","West","Home Office","Standard Class"
16.7972,191.968,0.2,7,4,"Furniture","Chairs","West","Consumer","Second Class"
421.0824,895.92,0,4,6,"Office Supplies","Binders","Central","Consumer","Standard Class"
1.476,13.12,0.2,5,5,"Office Supplies","Art","Central","Consumer","Standard Class"
-6.098,97.568,0.2,2,3,"Furniture","Chairs","West","Consumer","First Class"
15.336,34.08,0,6,4,"Office Supplies","Paper","West","Corporate","Second Class"
37.5624,79.92,0,4,5,"Office Supplies","Paper","East","Consumer","Second Class"
51.8346,191.98,0,2,6,"Technology","Phones","Central","Consumer","Standard Class"
4.7988,31.992,0.2,1,7,"Technology","Accessories","West","Home Office","Standard Class"
-3.2934,1.996,0.8,1,5,"Office Supplies","Binders","Central","Corporate","Standard Class"
17.55,39,0,3,5,"Technology","Accessories","West","Corporate","Standard Class"
15.7248,58.24,0,4,2,"Office Supplies","Appliances","West","Consumer","First Class"
84.9436,184.66,0,7,2,"Office Supplies","Paper","East","Home Office","Second Class"
26.649,76.14,0,3,5,"Furniture","Furnishings","East","Consumer","Standard Class"
-39.804,25.68,0.8,3,4,"Office Supplies","Binders","Central","Consumer","Standard Class"
35.3346,75.18,0,6,4,"Office Supplies","Labels","Central","Consumer","Standard Class"
3.0016,30.016,0.2,4,4,"Office Supplies","Storage","Central","Consumer","Standard Class"
22.89,45.78,0,3,3,"Office Supplies","Binders","East","Corporate","First Class"
15.7872,40.48,0,2,5,"Furniture","Furnishings","East","Corporate","Second Class"
287.982,767.952,0.2,6,4,"Technology","Machines","West","Corporate","Standard Class"
7.803,23.12,0.2,2,5,"Office Supplies","Binders","East","Consumer","Standard Class"
4.7304,14.016,0.2,3,4,"Office Supplies","Art","South","Corporate","Standard Class"
-131.7168,48.784,0.8,4,4,"Office Supplies","Appliances","Central","Corporate","Standard Class"
7.3788,18.92,0,4,4,"Furniture","Furnishings","South","Home Office","Standard Class"
33.5895,287.91,0.4,3,5,"Technology","Machines","Central","Consumer","Standard Class"
66.5408,665.408,0.2,2,4,"Office Supplies","Storage","East","Corporate","Standard Class"
6.5856,13.44,0,3,0,"Office Supplies","Paper","West","Consumer","Same Day"
15.552,32.4,0,5,3,"Office Supplies","Paper","East","Home Office","First Class"
-27.2646,205.9992,0.32,3,6,"Furniture","Bookcases","Central","Corporate","Standard Class"
-4.7625,5.715,0.7,5,3,"Office Supplies","Binders","East","Home Office","First Class"
-1.2178,85.246,0.3,2,2,"Furniture","Chairs","Central","Consumer","Second Class"
5.2256,11.36,0,2,5,"Office Supplies","Paper","East","Consumer","Standard Class"
2.499,124.95,0,5,4,"Technology","Phones","East","Corporate","Standard Class"
5.9211,17.544,0.2,3,7,"Office Supplies","Labels","East","Corporate","Standard Class"
2.625,8.75,0,1,5,"Office Supplies","Art","South","Consumer","Second Class"
14.6718,44.46,0,2,4,"Furniture","Furnishings","West","Corporate","Standard Class"
-15.8356,21.594,0.7,2,6,"Office Supplies","Binders","West","Home Office","Standard Class"
7.3872,27.36,0,4,5,"Office Supplies","Supplies","West","Corporate","Second Class"
19.4376,59.808,0.2,3,5,"Office Supplies","Binders","West","Home Office","Standard Class"
-6.9102,25.128,0.6,3,6,"Furniture","Furnishings","Central","Consumer","Standard Class"
1.311,17.48,0.2,5,4,"Office Supplies","Appliances","East","Corporate","Second Class"
89.997,299.99,0,1,7,"Technology","Copiers","West","Consumer","Standard Class"
3.3453,9.912,0.2,3,2,"Office Supplies","Binders","East","Corporate","Second Class"
6.48,36,0,2,5,"Technology","Accessories","East","Corporate","Standard Class"
30.4416,72.48,0,2,6,"Technology","Accessories","East","Consumer","Standard Class"
3.8822,8.26,0,2,2,"Office Supplies","Binders","South","Consumer","Second Class"
3.852,8.56,0,2,5,"Office Supplies","Paper","East","Consumer","Standard Class"
-299.2614,945.036,0.4,6,4,"Furniture","Tables","South","Consumer","Standard Class"
12.358,33.4,0,5,6,"Office Supplies","Art","Central","Corporate","Standard Class"
21.7728,45.36,0,7,1,"Office Supplies","Paper","West","Corporate","First Class"
2400.9657,4899.93,0,7,4,"Technology","Machines","East","Consumer","Standard Class"
14.8365,131.88,0.2,3,3,"Technology","Phones","Central","Corporate","Second Class"
68.976,143.7,0,3,2,"Office Supplies","Paper","West","Home Office","Second Class"
87.7578,675.06,0,3,4,"Office Supplies","Storage","South","Consumer","Standard Class"
79.1934,359.97,0,3,3,"Furniture","Bookcases","South","Consumer","First Class"
12.9888,129.888,0.2,6,0,"Furniture","Furnishings","South","Consumer","Same Day"
-2.0108,2.742,0.7,2,3,"Office Supplies","Binders","South","Consumer","First Class"
18,75,0,3,6,"Technology","Accessories","South","Corporate","Standard Class"
9.3184,33.28,0,4,2,"Office Supplies","Appliances","East","Corporate","Second Class"
54.9976,119.56,0,2,4,"Office Supplies","Binders","South","Home Office","Standard Class"
-33.6414,51.756,0.6,3,5,"Furniture","Furnishings","Central","Home Office","Second Class"
48.5514,143.856,0.2,9,5,"Office Supplies","Paper","South","Consumer","Standard Class"
11.2308,22.92,0,3,6,"Office Supplies","Paper","West","Consumer","Standard Class"
-19.3382,71.246,0.3,2,4,"Furniture","Chairs","East","Consumer","Standard Class"
4.8588,242.94,0,3,1,"Office Supplies","Storage","West","Consumer","First Class"
-14.3313,18.693,0.7,3,0,"Office Supplies","Binders","East","Corporate","Same Day"
36.852,99.6,0,1,6,"Technology","Accessories","East","Consumer","Standard Class"
43.176,89.95,0,5,7,"Technology","Phones","East","Consumer","Standard Class"
374.6286,1628.82,0,9,4,"Furniture","Bookcases","South","Consumer","Standard Class"
1.3944,3.984,0.2,1,7,"Office Supplies","Binders","East","Consumer","Standard Class"
14.2688,29.12,0,4,5,"Office Supplies","Binders","Central","Home Office","Standard Class"
15.9588,61.38,0,6,4,"Office Supplies","Supplies","West","Corporate","Standard Class"
4.485,14.352,0.2,3,6,"Office Supplies","Paper","Central","Corporate","Standard Class"
31.0688,88.768,0.2,2,3,"Office Supplies","Paper","West","Consumer","First Class"
2.336,18.688,0.2,4,3,"Office Supplies","Art","West","Home Office","First Class"
-5.037,6.57,0.7,3,3,"Office Supplies","Binders","East","Consumer","First Class"
68.976,143.7,0,3,5,"Office Supplies","Paper","East","Consumer","Standard Class"
-14.3856,23.976,0.6,3,2,"Furniture","Furnishings","Central","Consumer","Second Class"
-7.68,11.52,0.7,5,4,"Office Supplies","Binders","South","Home Office","Second Class"
0.5022,6.696,0.2,1,4,"Furniture","Furnishings","East","Home Office","Standard Class"
-9.288,11.61,0.7,2,4,"Office Supplies","Binders","East","Consumer","Standard Class"
24.84,51.75,0,5,5,"Office Supplies","Labels","Central","Home Office","Standard Class"
129.6,360,0,4,2,"Technology","Accessories","South","Home Office","First Class"
65.7342,139.86,0,7,4,"Office Supplies","Paper","West","Corporate","Standard Class"
44.955,249.75,0,9,4,"Office Supplies","Storage","West","Home Office","Standard Class"
15.5232,32.34,0,3,6,"Office Supplies","Binders","Central","Corporate","Standard Class"
-64.4274,286.344,0.2,3,5,"Office Supplies","Supplies","East","Consumer","Standard Class"
9.3024,27.36,0,9,6,"Office Supplies","Art","East","Corporate","Standard Class"
7.384,22.72,0.2,4,6,"Office Supplies","Binders","West","Consumer","Standard Class"
8.5025,44.75,0,5,7,"Technology","Accessories","West","Consumer","Standard Class"
-13.2867,55.944,0.2,7,0,"Technology","Phones","South","Consumer","Same Day"
-71.8116,718.116,0.3,6,2,"Furniture","Tables","Central","Corporate","First Class"
63.8862,155.82,0,3,4,"Furniture","Furnishings","East","Corporate","Standard Class"
29.495,471.92,0.2,2,5,"Technology","Phones","South","Home Office","Second Class"
6.372,84.96,0.2,6,4,"Office Supplies","Storage","South","Consumer","Standard Class"
15.7,62.8,0,4,0,"Office Supplies","Storage","West","Consumer","Same Day"
26.865,59.7,0,3,5,"Office Supplies","Appliances","West","Corporate","Standard Class"
224.073,497.94,0,3,5,"Office Supplies","Binders","Central","Corporate","Standard Class"
11.803,40.7,0,5,2,"Office Supplies","Supplies","South","Corporate","Second Class"
-20.1663,12.222,0.8,7,6,"Office Supplies","Binders","Central","Corporate","Standard Class"
5.368,19.52,0.2,2,4,"Furniture","Furnishings","South","Corporate","Standard Class"
50.098,801.568,0.2,2,5,"Furniture","Chairs","West","Corporate","Standard Class"
-3.3894,4.842,0.7,3,0,"Office Supplies","Binders","East","Home Office","Same Day"
17.6673,37.59,0,3,1,"Office Supplies","Labels","West","Consumer","Same Day"
-2.5632,3.204,0.7,2,4,"Office Supplies","Binders","South","Home Office","Standard Class"
23.99,47.98,0,2,5,"Office Supplies","Envelopes","East","Corporate","Second Class"
146.4036,697.16,0,4,4,"Furniture","Tables","Central","Home Office","Standard Class"
12.208,43.6,0,4,2,"Technology","Phones","East","Corporate","First Class"
-2.7,24,0.2,2,4,"Technology","Accessories","Central","Consumer","Second Class"
2.4898,99.592,0.2,1,4,"Furniture","Tables","West","Home Office","Standard Class"
48.9902,279.944,0.2,7,4,"Technology","Accessories","Central","Consumer","Standard Class"
-3.6372,20.784,0.2,2,2,"Technology","Accessories","Central","Corporate","Second Class"
43.736,397.6,0,5,3,"Furniture","Furnishings","South","Corporate","Second Class"
12.1149,46.152,0.2,3,5,"Furniture","Furnishings","South","Consumer","Standard Class"
41.7852,1114.272,0.2,4,7,"Furniture","Tables","West","Corporate","Standard Class"
12.744,26.55,0,9,4,"Office Supplies","Envelopes","South","Corporate","Standard Class"
19.2472,39.28,0,8,5,"Office Supplies","Labels","West","Home Office","Standard Class"
-7.7094,539.658,0.3,3,4,"Furniture","Chairs","Central","Corporate","Standard Class"
-28.2744,161.568,0.2,2,5,"Furniture","Chairs","South","Consumer","Standard Class"
5.7624,11.76,0,2,3,"Office Supplies","Paper","Central","Consumer","First Class"
751.7601,1927.59,0,7,4,"Office Supplies","Appliances","Central","Home Office","Second Class"
3.44,8,0,5,4,"Office Supplies","Art","East","Home Office","Standard Class"
-0.792,1.08,0.7,2,6,"Office Supplies","Binders","West","Consumer","Standard Class"
3.5858,143.432,0.2,1,5,"Furniture","Tables","West","Corporate","Second Class"
12.7764,39.312,0.2,13,5,"Office Supplies","Fasteners","East","Consumer","Standard Class"
3.3504,6.98,0,1,4,"Furniture","Furnishings","West","Home Office","Standard Class"
10.8136,38.62,0,2,6,"Office Supplies","Storage","East","Home Office","Standard Class"
-509.997,3059.982,0.4,3,2,"Technology","Machines","Central","Corporate","Second Class"
10.881,36.27,0,3,1,"Office Supplies","Appliances","Central","Corporate","First Class"
-81.94,163.88,0.5,4,5,"Furniture","Bookcases","East","Corporate","Standard Class"
-766.012,294.62,0.8,5,2,"Office Supplies","Appliances","Central","Consumer","Second Class"
2.376,5.28,0,1,2,"Office Supplies","Paper","South","Consumer","Second Class"
0,254.352,0.2,3,4,"Furniture","Furnishings","East","Corporate","Standard Class"
-1.5936,5.312,0.6,2,2,"Furniture","Furnishings","Central","Consumer","Second Class"
24.882,207.35,0,5,2,"Furniture","Furnishings","West","Corporate","First Class"
5.798,231.92,0.2,5,3,"Furniture","Bookcases","South","Corporate","Second Class"
1.1775,23.55,0,5,4,"Office Supplies","Fasteners","Central","Home Office","Standard Class"
6.4128,13.36,0,2,3,"Office Supplies","Paper","West","Consumer","Second Class"
17.3488,49.568,0.2,2,3,"Office Supplies","Binders","West","Consumer","First Class"
140.391,467.97,0,3,6,"Technology","Phones","South","Consumer","Standard Class"
106.5216,221.92,0,4,4,"Office Supplies","Paper","East","Corporate","Second Class"
4.2816,14.272,0.2,8,6,"Furniture","Furnishings","South","Consumer","Standard Class"
1.656,20.7,0,3,5,"Technology","Accessories","South","Corporate","Standard Class"
5.083,29.9,0,5,5,"Office Supplies","Storage","East","Consumer","Standard Class"
125.198,1001.584,0.2,2,4,"Technology","Phones","Central","Home Office","Second Class"
2.8296,10.48,0,1,4,"Office Supplies","Storage","West","Consumer","Standard Class"
35.985,287.88,0.2,3,3,"Technology","Phones","Central","Corporate","Second Class"
11.5432,24.56,0,2,4,"Office Supplies","Paper","East","Consumer","Standard Class"
12.2465,174.95,0,5,7,"Technology","Accessories","West","Consumer","Standard Class"
1.7876,4.36,0,2,1,"Office Supplies","Fasteners","West","Consumer","First Class"
2.5893,29.592,0.2,1,3,"Technology","Phones","West","Consumer","Second Class"
3.2064,6.68,0,1,0,"Office Supplies","Paper","East","Consumer","Same Day"
770.352,2567.84,0,8,4,"Furniture","Chairs","Central","Consumer","Standard Class"
-32.48,12.992,0.8,2,5,"Office Supplies","Appliances","Central","Consumer","Standard Class"
1.1225,3.592,0.2,1,4,"Office Supplies","Binders","East","Consumer","Standard Class"
21.9978,79.992,0.2,1,4,"Technology","Accessories","South","Consumer","Second Class"
12.838,26.2,0,2,3,"Office Supplies","Paper","East","Corporate","Second Class"
8.7906,17.94,0,3,6,"Office Supplies","Paper","West","Consumer","Standard Class"
-4.1832,5.229,0.7,3,5,"Office Supplies","Binders","East","Consumer","Standard Class"
-337.806,1801.632,0.2,6,3,"Office Supplies","Storage","East","Corporate","Second Class"
9.4284,27.936,0.2,4,5,"Office Supplies","Binders","West","Corporate","Second Class"
6.7966,19.99,0,1,4,"Technology","Accessories","East","Corporate","Second Class"
14.098,239.666,0.15,2,4,"Furniture","Bookcases","West","Consumer","Second Class"
8.991,19.98,0,2,3,"Office Supplies","Paper","Central","Corporate","Second Class"
33.2156,301.96,0,2,2,"Furniture","Chairs","South","Consumer","Second Class"
7.0512,21.696,0.2,4,5,"Office Supplies","Paper","East","Consumer","Second Class"
55.912,192.8,0,4,0,"Office Supplies","Art","West","Consumer","Same Day"
-45.9954,59.994,0.7,2,3,"Technology","Machines","West","Corporate","Second Class"
176.1708,677.58,0,3,2,"Technology","Phones","East","Consumer","Second Class"
10.2588,273.568,0.2,2,2,"Furniture","Tables","West","Corporate","Second Class"
7.9896,33.29,0,1,0,"Office Supplies","Storage","Central","Corporate","Same Day"
1.7055,9.096,0.2,1,6,"Technology","Accessories","East","Corporate","Standard Class"
10.4875,41.95,0,5,6,"Office Supplies","Appliances","East","Home Office","Standard Class"
2.528,7.9,0,2,2,"Office Supplies","Fasteners","West","Home Office","First Class"
30.2232,107.94,0,6,5,"Office Supplies","Art","West","Home Office","Standard Class"
-3.3488,4.368,0.7,7,7,"Office Supplies","Binders","West","Consumer","Standard Class"
-123.998,743.988,0.4,2,3,"Technology","Phones","East","Home Office","Second Class"
1.5048,4.18,0,1,6,"Furniture","Furnishings","West","Home Office","Standard Class"
569.9905,2399.96,0.2,5,4,"Technology","Copiers","Central","Corporate","Standard Class"
56.9772,116.28,0,3,2,"Office Supplies","Paper","West","Corporate","Second Class"
5.664,11.8,0,4,4,"Office Supplies","Envelopes","West","Consumer","Second Class"
231.4116,1652.94,0,3,4,"Furniture","Tables","Central","Corporate","Standard Class"
6.7252,14.62,0,2,4,"Office Supplies","Paper","East","Consumer","Standard Class"
5.9712,59.712,0.2,6,4,"Office Supplies","Storage","East","Corporate","Standard Class"
219.5088,783.96,0,4,4,"Technology","Phones","East","Consumer","Standard Class"
1995.99,3991.98,0,2,5,"Technology","Machines","East","Home Office","Standard Class"
27.7182,246.384,0.2,2,2,"Technology","Phones","West","Consumer","Second Class"
8.6736,33.36,0,4,4,"Office Supplies","Supplies","West","Consumer","Standard Class"
2.478,7.08,0.2,3,4,"Office Supplies","Envelopes","Central","Consumer","Standard Class"
36.225,289.8,0.2,7,2,"Furniture","Furnishings","East","Consumer","First Class"
1270.99,2541.98,0,2,6,"Office Supplies","Binders","East","Consumer","Standard Class"
9.2178,27.312,0.2,2,6,"Office Supplies","Envelopes","South","Consumer","Standard Class"
23.988,119.94,0,3,4,"Furniture","Furnishings","West","Consumer","Standard Class"
85.9818,182.94,0,3,5,"Office Supplies","Envelopes","South","Corporate","Second Class"
137.264,600.53,0.3,2,5,"Technology","Machines","Central","Home Office","Second Class"
134.9925,539.97,0,3,4,"Technology","Phones","East","Consumer","Standard Class"
14.17,54.5,0,5,7,"Office Supplies","Storage","Central","Consumer","Standard Class"
3.7996,8.26,0,2,2,"Office Supplies","Art","West","Corporate","Second Class"
52.49,104.98,0,2,3,"Technology","Phones","East","Home Office","Second Class"
4.1756,16.06,0,1,5,"Office Supplies","Storage","West","Corporate","Second Class"
14.5614,104.01,0,1,2,"Furniture","Furnishings","South","Consumer","Second Class"
0.2792,13.96,0,2,0,"Office Supplies","Storage","East","Consumer","Same Day"
-559.356,399.54,0.7,4,6,"Technology","Machines","East","Corporate","Standard Class"
-4.196,6.294,0.7,1,4,"Office Supplies","Binders","East","Consumer","Standard Class"
-938.28,703.71,0.7,6,1,"Technology","Machines","West","Home Office","First Class"
8.0464,17.12,0,2,1,"Office Supplies","Paper","West","Corporate","First Class"
35.099,280.792,0.2,1,1,"Furniture","Chairs","West","Home Office","First Class"
9.5032,108.608,0.2,4,1,"Furniture","Chairs","West","Consumer","First Class"
3.3524,9.248,0.2,2,2,"Office Supplies","Paper","Central","Corporate","First Class"
16.146,35.88,0,6,6,"Office Supplies","Paper","Central","Consumer","Standard Class"
3.2352,10.11,0,3,4,"Furniture","Furnishings","West","Consumer","Standard Class"
7.196,71.96,0.2,5,2,"Technology","Phones","West","Corporate","First Class"
26.3912,95.968,0.2,4,6,"Technology","Accessories","Central","Corporate","Standard Class"
54.3438,129.39,0,3,7,"Furniture","Furnishings","West","Consumer","Standard Class"
5.0232,14.352,0.2,3,1,"Office Supplies","Binders","West","Consumer","Same Day"
1.999,39.98,0,2,5,"Technology","Phones","East","Corporate","Standard Class"
57.5928,159.98,0,2,5,"Technology","Accessories","East","Consumer","Standard Class"
34.692,247.8,0,4,3,"Technology","Accessories","East","Consumer","First Class"
-3.5325,18.84,0.2,5,4,"Office Supplies","Fasteners","Central","Consumer","Standard Class"
-27.7158,118.782,0.4,3,5,"Technology","Phones","East","Corporate","Standard Class"
8.2992,19.76,0,4,4,"Furniture","Furnishings","West","Consumer","Standard Class"
46.5432,113.52,0,4,0,"Technology","Accessories","Central","Consumer","Same Day"
-5.176,7.764,0.7,4,4,"Office Supplies","Binders","South","Consumer","Second Class"
92.5056,192.72,0,11,2,"Office Supplies","Paper","West","Corporate","First Class"
3.0212,9.296,0.2,2,1,"Office Supplies","Binders","West","Home Office","First Class"
3.21,10.272,0.2,3,4,"Office Supplies","Paper","East","Corporate","Standard Class"
-8.1675,72.6,0.2,5,7,"Technology","Accessories","South","Consumer","Standard Class"
33.3102,100.94,0,7,4,"Office Supplies","Appliances","East","Consumer","Standard Class"
20.388,203.88,0.2,5,6,"Office Supplies","Appliances","West","Corporate","Standard Class"
56.3528,194.32,0,4,3,"Office Supplies","Appliances","South","Consumer","First Class"
0.8994,11.992,0.2,1,2,"Technology","Phones","Central","Consumer","Second Class"
35.985,71.97,0,3,4,"Office Supplies","Envelopes","West","Consumer","Standard Class"
27.9936,58.32,0,9,0,"Office Supplies","Paper","South","Home Office","Same Day"
14.896,53.2,0,5,6,"Furniture","Furnishings","West","Consumer","Standard Class"
6.0025,68.6,0.2,5,4,"Office Supplies","Storage","Central","Consumer","Standard Class"
9.8901,36.63,0,3,5,"Office Supplies","Storage","Central","Consumer","Standard Class"
75.6952,270.34,0,14,5,"Office Supplies","Storage","West","Home Office","Second Class"
-23.7822,128.058,0.3,3,4,"Furniture","Chairs","Central","Consumer","Standard Class"
25.1944,71.984,0.2,2,6,"Technology","Phones","South","Corporate","Standard Class"
-44.1462,57.582,0.7,3,5,"Office Supplies","Binders","South","Corporate","Standard Class"
22.0947,47.01,0,3,3,"Office Supplies","Envelopes","East","Corporate","First Class"
23.9169,48.81,0,3,4,"Office Supplies","Binders","South","Consumer","Standard Class"
3.3408,11.52,0,4,5,"Office Supplies","Art","East","Corporate","Standard Class"
10.5084,25.02,0,3,2,"Furniture","Furnishings","West","Home Office","Second Class"
13.604,71.6,0,8,5,"Technology","Accessories","East","Consumer","Second Class"
250.305,1137.75,0,5,6,"Furniture","Tables","West","Home Office","Standard Class"
-23.364,124.608,0.2,4,4,"Office Supplies","Storage","East","Home Office","Standard Class"
13.959,41.36,0.2,5,7,"Office Supplies","Binders","West","Consumer","Standard Class"
107.9892,479.952,0.2,6,2,"Technology","Accessories","East","Consumer","Second Class"
4.1148,12.192,0.2,3,4,"Office Supplies","Paper","East","Consumer","Standard Class"
9.8784,20.16,0,7,4,"Office Supplies","Labels","West","Home Office","Standard Class"
-337.638,482.34,0.7,4,4,"Technology","Machines","East","Corporate","Standard Class"
27.9936,58.32,0,9,3,"Office Supplies","Paper","West","Consumer","First Class"
27.9108,372.144,0.2,3,2,"Office Supplies","Storage","Central","Consumer","Second Class"
12.1728,38.04,0,2,1,"Technology","Accessories","Central","Consumer","First Class"
1.3992,18.656,0.2,2,0,"Office Supplies","Art","East","Corporate","Same Day"
4.4088,10.02,0,3,7,"Furniture","Furnishings","East","Corporate","Standard Class"
3.6288,10.368,0.2,2,0,"Office Supplies","Paper","East","Consumer","Same Day"
3.1104,6.48,0,1,4,"Office Supplies","Paper","West","Consumer","Standard Class"
-121.58,48.632,0.8,2,4,"Office Supplies","Appliances","Central","Corporate","Standard Class"
4.2804,11.808,0.2,2,3,"Office Supplies","Binders","West","Home Office","First Class"
4.4892,15.48,0,3,4,"Office Supplies","Art","East","Home Office","Standard Class"
406.7154,1564.29,0,13,4,"Office Supplies","Storage","East","Corporate","Standard Class"
-26.726,34.86,0.7,2,4,"Office Supplies","Binders","South","Home Office","Standard Class"
-7.9634,10.984,0.6,2,4,"Furniture","Furnishings","Central","Consumer","Standard Class"
6.2208,12.96,0,2,1,"Office Supplies","Paper","South","Consumer","First Class"
-0.7128,3.168,0.2,2,2,"Office Supplies","Fasteners","East","Home Office","First Class"
118.293,946.344,0.2,7,3,"Technology","Phones","Central","Corporate","First Class"
3.1806,13.392,0.2,3,5,"Office Supplies","Art","East","Corporate","Standard Class"
-92.6955,370.782,0.4,3,0,"Technology","Phones","East","Corporate","Same Day"
293.9804,1049.93,0,7,6,"Technology","Phones","South","Consumer","Standard Class"
3.8073,43.512,0.2,7,5,"Office Supplies","Appliances","South","Consumer","Standard Class"
4.0749,8.67,0,3,4,"Office Supplies","Labels","East","Corporate","Second Class"
5.751,12.78,0,1,2,"Office Supplies","Envelopes","West","Home Office","Second Class"
5.1012,15.696,0.2,3,2,"Office Supplies","Paper","East","Consumer","First Class"
15.5288,33.04,0,8,4,"Office Supplies","Binders","Central","Corporate","Standard Class"
33.642,120.15,0,9,7,"Office Supplies","Art","West","Consumer","Standard Class"
2.5592,7.312,0.2,2,6,"Office Supplies","Binders","West","Corporate","Standard Class"
18.522,68.6,0,4,5,"Office Supplies","Storage","East","Consumer","Standard Class"
4.044,53.92,0.2,5,6,"Office Supplies","Storage","Central","Corporate","Standard Class"
40.1702,81.98,0,2,5,"Office Supplies","Paper","West","Home Office","Standard Class"
33.93,90.48,0.2,3,1,"Office Supplies","Binders","West","Home Office","First Class"
4.9608,12.72,0,3,4,"Office Supplies","Art","South","Home Office","Standard Class"
5.4488,11.12,0,4,4,"Office Supplies","Binders","East","Corporate","Standard Class"
9.158,24.1,0,5,6,"Furniture","Furnishings","South","Consumer","Standard Class"
0,528.43,0.3,5,1,"Furniture","Chairs","Central","Corporate","First Class"
18.6624,38.88,0,6,2,"Office Supplies","Paper","East","Consumer","Second Class"
59.998,479.984,0.2,2,5,"Technology","Copiers","East","Consumer","Standard Class"
11.68,23.36,0,2,7,"Office Supplies","Envelopes","West","Corporate","Standard Class"
34.993,99.98,0,2,1,"Technology","Accessories","West","Consumer","First Class"
13.984,30.4,0,1,4,"Office Supplies","Binders","East","Home Office","Standard Class"
21.1428,563.808,0.2,4,1,"Office Supplies","Storage","South","Corporate","First Class"
36.7173,135.99,0,1,6,"Technology","Phones","East","Corporate","Standard Class"
30.735,122.94,0,3,5,"Office Supplies","Appliances","East","Consumer","Standard Class"
-5.8496,3.656,0.8,4,5,"Office Supplies","Binders","Central","Consumer","Standard Class"
-14.8704,520.464,0.3,2,0,"Furniture","Chairs","Central","Consumer","Same Day"
8.7145,697.16,0.2,5,3,"Furniture","Tables","West","Consumer","Second Class"
-6.098,97.568,0.2,2,5,"Furniture","Chairs","West","Corporate","Standard Class"
2.3814,21.168,0.2,9,4,"Office Supplies","Art","East","Consumer","Standard Class"
-11.9616,14.952,0.7,2,5,"Office Supplies","Binders","East","Consumer","Standard Class"
503.7822,1737.18,0,6,4,"Office Supplies","Appliances","East","Corporate","Standard Class"
9.768,39.072,0.2,6,4,"Office Supplies","Art","South","Corporate","Standard Class"
140.5482,540.57,0,3,5,"Office Supplies","Storage","West","Consumer","Standard Class"
-90.2484,83.952,0.6,3,6,"Furniture","Furnishings","Central","Home Office","Standard Class"
18.2112,37.94,0,2,7,"Office Supplies","Paper","West","Corporate","Standard Class"
1.0738,3.304,0.2,1,4,"Office Supplies","Labels","East","Consumer","Standard Class"
9.25,29.6,0.2,5,6,"Office Supplies","Paper","West","Corporate","Standard Class"
2.299,114.95,0,5,4,"Technology","Phones","Central","Home Office","Second Class"
335.8548,1158.12,0,4,4,"Office Supplies","Appliances","West","Corporate","Standard Class"
272.9825,1091.93,0,7,4,"Technology","Phones","East","Corporate","Standard Class"
141.1644,542.94,0,3,6,"Furniture","Chairs","East","Corporate","Standard Class"
3.6322,13.97,0,1,2,"Office Supplies","Appliances","West","Consumer","First Class"
10.5754,36.784,0.2,2,5,"Technology","Accessories","East","Home Office","Standard Class"
4.6644,14.352,0.2,3,5,"Office Supplies","Binders","East","Consumer","Standard Class"
33.93,90.48,0.2,3,6,"Office Supplies","Binders","West","Corporate","Standard Class"
33.1584,120.576,0.2,8,4,"Furniture","Furnishings","West","Consumer","Standard Class"
45.8136,169.68,0,6,3,"Office Supplies","Storage","West","Consumer","First Class"
85.176,482.664,0.15,8,2,"Furniture","Bookcases","West","Corporate","First Class"
12.6813,30.93,0,1,3,"Furniture","Furnishings","West","Consumer","Second Class"
29.799,113.52,0.2,5,3,"Technology","Accessories","Central","Corporate","First Class"
44.4704,171.04,0,4,0,"Office Supplies","Storage","Central","Home Office","Same Day"
3.0498,17.94,0,3,5,"Office Supplies","Storage","East","Consumer","Standard Class"
13.452,35.4,0,5,4,"Office Supplies","Art","South","Home Office","Standard Class"
3.6018,7.83,0,3,0,"Office Supplies","Labels","West","Consumer","Same Day"
117.432,335.52,0.2,4,4,"Office Supplies","Paper","Central","Consumer","Standard Class"
5.4432,15.552,0.2,3,4,"Office Supplies","Paper","Central","Corporate","Standard Class"
-21.294,113.568,0.2,2,6,"Office Supplies","Storage","South","Corporate","Standard Class"
373.779,1779.9,0,5,0,"Furniture","Chairs","East","Corporate","Same Day"
3.58,7.16,0,2,5,"Office Supplies","Fasteners","West","Corporate","Standard Class"
41.2938,152.94,0,3,4,"Office Supplies","Appliances","South","Consumer","Standard Class"
240.5648,511.84,0,8,5,"Office Supplies","Binders","South","Home Office","Standard Class"
17.37,34.74,0,3,5,"Office Supplies","Envelopes","East","Corporate","Standard Class"
55.9986,479.988,0.4,2,4,"Technology","Machines","Central","Corporate","Standard Class"
18.3264,39.84,0,8,6,"Office Supplies","Labels","West","Consumer","Standard Class"
72.358,283.14,0.1,4,6,"Office Supplies","Appliances","Central","Consumer","Standard Class"
41.697,555.96,0.2,5,4,"Technology","Phones","West","Home Office","Standard Class"
2.214,4.92,0,3,4,"Office Supplies","Art","East","Corporate","Standard Class"
11.7782,25.06,0,2,5,"Office Supplies","Labels","South","Consumer","Standard Class"
47.98,383.84,0.2,4,4,"Technology","Phones","Central","Consumer","Standard Class"
121.4416,247.84,0,8,2,"Office Supplies","Envelopes","East","Corporate","Second Class"
-6.3018,2.334,0.8,3,6,"Office Supplies","Appliances","Central","Consumer","Standard Class"
0.0636,6.36,0,2,7,"Office Supplies","Supplies","East","Consumer","Standard Class"
8.4966,49.98,0,2,4,"Technology","Accessories","West","Consumer","Standard Class"
10.7301,22.83,0,3,4,"Office Supplies","Paper","West","Consumer","Standard Class"
-34.647,138.588,0.4,1,3,"Furniture","Tables","East","Consumer","Second Class"
215.1198,1024.38,0,7,4,"Furniture","Tables","Central","Consumer","Standard Class"
80.3682,892.98,0,2,3,"Furniture","Tables","West","Corporate","First Class"
10.788,107.88,0.2,3,5,"Technology","Phones","West","Corporate","Standard Class"
3.7408,10.688,0.2,2,2,"Office Supplies","Paper","Central","Corporate","First Class"
15.552,32.4,0,5,2,"Office Supplies","Paper","West","Home Office","First Class"
16.544,35.2,0,5,2,"Office Supplies","Paper","West","Consumer","First Class"
5.8704,78.272,0.2,2,7,"Office Supplies","Appliances","West","Home Office","Standard Class"
601.9699,1399.93,0,7,4,"Technology","Accessories","East","Consumer","Standard Class"
1.45,23.2,0.2,2,5,"Technology","Accessories","West","Consumer","Second Class"
4.914,15.12,0.2,5,3,"Office Supplies","Fasteners","Central","Corporate","Second Class"
8.7906,17.94,0,3,2,"Office Supplies","Paper","South","Consumer","Second Class"
20.975,83.9,0,10,3,"Office Supplies","Appliances","Central","Consumer","First Class"
148.704,1487.04,0.2,5,6,"Furniture","Chairs","West","Consumer","Standard Class"
5.2029,11.07,0,3,1,"Office Supplies","Labels","South","Consumer","First Class"
1.4672,16.768,0.2,2,4,"Office Supplies","Storage","East","Consumer","Standard Class"
0.4074,40.74,0,3,5,"Office Supplies","Storage","West","Home Office","Second Class"
-35.046,186.912,0.2,6,4,"Office Supplies","Storage","East","Corporate","Standard Class"
60.4768,604.768,0.2,4,3,"Technology","Phones","West","Home Office","First Class"
99.23,198.46,0,2,7,"Furniture","Furnishings","West","Consumer","Standard Class"
10.7912,22.96,0,2,4,"Office Supplies","Fasteners","West","Consumer","Standard Class"
-21.6144,27.018,0.7,6,4,"Office Supplies","Binders","South","Corporate","Standard Class"
57.5904,119.98,0,2,5,"Technology","Accessories","West","Consumer","Second Class"
8.2944,25.92,0,4,2,"Office Supplies","Art","Central","Consumer","Second Class"
-7.4416,37.208,0.2,1,4,"Office Supplies","Storage","East","Corporate","Standard Class"
11.2422,27.42,0,1,4,"Furniture","Furnishings","East","Consumer","Standard Class"
420.588,3785.292,0.1,6,5,"Furniture","Chairs","East","Consumer","Second Class"
0,254.352,0.2,3,4,"Furniture","Furnishings","East","Home Office","Standard Class"
56.9772,116.28,0,3,2,"Office Supplies","Paper","Central","Corporate","Second Class"
7.2298,19.54,0,2,4,"Furniture","Furnishings","West","Home Office","Standard Class"
-21.888,27.36,0.7,3,0,"Office Supplies","Binders","East","Consumer","Same Day"
6.47,12.94,0,2,5,"Office Supplies","Binders","Central","Consumer","Standard Class"
-20.245,56.686,0.3,1,4,"Furniture","Chairs","Central","Corporate","Second Class"
6.2208,12.96,0,2,4,"Office Supplies","Paper","East","Corporate","Standard Class"
0,122.48,0,2,1,"Office Supplies","Storage","South","Home Office","First Class"
9.499,20.65,0,5,6,"Office Supplies","Labels","West","Consumer","Standard Class"
3.942,11.68,0.2,2,1,"Office Supplies","Binders","West","Consumer","First Class"
4.0995,9.11,0,1,4,"Office Supplies","Paper","South","Consumer","Standard Class"
0.4068,40.68,0,2,6,"Office Supplies","Storage","West","Consumer","Standard Class"
30.996,82.656,0.2,9,5,"Office Supplies","Paper","Central","Corporate","Standard Class"
-182.637,1123.92,0.2,5,1,"Furniture","Chairs","South","Corporate","First Class"
1.8144,5.184,0.2,1,5,"Office Supplies","Paper","Central","Consumer","Standard Class"
6.975,27.9,0,5,5,"Office Supplies","Art","South","Consumer","Second Class"
-9.7902,41.958,0.4,7,4,"Technology","Phones","East","Home Office","Standard Class"
5.8696,12.76,0,2,5,"Office Supplies","Binders","East","Consumer","Second Class"
3.2352,10.11,0,3,3,"Furniture","Furnishings","West","Consumer","First Class"
2.808,8.32,0.2,5,1,"Office Supplies","Binders","West","Consumer","First Class"
-1.8904,1.112,0.8,2,0,"Office Supplies","Binders","Central","Consumer","Same Day"
26.824,76.64,0.2,2,6,"Office Supplies","Paper","Central","Consumer","Standard Class"
-81.664,445.44,0.4,8,2,"Technology","Phones","East","Home Office","Second Class"
-4.1712,5.214,0.7,2,6,"Office Supplies","Binders","West","Corporate","Standard Class"
15.552,32.4,0,5,1,"Office Supplies","Paper","East","Consumer","First Class"
5.3214,10.86,0,2,1,"Office Supplies","Paper","West","Corporate","Same Day"
56.196,449.568,0.2,2,5,"Furniture","Bookcases","East","Consumer","Standard Class"
109.422,364.74,0,3,5,"Office Supplies","Appliances","Central","Home Office","Standard Class"
1.5768,4.672,0.2,1,4,"Office Supplies","Art","East","Corporate","Standard Class"
240.8595,491.55,0,5,5,"Office Supplies","Labels","Central","Corporate","Second Class"
25.198,403.168,0.2,4,4,"Technology","Phones","West","Corporate","Standard Class"
10.875,43.5,0,3,2,"Technology","Accessories","West","Consumer","Second Class"
7.7679,88.776,0.2,3,5,"Technology","Phones","West","Consumer","Standard Class"
-0.7748,4.768,0.2,2,6,"Office Supplies","Storage","South","Home Office","Standard Class"
0.3112,31.12,0,4,4,"Office Supplies","Fasteners","South","Home Office","Standard Class"
32.396,99.68,0.2,5,6,"Office Supplies","Binders","West","Home Office","Standard Class"
1.4456,5.56,0,2,5,"Office Supplies","Art","Central","Home Office","Standard Class"
-38.2158,191.079,0.3,3,4,"Furniture","Chairs","Central","Consumer","Standard Class"
4.536,9.45,0,3,6,"Office Supplies","Labels","East","Consumer","Standard Class"
-2.5128,11.168,0.2,2,4,"Office Supplies","Storage","East","Consumer","Standard Class"
27.0112,58.72,0,4,2,"Office Supplies","Binders","South","Consumer","Second Class"
-11.5872,6.816,0.8,2,1,"Office Supplies","Binders","Central","Corporate","First Class"
129.294,2154.9,0,5,4,"Furniture","Bookcases","East","Consumer","Standard Class"
0.666,2.22,0,1,1,"Office Supplies","Appliances","East","Corporate","First Class"
7.8936,20.24,0,1,5,"Furniture","Furnishings","West","Consumer","Standard Class"
42.9914,99.98,0,2,7,"Technology","Accessories","Central","Consumer","Standard Class"
124.68,831.2,0,5,5,"Technology","Accessories","Central","Consumer","Second Class"
72.8088,158.28,0,6,5,"Office Supplies","Paper","Central","Corporate","Standard Class"
12.4416,25.92,0,4,3,"Office Supplies","Paper","East","Consumer","First Class"
60.356,754.45,0,5,4,"Furniture","Chairs","Central","Consumer","Standard Class"
6.2424,18.496,0.2,8,4,"Office Supplies","Labels","East","Home Office","Second Class"
117.6147,348.488,0.2,7,2,"Office Supplies","Envelopes","East","Corporate","First Class"
3.5994,47.992,0.2,7,6,"Office Supplies","Supplies","West","Consumer","Standard Class"
62.916,128.4,0,3,4,"Office Supplies","Binders","East","Consumer","Standard Class"
3.6288,10.368,0.2,2,2,"Office Supplies","Paper","South","Consumer","Second Class"
78.1954,169.99,0,1,7,"Office Supplies","Binders","Central","Home Office","Standard Class"
2.8536,9.84,0,3,4,"Office Supplies","Art","West","Home Office","Standard Class"
-3.168,12.672,0.2,3,4,"Office Supplies","Storage","Central","Consumer","Standard Class"
2.5578,8.82,0,3,3,"Office Supplies","Art","West","Consumer","First Class"
23.4192,167.28,0,12,2,"Technology","Accessories","Central","Consumer","Second Class"
55.9224,155.34,0,6,2,"Technology","Accessories","Central","Consumer","Second Class"
36.2835,109.95,0,1,4,"Technology","Accessories","Central","Consumer","Standard Class"
38.725,123.92,0.2,5,4,"Office Supplies","Paper","East","Corporate","Standard Class"
-4.488,6.732,0.7,6,0,"Office Supplies","Binders","East","Consumer","Same Day"
20.2485,323.976,0.2,3,2,"Technology","Phones","Central","Consumer","First Class"
9.816,98.16,0,6,1,"Technology","Accessories","East","Consumer","First Class"
0.8388,11.184,0.2,1,6,"Office Supplies","Supplies","Central","Consumer","Standard Class"
3.2944,9.088,0.2,4,4,"Office Supplies","Binders","East","Home Office","Standard Class"
10.5252,21.48,0,6,5,"Office Supplies","Fasteners","East","Consumer","Standard Class"
-8.1312,11.088,0.7,7,0,"Office Supplies","Binders","West","Consumer","Same Day"
14.7668,40.736,0.2,2,4,"Office Supplies","Binders","West","Corporate","Standard Class"
4.7664,21.184,0.2,1,4,"Furniture","Furnishings","East","Corporate","Standard Class"
6.2244,14.82,0,3,5,"Furniture","Furnishings","East","Consumer","Standard Class"
2.3952,23.952,0.2,2,5,"Office Supplies","Storage","Central","Home Office","Standard Class"
-13.637,83.92,0.2,5,7,"Office Supplies","Storage","East","Consumer","Standard Class"
-14.5656,8.568,0.8,3,6,"Office Supplies","Binders","Central","Corporate","Standard Class"
8.997,71.976,0.2,3,2,"Technology","Phones","South","Home Office","Second Class"
3.2616,9.664,0.2,2,7,"Office Supplies","Paper","South","Home Office","Standard Class"
4.5816,9.96,0,2,6,"Office Supplies","Labels","West","Consumer","Standard Class"
34.2144,71.28,0,11,4,"Office Supplies","Paper","South","Consumer","Second Class"
-24.4764,122.382,0.4,3,4,"Technology","Phones","East","Consumer","Standard Class"
160.623,535.41,0,3,6,"Office Supplies","Storage","Central","Consumer","Standard Class"
8.2688,24.32,0,8,2,"Office Supplies","Art","Central","Consumer","Second Class"
1.5602,4.304,0.2,1,1,"Office Supplies","Binders","West","Home Office","Same Day"
3.7584,10.368,0.2,2,2,"Office Supplies","Paper","Central","Corporate","Second Class"
6.2608,14.56,0,2,5,"Furniture","Furnishings","East","Consumer","Standard Class"
-17.9424,22.428,0.7,3,2,"Office Supplies","Binders","East","Corporate","First Class"
0,276.28,0,2,3,"Office Supplies","Storage","West","Corporate","Second Class"
3.3725,14.2,0.2,1,4,"Technology","Accessories","East","Consumer","Standard Class"
1.1988,15.984,0.2,2,2,"Technology","Phones","West","Consumer","First Class"
4.5188,13.904,0.2,2,5,"Office Supplies","Binders","East","Consumer","Standard Class"
2.224,5.56,0,2,3,"Office Supplies","Art","East","Home Office","Second Class"
41.4276,90.06,0,6,4,"Office Supplies","Binders","South","Home Office","Standard Class"
8.2896,30.144,0.2,2,3,"Furniture","Furnishings","East","Home Office","First Class"
33.995,135.98,0,2,7,"Technology","Phones","South","Consumer","Standard Class"
30.2384,302.384,0.2,2,2,"Technology","Phones","West","Corporate","Second Class"
4.8525,15.528,0.2,3,5,"Office Supplies","Art","South","Home Office","Standard Class"
-21.0686,1474.802,0.3,7,4,"Furniture","Chairs","East","Consumer","Standard Class"
3.1104,6.48,0,1,5,"Office Supplies","Paper","West","Corporate","Standard Class"
-10.0372,13.092,0.7,4,4,"Office Supplies","Binders","South","Consumer","Standard Class"
13.6776,205.164,0.1,2,4,"Furniture","Chairs","East","Consumer","Standard Class"
13.7862,47.952,0.2,3,0,"Furniture","Furnishings","South","Consumer","Same Day"
14.4,30,0,6,7,"Office Supplies","Fasteners","South","Home Office","Standard Class"
11.49,91.92,0.2,5,5,"Office Supplies","Appliances","East","Consumer","Second Class"
10.8784,108.784,0.2,2,5,"Technology","Phones","South","Consumer","Standard Class"
21.5928,71.976,0.2,3,2,"Technology","Accessories","West","Consumer","First Class"
90.588,301.96,0,2,5,"Furniture","Chairs","South","Consumer","Second Class"
-6.237,3.564,0.8,3,4,"Office Supplies","Binders","Central","Consumer","Standard Class"
10.5072,31.84,0,8,4,"Office Supplies","Art","West","Home Office","Standard Class"
5.6644,11.56,0,2,4,"Office Supplies","Paper","West","Consumer","Second Class"
190.3728,559.92,0,8,6,"Technology","Accessories","West","Corporate","Standard Class"
4.6806,12.912,0.2,3,0,"Office Supplies","Binders","East","Consumer","Same Day"
-13.6152,8.784,0.8,4,1,"Office Supplies","Binders","Central","Consumer","First Class"
37.797,604.752,0.2,6,3,"Technology","Phones","West","Consumer","Second Class"
15.525,51.75,0,1,3,"Furniture","Furnishings","West","Consumer","First Class"
-4.7145,2.694,0.8,3,6,"Office Supplies","Binders","Central","Consumer","Standard Class"
2.5984,64.96,0,2,5,"Office Supplies","Storage","East","Consumer","Standard Class"
9.936,21.6,0,6,3,"Office Supplies","Paper","East","Consumer","Second Class"
30.4682,348.208,0.2,7,5,"Office Supplies","Storage","South","Home Office","Standard Class"
37.534,750.68,0,2,0,"Office Supplies","Storage","Central","Corporate","Same Day"
2.4402,4.98,0,1,4,"Office Supplies","Paper","South","Home Office","Standard Class"
19.1376,56.704,0.2,2,4,"Office Supplies","Paper","Central","Corporate","Standard Class"
-19.9824,26.064,0.7,6,4,"Office Supplies","Binders","East","Consumer","Second Class"
217.767,659.9,0,2,6,"Technology","Accessories","East","Consumer","Standard Class"
50.5632,210.68,0,2,4,"Furniture","Furnishings","East","Corporate","Second Class"
0.864,6.912,0.2,3,2,"Office Supplies","Art","Central","Corporate","First Class"
-75.8448,84.272,0.6,2,2,"Furniture","Furnishings","Central","Home Office","First Class"
10.8864,31.104,0.2,6,7,"Office Supplies","Paper","East","Consumer","Standard Class"
11.5971,39.99,0,1,2,"Technology","Phones","East","Consumer","Second Class"
185.997,1487.976,0.2,3,4,"Technology","Phones","West","Corporate","Standard Class"
1.2528,8.352,0.2,6,6,"Furniture","Furnishings","East","Corporate","Standard Class"
4.176,11.52,0.2,5,3,"Office Supplies","Binders","West","Consumer","Second Class"
12.96,72,0,4,2,"Technology","Accessories","West","Consumer","Second Class"
9.6632,20.56,0,2,5,"Office Supplies","Paper","West","Corporate","Second Class"
94.2784,942.784,0.2,4,3,"Office Supplies","Appliances","South","Corporate","First Class"
-7.008,35.04,0.2,4,4,"Technology","Phones","Central","Consumer","Standard Class"
3.9128,195.64,0,4,6,"Office Supplies","Storage","East","Consumer","Standard Class"
1.3677,2.91,0,1,5,"Furniture","Furnishings","Central","Consumer","Second Class"
629.01,1747.25,0,5,5,"Furniture","Tables","West","Consumer","Standard Class"
0.3024,7.56,0,6,6,"Office Supplies","Fasteners","East","Consumer","Standard Class"
40.97,163.88,0,2,4,"Furniture","Bookcases","West","Home Office","Standard Class"
27.2412,57.96,0,7,3,"Office Supplies","Envelopes","Central","Corporate","Second Class"
-34.0704,340.704,0.2,6,3,"Furniture","Chairs","West","Corporate","First Class"
6.5569,18.088,0.2,7,4,"Office Supplies","Binders","West","Consumer","Standard Class"
19.9746,73.98,0,2,4,"Technology","Phones","East","Consumer","Standard Class"
8.662,86.62,0,2,4,"Furniture","Furnishings","Central","Home Office","Standard Class"
40.3704,119.616,0.2,8,6,"Office Supplies","Binders","West","Consumer","Standard Class"
-0.2098,16.784,0.2,1,4,"Office Supplies","Storage","Central","Consumer","Standard Class"
0.7794,25.98,0,2,7,"Technology","Phones","East","Consumer","Standard Class"
16.1602,47.53,0,7,4,"Technology","Accessories","Central","Corporate","Standard Class"
9.3312,19.44,0,3,7,"Office Supplies","Paper","East","Home Office","Standard Class"
58.464,519.68,0.2,7,5,"Technology","Phones","South","Corporate","Standard Class"
6.5286,25.11,0,3,5,"Furniture","Furnishings","West","Consumer","Standard Class"
10.5504,37.68,0,2,3,"Office Supplies","Appliances","Central","Corporate","Second Class"
20.5842,70.98,0,1,4,"Furniture","Tables","West","Consumer","Standard Class"
25.1916,59.98,0,2,4,"Technology","Accessories","Central","Consumer","Standard Class"
6.2208,12.96,0,2,7,"Office Supplies","Paper","West","Corporate","Standard Class"
1.068,17.088,0.2,2,7,"Furniture","Furnishings","South","Consumer","Standard Class"
-5.9808,7.476,0.7,1,3,"Office Supplies","Binders","East","Corporate","Second Class"
30.0144,115.44,0,3,2,"Office Supplies","Storage","West","Consumer","First Class"
27.7911,82.344,0.2,3,4,"Office Supplies","Binders","East","Home Office","Standard Class"
13.2352,28.16,0,4,5,"Office Supplies","Paper","Central","Home Office","Standard Class"
-42.8,64.2,0.7,5,7,"Office Supplies","Binders","South","Consumer","Standard Class"
1.9024,6.56,0,2,4,"Office Supplies","Art","South","Consumer","Second Class"
7.1976,71.976,0.2,3,5,"Technology","Phones","West","Corporate","Second Class"
11.198,223.96,0.2,5,1,"Technology","Accessories","Central","Consumer","Same Day"
78.3888,279.96,0,4,0,"Technology","Phones","East","Consumer","Same Day"
13.3476,38.136,0.2,7,2,"Office Supplies","Binders","West","Consumer","Second Class"
346.0396,1504.52,0,4,1,"Furniture","Tables","South","Consumer","First Class"
23.1192,60.84,0,3,7,"Furniture","Furnishings","Central","Corporate","Standard Class"
4.1148,12.192,0.2,3,3,"Office Supplies","Paper","South","Consumer","Second Class"
2.99,11.96,0,2,4,"Office Supplies","Art","Central","Consumer","Standard Class"
24.1568,135.882,0.1,1,5,"Furniture","Chairs","East","Home Office","Standard Class"
52.532,114.2,0,5,4,"Office Supplies","Paper","South","Corporate","Standard Class"
-16.998,101.988,0.4,2,3,"Technology","Phones","East","Consumer","First Class"
19.0344,57.68,0,4,3,"Office Supplies","Appliances","West","Corporate","First Class"
25.792,99.2,0,5,4,"Office Supplies","Art","West","Corporate","Standard Class"
32.5376,79.36,0,4,5,"Office Supplies","Art","East","Consumer","Standard Class"
5.796,12.6,0,2,4,"Office Supplies","Labels","West","Home Office","Standard Class"
20.878,80.3,0,5,4,"Office Supplies","Storage","West","Corporate","Standard Class"
10.449,24.3,0,5,4,"Furniture","Furnishings","East","Corporate","Standard Class"
20.06,118,0,2,0,"Technology","Accessories","West","Consumer","Same Day"
3.2776,32.776,0.2,1,3,"Furniture","Furnishings","West","Home Office","First Class"
-10.05,12.06,0.7,5,7,"Office Supplies","Binders","South","Corporate","Standard Class"
290.3016,675.12,0,3,5,"Office Supplies","Appliances","South","Corporate","Standard Class"
6.2608,14.56,0,2,5,"Furniture","Furnishings","East","Consumer","Standard Class"
6.7236,25.86,0,3,5,"Office Supplies","Appliances","West","Corporate","Standard Class"
11.076,28.4,0,2,2,"Furniture","Furnishings","Central","Consumer","First Class"
47.46,126.56,0.2,4,1,"Technology","Phones","West","Consumer","First Class"
1.1765,7.24,0.2,5,4,"Office Supplies","Fasteners","South","Corporate","Standard Class"
5.5992,55.992,0.2,1,4,"Technology","Phones","Central","Consumer","Standard Class"
12.4416,25.92,0,4,3,"Office Supplies","Paper","East","Consumer","First Class"
11.1664,39.88,0,2,6,"Furniture","Furnishings","West","Consumer","Standard Class"
3.546,15.76,0.2,2,4,"Office Supplies","Art","East","Consumer","Standard Class"
13.1985,62.85,0,3,5,"Technology","Accessories","West","Home Office","Standard Class"
-2.6025,13.88,0.2,5,5,"Office Supplies","Supplies","West","Consumer","Standard Class"
-1.041,5.552,0.2,2,4,"Office Supplies","Supplies","South","Home Office","Standard Class"
46.116,109.8,0,9,4,"Furniture","Furnishings","South","Home Office","Standard Class"
-12.9568,64.784,0.2,1,6,"Office Supplies","Storage","South","Home Office","Standard Class"
8.6855,29.95,0,5,2,"Office Supplies","Art","East","Home Office","First Class"
6.8768,24.56,0,2,4,"Office Supplies","Storage","Central","Home Office","Standard Class"
-2.134,7.76,0.6,1,5,"Furniture","Furnishings","Central","Consumer","Second Class"
2.244,5.984,0.2,2,4,"Office Supplies","Binders","West","Corporate","Second Class"
-8.904,5.936,0.8,7,5,"Office Supplies","Binders","Central","Corporate","Standard Class"
4.5837,13.89,0,3,2,"Office Supplies","Art","Central","Consumer","Second Class"
4.2804,14.76,0,2,7,"Furniture","Furnishings","West","Consumer","Standard Class"
7.106,18.7,0,1,5,"Furniture","Furnishings","West","Consumer","Standard Class"
5.8045,12.35,0,5,4,"Office Supplies","Fasteners","West","Home Office","Standard Class"
53.55,252,0.2,5,3,"Technology","Accessories","East","Consumer","First Class"
244.6155,1287.45,0,5,7,"Technology","Accessories","West","Corporate","Standard Class"
23.6529,57.69,0,3,5,"Furniture","Furnishings","Central","Consumer","Second Class"
29.364,78.304,0.2,2,3,"Office Supplies","Paper","Central","Corporate","First Class"
-65.568,40.98,0.8,5,7,"Office Supplies","Binders","Central","Consumer","Standard Class"
37.0782,329.584,0.2,2,6,"Technology","Phones","Central","Corporate","Standard Class"
26.9526,74.352,0.2,3,2,"Office Supplies","Envelopes","Central","Corporate","First Class"
17.8066,38.71,0,7,3,"Office Supplies","Binders","South","Consumer","First Class"
-31.8612,30.344,0.6,2,2,"Furniture","Furnishings","Central","Consumer","Second Class"
7.264,58.112,0.2,2,0,"Technology","Accessories","East","Consumer","Same Day"
3.2214,9.912,0.2,3,5,"Office Supplies","Art","Central","Home Office","Second Class"
6.9732,21.456,0.2,9,3,"Office Supplies","Fasteners","East","Corporate","First Class"
5.3898,269.49,0,3,3,"Office Supplies","Storage","South","Consumer","Second Class"
20.586,43.8,0,6,4,"Office Supplies","Binders","East","Consumer","Second Class"
23.2182,206.384,0.2,2,4,"Technology","Phones","West","Home Office","Standard Class"
4.6548,41.376,0.2,3,4,"Office Supplies","Supplies","South","Corporate","Standard Class"
3.852,8.56,0,2,6,"Office Supplies","Paper","Central","Consumer","Standard Class"
11.094,88.752,0.2,3,6,"Technology","Phones","West","Corporate","Standard Class"
7.4925,23.976,0.2,3,2,"Office Supplies","Paper","East","Consumer","Second Class"
37.9848,77.52,0,2,4,"Office Supplies","Paper","East","Consumer","Second Class"
35.76,572.16,0.2,3,4,"Furniture","Chairs","West","Consumer","Standard Class"
33.2544,69.28,0,2,3,"Office Supplies","Binders","East","Home Office","First Class"
0.9952,9.952,0.2,1,4,"Office Supplies","Storage","South","Consumer","Second Class"
1.5795,14.04,0.2,3,4,"Office Supplies","Art","West","Consumer","Standard Class"
15.6426,53.94,0,3,4,"Office Supplies","Art","West","Consumer","Second Class"
15.4752,59.52,0,3,5,"Office Supplies","Art","East","Corporate","Standard Class"
5.1184,14.624,0.2,2,3,"Office Supplies","Binders","West","Consumer","Second Class"
2.3328,6.912,0.2,3,2,"Office Supplies","Fasteners","South","Consumer","Second Class"
21.06,46.8,0,4,4,"Office Supplies","Binders","Central","Consumer","Standard Class"
-2.7968,3.648,0.7,2,3,"Office Supplies","Binders","East","Consumer","Second Class"
7.8166,45.98,0,1,3,"Furniture","Furnishings","East","Corporate","Second Class"
41.2237,87.71,0,7,5,"Office Supplies","Labels","West","Consumer","Second Class"
58.42,292.1,0,2,2,"Furniture","Tables","South","Consumer","Second Class"
54.4008,725.344,0.2,4,4,"Furniture","Chairs","West","Consumer","Standard Class"
45.528,94.85,0,5,6,"Office Supplies","Paper","East","Corporate","Standard Class"
3.6288,10.368,0.2,2,6,"Office Supplies","Paper","South","Consumer","Standard Class"
485.9892,1439.968,0.2,4,4,"Technology","Copiers","Central","Consumer","Standard Class"
204.0714,604.656,0.2,9,7,"Office Supplies","Envelopes","Central","Consumer","Standard Class"
3.9771,11.784,0.2,3,6,"Office Supplies","Binders","East","Consumer","Standard Class"
-8.2764,36.784,0.2,2,7,"Technology","Phones","West","Corporate","Standard Class"
22.9488,81.96,0,2,4,"Office Supplies","Appliances","Central","Consumer","Standard Class"
36.1836,78.66,0,6,6,"Technology","Machines","East","Corporate","Standard Class"
5.7624,11.76,0,2,7,"Office Supplies","Paper","West","Home Office","Standard Class"
-14.7708,8.952,0.8,2,4,"Office Supplies","Binders","Central","Consumer","Second Class"
4.4604,25.488,0.2,2,4,"Technology","Accessories","Central","Consumer","Standard Class"
113.211,251.58,0,7,6,"Office Supplies","Envelopes","South","Consumer","Standard Class"
0.7776,2.304,0.2,1,5,"Office Supplies","Fasteners","Central","Consumer","Standard Class"
6.9888,14.56,0,2,1,"Office Supplies","Paper","East","Consumer","First Class"
19.755,52.68,0.2,3,6,"Technology","Phones","Central","Home Office","Standard Class"
-5.8346,408.422,0.3,2,4,"Furniture","Chairs","Central","Consumer","Standard Class"
-19.1058,218.352,0.2,3,3,"Furniture","Chairs","South","Corporate","Second Class"
1.062,14.16,0.2,1,2,"Office Supplies","Storage","Central","Corporate","Second Class"
1.3536,2.88,0,1,2,"Office Supplies","Fasteners","West","Consumer","Second Class"
162.864,361.92,0,4,3,"Office Supplies","Envelopes","East","Consumer","First Class"
20.3898,59.97,0,3,6,"Technology","Accessories","East","Consumer","Standard Class"
14.8,29.6,0,2,5,"Office Supplies","Labels","West","Consumer","Second Class"
76.1125,304.45,0,5,3,"Furniture","Chairs","South","Consumer","Second Class"
10.104,67.36,0.2,2,6,"Furniture","Furnishings","South","Consumer","Standard Class"
-90.774,33.62,0.8,5,2,"Office Supplies","Appliances","Central","Corporate","First Class"
4.4174,16.99,0,1,0,"Technology","Phones","East","Consumer","Same Day"
539.2464,1925.88,0,6,2,"Furniture","Chairs","Central","Corporate","Second Class"
21.1977,62.808,0.2,3,5,"Office Supplies","Envelopes","East","Corporate","Standard Class"
-113.998,683.988,0.4,2,2,"Technology","Phones","East","Consumer","First Class"
9.3312,19.44,0,3,2,"Office Supplies","Paper","West","Consumer","Second Class"
1119.9968,8399.976,0.4,4,4,"Technology","Copiers","East","Consumer","Standard Class"
4.5816,9.96,0,2,4,"Office Supplies","Labels","West","Consumer","Standard Class"
9.7092,86.304,0.2,6,4,"Office Supplies","Art","East","Consumer","Standard Class"
3.6018,7.83,0,3,0,"Office Supplies","Labels","South","Consumer","Same Day"
19.0386,217.584,0.2,2,2,"Technology","Phones","Central","Corporate","Second Class"
70.5544,705.544,0.2,7,5,"Technology","Phones","South","Consumer","Standard Class"
4.0338,11.952,0.2,3,5,"Office Supplies","Paper","South","Home Office","Standard Class"
133.152,277.4,0,5,4,"Office Supplies","Paper","Central","Consumer","Standard Class"
9.12,18.24,0,3,4,"Office Supplies","Fasteners","West","Consumer","Second Class"
-2.6784,1.728,0.8,3,4,"Office Supplies","Binders","Central","Consumer","Standard Class"
120.9468,465.18,0,3,2,"Office Supplies","Storage","East","Consumer","Second Class"
1.5548,3.38,0,1,6,"Office Supplies","Paper","East","Consumer","Standard Class"
4.644,13.76,0.2,2,6,"Office Supplies","Binders","West","Consumer","Standard Class"
10.089,33.63,0,3,3,"Office Supplies","Storage","East","Consumer","First Class"
88.7332,521.96,0,2,4,"Furniture","Tables","West","Home Office","Second Class"
16.9932,34.68,0,6,7,"Office Supplies","Paper","West","Corporate","Standard Class"
-1.459,23.344,0.2,2,2,"Technology","Accessories","West","Corporate","Second Class"
9.0576,120.768,0.2,4,4,"Office Supplies","Art","West","Consumer","Second Class"
48.3771,102.93,0,3,4,"Office Supplies","Binders","East","Consumer","Standard Class"
-12.0064,15.008,0.6,4,5,"Furniture","Furnishings","Central","Home Office","Second Class"
-0.8392,67.136,0.2,4,0,"Office Supplies","Storage","South","Consumer","Same Day"
303.3408,631.96,0,4,5,"Technology","Phones","East","Corporate","Standard Class"
-28.368,126.08,0.2,2,2,"Office Supplies","Storage","East","Corporate","Second Class"
10.3936,129.92,0,4,1,"Furniture","Furnishings","West","Consumer","First Class"
28.0876,61.06,0,2,6,"Office Supplies","Labels","West","Consumer","Standard Class"
742.632,1687.8,0,4,7,"Technology","Accessories","East","Home Office","Standard Class"
24.1918,83.42,0,2,0,"Office Supplies","Appliances","West","Consumer","Same Day"
5.778,12.84,0,3,4,"Office Supplies","Paper","West","Consumer","Standard Class"
5.5177,23.99,0,1,4,"Furniture","Furnishings","South","Consumer","Standard Class"
2.0416,7.04,0,4,3,"Office Supplies","Art","West","Home Office","First Class"
1.1556,10.272,0.2,3,6,"Office Supplies","Art","West","Consumer","Standard Class"
9.312,19.4,0,5,4,"Office Supplies","Envelopes","West","Corporate","Standard Class"
0.864,28.8,0,3,2,"Office Supplies","Supplies","West","Consumer","Second Class"
8.218,23.48,0.2,5,6,"Office Supplies","Paper","South","Consumer","Standard Class"
9.47,18.94,0,1,5,"Office Supplies","Binders","East","Corporate","Second Class"
11.088,31.68,0.2,4,6,"Office Supplies","Envelopes","East","Corporate","Standard Class"
26.6304,55.48,0,1,4,"Office Supplies","Paper","East","Corporate","Standard Class"
-2.1312,74.592,0.3,4,7,"Furniture","Chairs","Central","Home Office","Standard Class"
4.6344,46.344,0.2,3,0,"Office Supplies","Storage","Central","Consumer","Same Day"
10.647,63.882,0.1,1,2,"Furniture","Chairs","East","Consumer","First Class"
5.6376,15.552,0.2,3,7,"Office Supplies","Paper","South","Consumer","Standard Class"
16.38,46.8,0,4,5,"Office Supplies","Appliances","West","Consumer","Standard Class"
10.9584,273.96,0,2,4,"Technology","Phones","Central","Home Office","Standard Class"
12.7008,36.288,0.2,7,3,"Office Supplies","Paper","Central","Consumer","First Class"
-12.628,17.22,0.7,5,4,"Office Supplies","Binders","South","Consumer","Standard Class"
4.4344,9.64,0,2,6,"Office Supplies","Binders","East","Consumer","Standard Class"
-30.555,17.46,0.8,6,3,"Office Supplies","Binders","Central","Consumer","First Class"
20.8568,71.92,0,4,4,"Office Supplies","Art","West","Consumer","Standard Class"
106.477,259.7,0,5,4,"Furniture","Furnishings","East","Consumer","Standard Class"
4.536,12.96,0.2,9,4,"Office Supplies","Binders","East","Consumer","Standard Class"
9.3312,19.44,0,3,4,"Office Supplies","Paper","South","Home Office","Standard Class"
9.3125,29.8,0.2,5,4,"Office Supplies","Binders","East","Consumer","Standard Class"
-22.7435,139.96,0.2,5,2,"Technology","Accessories","East","Home Office","First Class"
2.9835,11.05,0,5,6,"Office Supplies","Art","East","Consumer","Standard Class"
36.294,362.94,0,3,4,"Furniture","Bookcases","East","Consumer","Standard Class"
6.1792,61.792,0.2,4,6,"Office Supplies","Storage","Central","Corporate","Standard Class"
3.7208,93.02,0,2,5,"Office Supplies","Storage","West","Corporate","Standard Class"
-36.294,290.352,0.2,3,7,"Furniture","Bookcases","South","Consumer","Standard Class"
-2.6586,3.798,0.7,2,2,"Office Supplies","Binders","East","Consumer","First Class"
38.024,77.6,0,4,4,"Furniture","Furnishings","West","Consumer","Standard Class"
56.2032,208.16,0,1,3,"Office Supplies","Appliances","South","Corporate","First Class"
-7.2,120,0.5,2,3,"Technology","Machines","South","Consumer","First Class"
16.956,37.68,0,6,2,"Office Supplies","Binders","East","Consumer","First Class"
24.2285,51.55,0,5,4,"Office Supplies","Paper","South","Consumer","Standard Class"
6.532,14.2,0,2,0,"Office Supplies","Binders","South","Consumer","Same Day"
313.2624,2563.056,0.1,8,6,"Furniture","Chairs","East","Consumer","Standard Class"
109.7208,223.92,0,4,6,"Office Supplies","Paper","East","Home Office","Standard Class"
-52.641,210.564,0.4,6,5,"Technology","Phones","East","Home Office","Standard Class"
9.891,21.98,0,7,3,"Office Supplies","Paper","West","Corporate","Second Class"
1.8604,46.51,0,1,2,"Office Supplies","Storage","West","Home Office","Second Class"
2.106,7.8,0,3,0,"Office Supplies","Art","West","Home Office","Same Day"
132.5898,389.97,0,3,5,"Technology","Accessories","Central","Corporate","Standard Class"
4.9308,14.088,0.2,3,4,"Office Supplies","Paper","Central","Corporate","Standard Class"
-15.6156,35.49,0.5,1,3,"Furniture","Bookcases","East","Consumer","Second Class"
16.68,33.36,0,4,6,"Office Supplies","Paper","Central","Consumer","Standard Class"
20.9148,1673.184,0.2,12,2,"Furniture","Tables","West","Home Office","First Class"
4.494,14.98,0,1,4,"Office Supplies","Art","Central","Consumer","Standard Class"
22.2,44.4,0,3,4,"Office Supplies","Labels","West","Corporate","Second Class"
55.764,123.92,0,4,5,"Office Supplies","Paper","East","Consumer","Second Class"
9.0171,20.97,0,3,6,"Technology","Accessories","East","Corporate","Standard Class"
1.4104,3.28,0,1,4,"Office Supplies","Art","East","Home Office","Standard Class"
23.384,63.2,0,5,0,"Furniture","Furnishings","West","Corporate","Same Day"
5.9778,17.712,0.2,6,1,"Office Supplies","Labels","East","Consumer","First Class"
3.968,31.744,0.2,2,2,"Office Supplies","Art","Central","Consumer","Second Class"
4.816,11.2,0,7,5,"Office Supplies","Art","East","Corporate","Standard Class"
6.3684,17.568,0.2,2,4,"Office Supplies","Binders","West","Consumer","Standard Class"
164.6316,587.97,0,3,2,"Technology","Phones","South","Corporate","Second Class"
1.5691,9.656,0.2,1,3,"Furniture","Furnishings","South","Home Office","First Class"
163.818,546.06,0,3,4,"Technology","Phones","East","Home Office","Standard Class"
0.6696,8.928,0.2,2,5,"Office Supplies","Storage","Central","Corporate","Standard Class"
0.2353,1.448,0.2,1,5,"Office Supplies","Fasteners","East","Corporate","Standard Class"
2.6496,5.76,0,2,4,"Office Supplies","Labels","West","Corporate","Standard Class"
3.6796,91.99,0,1,6,"Office Supplies","Storage","Central","Consumer","Standard Class"
8.5025,44.75,0,5,4,"Technology","Accessories","West","Corporate","Standard Class"
3.614,13.9,0,5,6,"Office Supplies","Art","Central","Home Office","Standard Class"
8.7372,24.27,0,3,0,"Furniture","Furnishings","West","Consumer","Same Day"
2.628,5.84,0,2,0,"Office Supplies","Fasteners","Central","Consumer","Same Day"
34.742,95.84,0.2,4,1,"Technology","Phones","Central","Corporate","First Class"
-1.406,2.96,0.6,2,4,"Furniture","Furnishings","Central","Corporate","Standard Class"
2.8478,7.856,0.2,2,4,"Office Supplies","Binders","East","Consumer","Standard Class"
134.3328,279.86,0,14,3,"Technology","Phones","East","Consumer","Second Class"
-14.4078,104.784,0.2,1,2,"Furniture","Chairs","West","Corporate","Second Class"
6.0114,13.98,0,2,5,"Technology","Accessories","West","Home Office","Standard Class"
37.797,302.376,0.2,3,4,"Technology","Phones","South","Consumer","Standard Class"
-0.8886,35.544,0.2,1,6,"Furniture","Tables","West","Consumer","Standard Class"
35.49,141.96,0,2,4,"Furniture","Chairs","South","Home Office","Standard Class"
28.0032,58.34,0,2,6,"Office Supplies","Binders","South","Home Office","Standard Class"
1.4442,3.984,0.2,1,4,"Office Supplies","Paper","Central","Consumer","Second Class"
168.1855,579.95,0,5,2,"Technology","Phones","South","Corporate","First Class"
553.3902,2621.322,0.1,11,2,"Furniture","Chairs","East","Home Office","First Class"
50.3658,671.544,0.2,3,4,"Office Supplies","Appliances","South","Home Office","Standard Class"
1.0114,3.89,0,1,3,"Office Supplies","Appliances","West","Corporate","First Class"
2.94,10.5,0,5,1,"Office Supplies","Art","East","Corporate","First Class"
-12.0784,845.488,0.3,8,4,"Furniture","Chairs","Central","Corporate","Standard Class"
2.9808,8.28,0,2,2,"Furniture","Furnishings","East","Corporate","Second Class"
27.3582,364.776,0.2,3,4,"Furniture","Tables","West","Consumer","Standard Class"
3.753,13.9,0,5,5,"Office Supplies","Art","Central","Corporate","Standard Class"
77.22,686.4,0.2,2,4,"Technology","Machines","West","Consumer","Standard Class"
12.3284,70.448,0.2,7,0,"Furniture","Furnishings","East","Corporate","Same Day"
10.5672,25.16,0,2,1,"Furniture","Furnishings","West","Consumer","First Class"
9.1764,81.568,0.2,2,5,"Furniture","Chairs","West","Corporate","Second Class"
-18.5562,99.918,0.3,2,6,"Furniture","Tables","Central","Corporate","Standard Class"
-2.3136,2.892,0.7,2,2,"Office Supplies","Binders","South","Corporate","First Class"
-12.0588,281.372,0.3,2,4,"Furniture","Chairs","East","Home Office","Standard Class"
-10.5798,14.427,0.7,3,2,"Office Supplies","Binders","East","Consumer","First Class"
-3.0396,1.788,0.8,3,4,"Office Supplies","Binders","Central","Home Office","Standard Class"
87.5684,301.96,0,2,4,"Furniture","Chairs","Central","Corporate","Standard Class"
5.544,15.84,0.2,2,0,"Office Supplies","Envelopes","East","Consumer","Same Day"
9.9296,34.24,0,8,5,"Office Supplies","Art","West","Consumer","Standard Class"
-36.1116,154.764,0.4,3,4,"Furniture","Tables","South","Home Office","Standard Class"
146.7693,772.47,0,3,3,"Technology","Accessories","West","Consumer","First Class"
188.2192,723.92,0,4,5,"Furniture","Chairs","South","Home Office","Second Class"
1.926,17.12,0.2,5,0,"Office Supplies","Art","East","Consumer","Same Day"
290.0058,1000.02,0,7,7,"Office Supplies","Storage","West","Corporate","Standard Class"
-93.2316,466.158,0.4,7,4,"Technology","Phones","East","Corporate","Standard Class"
6.7392,14.04,0,3,1,"Office Supplies","Binders","South","Consumer","First Class"
5.8604,11.96,0,2,3,"Office Supplies","Paper","West","Corporate","First Class"
78.6828,217.056,0.2,7,4,"Office Supplies","Paper","East","Home Office","Standard Class"
17.3656,173.656,0.2,7,5,"Technology","Phones","West","Home Office","Standard Class"
0.504,1.344,0.2,1,4,"Office Supplies","Art","South","Consumer","Second Class"
1.57,25.12,0.2,2,0,"Office Supplies","Storage","East","Consumer","Same Day"
1.8792,5.184,0.2,1,3,"Office Supplies","Paper","Central","Consumer","First Class"
1.4456,5.56,0,2,5,"Office Supplies","Art","South","Consumer","Second Class"
18.821,64.9,0,5,6,"Office Supplies","Appliances","West","Consumer","Standard Class"
-112.9527,1004.024,0.2,7,4,"Furniture","Tables","West","Consumer","Standard Class"
19.8276,63.96,0,4,3,"Technology","Accessories","East","Home Office","Second Class"
8.9206,18.98,0,2,5,"Office Supplies","Paper","East","Consumer","Standard Class"
21.7515,127.95,0,3,5,"Furniture","Furnishings","West","Consumer","Standard Class"
63.9345,383.607,0.1,7,0,"Furniture","Chairs","East","Consumer","Same Day"
48.5392,105.52,0,4,6,"Office Supplies","Paper","South","Consumer","Standard Class"
-52.5481,68.541,0.7,11,0,"Office Supplies","Binders","South","Consumer","Same Day"
-100.7944,431.976,0.4,4,2,"Technology","Phones","East","Consumer","Second Class"
24.393,51.9,0,3,4,"Office Supplies","Binders","Central","Consumer","Second Class"
-6.6278,4.276,0.8,1,3,"Office Supplies","Binders","Central","Consumer","First Class"
0,5.94,0,3,5,"Office Supplies","Fasteners","West","Consumer","Standard Class"
22.0748,76.12,0,2,7,"Office Supplies","Appliances","West","Consumer","Standard Class"
1.8468,6.84,0,1,5,"Office Supplies","Supplies","East","Corporate","Standard Class"
-51.7191,243.384,0.2,3,2,"Office Supplies","Storage","West","Consumer","Second Class"
54.666,327.996,0.1,6,6,"Furniture","Chairs","East","Consumer","Standard Class"
4.1832,11.952,0.2,3,4,"Office Supplies","Binders","West","Consumer","Standard Class"
42.0355,144.95,0,5,3,"Technology","Phones","South","Corporate","First Class"
25.1916,89.97,0,3,4,"Technology","Phones","East","Consumer","Standard Class"
12.8744,128.744,0.2,7,4,"Office Supplies","Art","Central","Consumer","Standard Class"
2.9304,39.072,0.2,3,5,"Office Supplies","Storage","West","Consumer","Standard Class"
6.2208,12.96,0,2,5,"Office Supplies","Paper","South","Corporate","Standard Class"
19.872,41.4,0,4,0,"Office Supplies","Labels","West","Home Office","Same Day"
27.4344,97.98,0,2,6,"Technology","Phones","Central","Consumer","Standard Class"
17.6418,52.272,0.2,11,5,"Office Supplies","Binders","East","Consumer","Standard Class"
37.764,100.704,0.2,6,7,"Office Supplies","Binders","West","Consumer","Standard Class"
22.6782,302.376,0.2,3,5,"Technology","Phones","West","Consumer","Standard Class"
3.9294,333.999,0.15,3,5,"Furniture","Bookcases","West","Consumer","Standard Class"
10.9193,124.792,0.2,1,5,"Technology","Phones","Central","Home Office","Standard Class"
16.5354,53.34,0,3,5,"Furniture","Furnishings","Central","Consumer","Second Class"
90.8292,206.43,0,3,3,"Office Supplies","Appliances","East","Consumer","First Class"
14.651,167.44,0.2,2,0,"Office Supplies","Appliances","South","Corporate","Same Day"
22.4925,359.88,0.2,3,3,"Technology","Phones","Central","Corporate","First Class"
195.9944,699.98,0,2,2,"Technology","Phones","South","Consumer","Second Class"
-67.6704,451.136,0.2,4,6,"Furniture","Bookcases","South","Consumer","Standard Class"
17.6016,74.112,0.2,8,5,"Technology","Accessories","South","Consumer","Standard Class"
4.095,10.92,0.2,3,1,"Office Supplies","Binders","West","Consumer","First Class"
5.3949,11.01,0,3,4,"Office Supplies","Binders","East","Home Office","Standard Class"
23.316,310.88,0.2,2,2,"Furniture","Furnishings","East","Consumer","First Class"
-258.5016,786.744,0.3,4,2,"Furniture","Chairs","East","Consumer","First Class"
224.9925,1199.96,0.2,5,5,"Technology","Copiers","West","Consumer","Second Class"
-12.7785,146.04,0.2,1,0,"Furniture","Tables","West","Consumer","Same Day"
266.4522,1268.82,0,9,7,"Furniture","Chairs","East","Consumer","Standard Class"
9.3564,83.168,0.2,4,7,"Office Supplies","Art","West","Consumer","Standard Class"
42.4647,117.144,0.2,9,1,"Office Supplies","Binders","West","Consumer","First Class"
38.376,79.95,0,5,3,"Office Supplies","Binders","East","Consumer","First Class"
387.5676,1336.44,0,14,5,"Furniture","Furnishings","Central","Consumer","Standard Class"
57.5928,159.98,0,2,5,"Technology","Accessories","West","Corporate","Standard Class"
244.2496,872.32,0,4,5,"Furniture","Chairs","East","Consumer","Standard Class"
3.72,14.88,0,2,3,"Office Supplies","Art","East","Corporate","First Class"
33.7212,93.024,0.2,3,6,"Office Supplies","Paper","South","Consumer","Standard Class"
173.0316,617.97,0,3,4,"Technology","Phones","South","Corporate","Standard Class"
-15.4188,1079.316,0.3,6,3,"Furniture","Chairs","East","Consumer","First Class"
407.1288,1565.88,0,6,4,"Furniture","Bookcases","Central","Corporate","Standard Class"
36.3816,117.36,0,4,4,"Furniture","Furnishings","East","Consumer","Second Class"
9.63,21.4,0,5,5,"Office Supplies","Paper","South","Consumer","Standard Class"
-417.0936,252.784,0.8,4,5,"Office Supplies","Binders","Central","Consumer","Standard Class"
-127.372,509.488,0.2,7,4,"Office Supplies","Storage","Central","Consumer","Standard Class"
-4.2012,1.556,0.8,2,5,"Office Supplies","Appliances","Central","Consumer","Standard Class"
8.8784,177.568,0.2,2,0,"Furniture","Chairs","West","Consumer","Same Day"
31.0688,88.768,0.2,2,6,"Office Supplies","Paper","South","Corporate","Standard Class"
142.485,474.95,0,5,2,"Technology","Accessories","West","Consumer","First Class"
8.3754,24.816,0.2,3,4,"Office Supplies","Binders","West","Consumer","Standard Class"
0,81.96,0,2,5,"Office Supplies","Storage","West","Consumer","Standard Class"
33.57,107.424,0.2,9,5,"Office Supplies","Binders","East","Corporate","Second Class"
-6.8634,4.428,0.8,3,4,"Office Supplies","Binders","Central","Home Office","Standard Class"
38.29,76.58,0,7,2,"Office Supplies","Envelopes","West","Home Office","Second Class"
1.4256,12.672,0.2,9,2,"Office Supplies","Art","South","Consumer","First Class"
24.5028,70.008,0.2,3,4,"Office Supplies","Binders","West","Consumer","Standard Class"
43.164,119.9,0,2,4,"Technology","Accessories","West","Consumer","Standard Class"
-4.818,2.92,0.8,2,3,"Office Supplies","Binders","Central","Home Office","First Class"
-24.5646,218.352,0.2,3,2,"Furniture","Furnishings","West","Corporate","First Class"
-11.3372,396.802,0.3,7,2,"Furniture","Chairs","East","Consumer","Second Class"
13.572,180.96,0.2,5,5,"Technology","Phones","Central","Corporate","Standard Class"
26.6304,55.48,0,1,4,"Office Supplies","Paper","East","Corporate","Standard Class"
37.9848,77.52,0,2,4,"Office Supplies","Paper","West","Corporate","Standard Class"
210.594,1684.752,0.2,6,6,"Furniture","Chairs","West","Corporate","Standard Class"
7.8225,25.032,0.2,3,6,"Office Supplies","Binders","West","Corporate","Standard Class"
2.0322,27.096,0.2,3,5,"Office Supplies","Storage","East","Corporate","Standard Class"
-131.994,791.964,0.4,6,7,"Technology","Phones","East","Corporate","Standard Class"
18.2592,57.06,0,3,5,"Technology","Accessories","East","Consumer","Second Class"
136.939,622.45,0,5,7,"Furniture","Tables","Central","Corporate","Standard Class"
-71.99,431.94,0.4,2,4,"Technology","Phones","East","Home Office","Standard Class"
-18.0588,613.9992,0.32,3,4,"Furniture","Bookcases","Central","Consumer","Standard Class"
86.3892,239.97,0,3,4,"Technology","Accessories","West","Corporate","Standard Class"
5.1792,15.936,0.2,4,3,"Office Supplies","Labels","Central","Consumer","First Class"
29.9646,998.82,0,9,6,"Office Supplies","Storage","West","Consumer","Standard Class"
386.835,2275.5,0,10,4,"Furniture","Tables","South","Corporate","Standard Class"
12.672,26.4,0,5,0,"Office Supplies","Paper","West","Home Office","Same Day"
12.6927,37.608,0.2,3,1,"Office Supplies","Envelopes","South","Consumer","First Class"
41.1684,141.96,0,2,4,"Furniture","Bookcases","West","Consumer","Standard Class"
-20.1408,12.588,0.8,3,4,"Office Supplies","Binders","Central","Consumer","Standard Class"
15.599,124.792,0.2,1,5,"Technology","Phones","Central","Corporate","Standard Class"
9.7176,242.94,0,3,4,"Office Supplies","Storage","West","Home Office","Standard Class"
41.1684,141.96,0,2,7,"Furniture","Bookcases","West","Consumer","Standard Class"
-12.0588,281.372,0.3,2,4,"Furniture","Chairs","East","Home Office","Standard Class"
5.4128,15.92,0,4,1,"Office Supplies","Art","Central","Home Office","First Class"
3.99,7.98,0,1,6,"Office Supplies","Paper","Central","Consumer","Standard Class"
2.7222,8.376,0.2,3,5,"Office Supplies","Fasteners","West","Consumer","Standard Class"
4.368,24.96,0.2,3,4,"Furniture","Furnishings","West","Corporate","Standard Class"
113.4936,515.88,0,6,4,"Furniture","Tables","West","Consumer","Second Class"
4.4312,12.224,0.2,2,6,"Office Supplies","Envelopes","Central","Consumer","Standard Class"
5.9185,67.64,0.2,5,1,"Office Supplies","Storage","South","Consumer","First Class"
-19.864,30.56,0.6,5,3,"Furniture","Furnishings","Central","Consumer","Second Class"
19.9746,73.98,0,2,7,"Technology","Phones","Central","Corporate","Standard Class"
14.904,31.05,0,3,2,"Office Supplies","Labels","West","Corporate","First Class"
1.7487,4.824,0.2,3,5,"Office Supplies","Fasteners","East","Consumer","Standard Class"
3.9102,7.98,0,3,2,"Office Supplies","Envelopes","East","Corporate","First Class"
6.3744,13.28,0,2,2,"Furniture","Furnishings","East","Corporate","First Class"
-12.4146,55.176,0.2,3,2,"Technology","Phones","West","Consumer","First Class"
3.857,10.64,0.2,5,7,"Office Supplies","Envelopes","West","Home Office","Standard Class"
251.202,897.15,0,3,5,"Furniture","Chairs","East","Home Office","Standard Class"
3.2186,160.93,0,7,3,"Technology","Phones","East","Home Office","Second Class"
160.3136,3406.664,0.15,8,4,"Furniture","Bookcases","West","Consumer","Standard Class"
-251.1864,93.032,0.8,2,4,"Office Supplies","Appliances","Central","Corporate","Standard Class"
37.797,302.376,0.2,3,4,"Technology","Phones","West","Corporate","Standard Class"
3.0044,8.288,0.2,2,6,"Office Supplies","Paper","Central","Consumer","Standard Class"
23.9232,74.76,0,7,4,"Furniture","Furnishings","West","Consumer","Standard Class"
-2.688,1.68,0.8,5,4,"Office Supplies","Binders","Central","Corporate","Standard Class"
5.3898,269.49,0,3,4,"Office Supplies","Storage","East","Home Office","Standard Class"
204.7682,1575.14,0,7,6,"Office Supplies","Storage","West","Home Office","Standard Class"
25.4016,51.84,0,8,5,"Office Supplies","Paper","Central","Consumer","Standard Class"
209.979,1119.888,0.2,14,0,"Technology","Accessories","East","Corporate","Same Day"
-4.8528,64.704,0.2,6,5,"Technology","Accessories","East","Consumer","Second Class"
44.0316,130.464,0.2,6,2,"Office Supplies","Envelopes","East","Consumer","Second Class"
411.7365,914.97,0,3,4,"Office Supplies","Binders","Central","Corporate","Standard Class"
12.4416,25.92,0,4,0,"Office Supplies","Paper","East","Consumer","Same Day"
1.3596,54.384,0.2,2,3,"Technology","Accessories","East","Consumer","Second Class"
8.4966,17.34,0,3,6,"Office Supplies","Paper","East","Consumer","Standard Class"
164.997,439.992,0.2,1,5,"Technology","Copiers","Central","Corporate","Second Class"
167.979,559.93,0,7,4,"Technology","Accessories","East","Home Office","Standard Class"
4.5188,13.904,0.2,2,4,"Office Supplies","Binders","West","Corporate","Standard Class"
16.608,34.6,0,2,6,"Office Supplies","Binders","South","Consumer","Standard Class"
4.9648,17.12,0,4,1,"Office Supplies","Art","West","Consumer","First Class"
-16.776,25.164,0.7,2,0,"Office Supplies","Binders","West","Consumer","Same Day"
9.2552,20.12,0,2,5,"Office Supplies","Paper","South","Corporate","Standard Class"
40.416,126.3,0,3,2,"Furniture","Furnishings","West","Corporate","Second Class"
1.69,13.52,0.2,2,0,"Office Supplies","Supplies","East","Corporate","Same Day"
-25.737,33.57,0.7,5,2,"Office Supplies","Binders","South","Corporate","First Class"
2.7168,27.168,0.2,2,3,"Office Supplies","Art","East","Consumer","First Class"
28.8576,60.12,0,9,6,"Office Supplies","Paper","West","Home Office","Standard Class"
-36.253,155.37,0.4,1,2,"Technology","Phones","East","Consumer","Second Class"
5.7528,12.24,0,6,5,"Office Supplies","Envelopes","East","Consumer","Second Class"
11.086,24.1,0,5,4,"Office Supplies","Binders","South","Corporate","Second Class"
252.588,673.568,0.2,2,5,"Office Supplies","Binders","West","Consumer","Standard Class"
0.8988,10.272,0.2,3,5,"Office Supplies","Art","Central","Consumer","Second Class"
0.8162,9.328,0.2,1,2,"Office Supplies","Art","West","Corporate","Second Class"
5.0055,10.65,0,3,4,"Office Supplies","Fasteners","West","Consumer","Standard Class"
197.991,659.97,0,3,5,"Technology","Phones","South","Consumer","Standard Class"
6.567,19.9,0,5,5,"Office Supplies","Art","West","Consumer","Standard Class"
3.1104,6.48,0,1,1,"Office Supplies","Paper","Central","Corporate","First Class"
-3.7715,15.88,0.2,5,2,"Office Supplies","Supplies","East","Consumer","Second Class"
-1.6764,2.286,0.7,2,5,"Office Supplies","Binders","East","Consumer","Standard Class"
-81.441,723.92,0.2,5,5,"Furniture","Bookcases","South","Consumer","Standard Class"
-47.3968,258.528,0.4,2,4,"Technology","Phones","East","Consumer","Standard Class"
4.3296,13.12,0,4,3,"Office Supplies","Art","South","Corporate","Second Class"
25.5528,212.94,0,3,7,"Furniture","Chairs","East","Corporate","Standard Class"
3.888,25.92,0.2,5,4,"Office Supplies","Art","East","Consumer","Standard Class"
-122.877,409.59,0.4,3,1,"Furniture","Tables","East","Consumer","First Class"
-7.7748,14.136,0.6,2,6,"Furniture","Furnishings","Central","Consumer","Standard Class"
102.186,291.96,0,4,6,"Technology","Accessories","Central","Consumer","Standard Class"
4.6816,13.376,0.2,4,4,"Office Supplies","Binders","West","Home Office","Standard Class"
-36.1116,154.764,0.4,3,2,"Furniture","Tables","East","Home Office","First Class"
17.694,353.88,0,6,2,"Office Supplies","Storage","West","Consumer","Second Class"
3.0558,9.26,0,2,0,"Office Supplies","Art","West","Consumer","Same Day"
47.8629,251.91,0,9,5,"Technology","Accessories","South","Consumer","Standard Class"
12.3096,26.76,0,4,2,"Office Supplies","Paper","West","Corporate","Second Class"
5.8203,16.056,0.2,3,7,"Office Supplies","Paper","East","Corporate","Standard Class"
1.1564,4.13,0,1,3,"Office Supplies","Art","West","Consumer","Second Class"
19.0848,72.704,0.2,4,4,"Furniture","Furnishings","South","Consumer","Standard Class"
196.5036,4912.59,0,3,2,"Office Supplies","Supplies","West","Corporate","Second Class"
18.1176,241.568,0.2,2,1,"Furniture","Chairs","West","Home Office","First Class"
22.869,69.3,0,9,6,"Furniture","Furnishings","West","Consumer","Standard Class"
3.72,14.88,0,2,5,"Office Supplies","Art","West","Consumer","Standard Class"
2.8912,11.12,0,4,6,"Office Supplies","Art","East","Corporate","Standard Class"
-46.536,58.17,0.7,5,4,"Office Supplies","Binders","East","Consumer","Standard Class"
-67.137,127.88,0.6,5,5,"Furniture","Furnishings","Central","Corporate","Standard Class"
21.036,70.12,0,4,4,"Office Supplies","Supplies","Central","Home Office","Standard Class"
10.0464,35.88,0,3,6,"Technology","Phones","East","Corporate","Standard Class"
5.4341,11.09,0,1,5,"Office Supplies","Envelopes","South","Consumer","Standard Class"
10.0724,30.992,0.2,13,4,"Office Supplies","Fasteners","East","Corporate","Second Class"
-21.168,14.112,0.8,9,4,"Office Supplies","Binders","Central","Consumer","Standard Class"
3.9906,14.78,0,2,3,"Technology","Phones","Central","Home Office","First Class"
61.4628,182.112,0.2,6,7,"Office Supplies","Paper","Central","Consumer","Standard Class"
3.0342,11.67,0,3,4,"Office Supplies","Appliances","East","Corporate","Standard Class"
-14.34,57.36,0.2,6,4,"Technology","Phones","West","Corporate","Standard Class"
-1.5414,2.202,0.7,2,6,"Office Supplies","Binders","East","Corporate","Standard Class"
9.3312,19.44,0,3,5,"Office Supplies","Paper","West","Consumer","Standard Class"
124.9552,430.88,0,2,6,"Technology","Phones","East","Corporate","Standard Class"
5.4432,15.552,0.2,3,0,"Office Supplies","Paper","East","Home Office","Same Day"
-30.294,424.116,0.3,6,3,"Furniture","Bookcases","Central","Consumer","First Class"
-58.716,88.074,0.7,7,1,"Office Supplies","Binders","West","Corporate","First Class"
-46.9952,29.372,0.8,7,5,"Office Supplies","Binders","Central","Corporate","Standard Class"
48.5392,105.52,0,4,6,"Office Supplies","Paper","West","Corporate","Standard Class"
-43.0296,376.509,0.3,3,6,"Furniture","Tables","Central","Consumer","Standard Class"
16.848,37.44,0,6,1,"Office Supplies","Paper","West","Consumer","Same Day"
-64.9376,115.96,0.5,4,4,"Furniture","Bookcases","East","Corporate","Standard Class"
3.2256,11.52,0,4,2,"Office Supplies","Art","West","Consumer","First Class"
2.3892,7.24,0,4,5,"Office Supplies","Fasteners","East","Corporate","Standard Class"
24.858,220.96,0.2,1,5,"Furniture","Chairs","West","Consumer","Standard Class"
-28.224,120.96,0.4,2,5,"Furniture","Tables","South","Corporate","Standard Class"
16.6568,35.44,0,1,6,"Office Supplies","Paper","West","Consumer","Standard Class"
2.0358,6.264,0.2,3,2,"Office Supplies","Labels","West","Corporate","Second Class"
19.0512,38.88,0,6,5,"Office Supplies","Paper","West","Consumer","Standard Class"
-8.0784,161.568,0.2,2,1,"Furniture","Chairs","West","Consumer","First Class"
1.6704,4.608,0.2,2,6,"Office Supplies","Labels","South","Home Office","Standard Class"
27.3672,81.088,0.2,7,7,"Office Supplies","Binders","West","Corporate","Standard Class"
-27.1296,60.288,0.6,8,4,"Furniture","Furnishings","Central","Corporate","Second Class"
2.3406,4.98,0,1,5,"Office Supplies","Paper","East","Corporate","Second Class"
13.7646,122.352,0.2,3,5,"Furniture","Chairs","West","Corporate","Second Class"
12.098,120.98,0,1,3,"Furniture","Bookcases","East","Consumer","First Class"
-16.38,9.36,0.8,4,3,"Office Supplies","Binders","Central","Corporate","First Class"
-2.1792,1.362,0.8,1,6,"Office Supplies","Binders","Central","Corporate","Standard Class"
14.3952,47.984,0.2,2,3,"Technology","Accessories","Central","Consumer","First Class"
-2.6268,1.592,0.8,2,4,"Office Supplies","Binders","Central","Consumer","Standard Class"
3.4668,10.272,0.2,3,5,"Office Supplies","Paper","South","Corporate","Standard Class"
107.79,431.16,0.2,5,4,"Technology","Accessories","South","Consumer","Standard Class"
55.3616,197.72,0,4,3,"Office Supplies","Appliances","South","Consumer","First Class"
71.2692,263.96,0,4,5,"Technology","Phones","Central","Consumer","Second Class"
-24.843,347.802,0.3,7,6,"Furniture","Chairs","East","Corporate","Standard Class"
2.0475,18.2,0.2,7,4,"Office Supplies","Appliances","East","Consumer","Standard Class"
3.3099,15.576,0.2,3,5,"Technology","Accessories","Central","Consumer","Second Class"
0,198.744,0.3,4,4,"Furniture","Bookcases","Central","Consumer","Standard Class"
-17.784,44.46,0.6,5,5,"Furniture","Furnishings","Central","Consumer","Standard Class"
4.2952,13.216,0.2,4,6,"Office Supplies","Labels","Central","Consumer","Standard Class"
45.528,94.85,0,5,3,"Office Supplies","Paper","East","Consumer","First Class"
1.2948,3.984,0.2,1,3,"Office Supplies","Labels","South","Consumer","First Class"
28.1718,59.94,0,3,2,"Office Supplies","Paper","West","Home Office","First Class"
8.1072,101.34,0,3,4,"Technology","Accessories","East","Home Office","Standard Class"
2.6784,66.96,0,4,2,"Office Supplies","Storage","West","Home Office","First Class"
171.36,1071,0,9,2,"Technology","Accessories","East","Consumer","Second Class"
23.3184,145.74,0,3,4,"Furniture","Bookcases","South","Consumer","Second Class"
10.9939,37.91,0,1,5,"Technology","Phones","East","Corporate","Second Class"
15.5372,110.98,0,1,3,"Furniture","Chairs","East","Home Office","Second Class"
3.6022,11.62,0,2,5,"Office Supplies","Fasteners","West","Consumer","Standard Class"
13.5882,120.784,0.2,1,2,"Furniture","Chairs","West","Corporate","First Class"
9.8328,98.328,0.2,3,1,"Furniture","Furnishings","West","Home Office","First Class"
224.4426,773.94,0,6,2,"Technology","Phones","East","Consumer","First Class"
10.3168,39.68,0,2,4,"Office Supplies","Art","West","Corporate","Second Class"
-10.3936,51.968,0.2,2,7,"Office Supplies","Storage","East","Corporate","Standard Class"
9.7328,34.76,0,1,5,"Office Supplies","Storage","Central","Consumer","Second Class"
27.0882,240.784,0.2,1,4,"Furniture","Chairs","West","Consumer","Second Class"
33.6042,99.568,0.2,2,6,"Office Supplies","Envelopes","Central","Consumer","Standard Class"
61.3824,191.82,0,3,6,"Furniture","Furnishings","East","Consumer","Standard Class"
174.9975,559.992,0.2,1,2,"Technology","Copiers","East","Consumer","First Class"
76.4,152.8,0,5,1,"Office Supplies","Binders","Central","Home Office","First Class"
41.1528,126.624,0.2,6,3,"Office Supplies","Paper","East","Corporate","Second Class"
89.3142,307.98,0,2,2,"Technology","Phones","East","Consumer","Second Class"
0.9282,10.608,0.2,6,2,"Office Supplies","Art","East","Consumer","Second Class"
3.1654,6.46,0,2,4,"Office Supplies","Binders","South","Corporate","Second Class"
8.6715,18.45,0,5,4,"Office Supplies","Labels","West","Corporate","Standard Class"
-21.888,27.36,0.7,3,3,"Office Supplies","Binders","South","Home Office","First Class"
-2.436,38.976,0.2,3,2,"Office Supplies","Storage","East","Consumer","Second Class"
-17.592,26.388,0.7,4,5,"Office Supplies","Binders","East","Corporate","Standard Class"
1.5456,51.52,0,4,4,"Office Supplies","Supplies","West","Consumer","Standard Class"
5.605,44.84,0.2,5,2,"Office Supplies","Storage","Central","Consumer","Second Class"
-5.0512,6.888,0.7,2,6,"Office Supplies","Binders","East","Corporate","Standard Class"
-14.5584,291.168,0.2,4,4,"Furniture","Chairs","West","Consumer","Standard Class"
294.5488,841.568,0.2,2,2,"Office Supplies","Binders","West","Corporate","Second Class"
-2.5472,6.368,0.6,2,4,"Furniture","Furnishings","Central","Corporate","Standard Class"
31.587,526.45,0,5,5,"Furniture","Furnishings","Central","Home Office","Standard Class"
-66.062,77.72,0.6,1,0,"Furniture","Furnishings","Central","Consumer","Same Day"
8.4942,32.67,0,3,4,"Office Supplies","Appliances","South","Corporate","Standard Class"
305.13,1089.75,0,3,5,"Office Supplies","Appliances","Central","Consumer","Standard Class"
4.995,15.984,0.2,2,0,"Office Supplies","Paper","South","Consumer","Same Day"
25.4384,97.84,0,2,6,"Office Supplies","Appliances","East","Consumer","Standard Class"
-7.476,8.544,0.6,2,3,"Furniture","Furnishings","Central","Consumer","First Class"
28.7064,85.056,0.2,3,2,"Office Supplies","Paper","East","Home Office","First Class"
331.191,735.98,0,2,4,"Office Supplies","Binders","Central","Corporate","Standard Class"
10.7424,22.38,0,2,4,"Office Supplies","Paper","Central","Consumer","Standard Class"
244.6155,1287.45,0,5,2,"Technology","Accessories","West","Corporate","Second Class"
114.96,239.5,0,5,5,"Office Supplies","Paper","South","Consumer","Standard Class"
70.49,1198.33,0.15,10,3,"Furniture","Bookcases","West","Home Office","Second Class"
28.5984,127.104,0.2,6,2,"Furniture","Furnishings","East","Consumer","Second Class"
31.0912,194.32,0,4,6,"Furniture","Bookcases","Central","Corporate","Standard Class"
9.2928,19.36,0,2,5,"Office Supplies","Paper","West","Consumer","Standard Class"
49.105,106.75,0,7,5,"Office Supplies","Envelopes","Central","Consumer","Second Class"
0.3864,12.88,0,1,2,"Office Supplies","Supplies","West","Consumer","Second Class"
-6.4232,4.144,0.8,4,0,"Office Supplies","Binders","Central","Home Office","Same Day"
-10.1736,22.608,0.6,3,4,"Furniture","Furnishings","Central","Corporate","Standard Class"
19.2556,41.86,0,7,5,"Office Supplies","Binders","Central","Home Office","Standard Class"
0,428.68,0,7,3,"Office Supplies","Storage","East","Corporate","Second Class"
-2.3814,10.584,0.2,7,4,"Office Supplies","Fasteners","East","Consumer","Standard Class"
395.988,989.97,0,3,5,"Technology","Accessories","West","Consumer","Second Class"
54.2808,201.04,0,8,5,"Furniture","Furnishings","West","Consumer","Standard Class"
-5.6994,7.434,0.7,6,5,"Office Supplies","Binders","South","Corporate","Standard Class"
52.734,119.85,0,3,3,"Technology","Accessories","East","Home Office","First Class"
29.2716,62.28,0,4,4,"Office Supplies","Envelopes","East","Consumer","Standard Class"
1.6704,4.608,0.2,2,2,"Office Supplies","Labels","South","Consumer","Second Class"
7.9378,24.424,0.2,1,0,"Office Supplies","Labels","East","Consumer","Same Day"
53.4519,197.97,0,3,3,"Technology","Phones","East","Corporate","Second Class"
64.2,171.2,0.2,5,7,"Office Supplies","Binders","West","Consumer","Standard Class"
-19.602,8.712,0.8,2,4,"Office Supplies","Appliances","Central","Corporate","Standard Class"
9.1638,33.94,0,1,2,"Furniture","Chairs","South","Home Office","First Class"
69.1776,144.12,0,3,5,"Office Supplies","Paper","Central","Corporate","Standard Class"
11.88,26.4,0,5,5,"Office Supplies","Paper","Central","Consumer","Second Class"
22.1184,81.92,0,4,3,"Office Supplies","Appliances","East","Consumer","First Class"
28.518,58.2,0,3,4,"Furniture","Furnishings","West","Consumer","Standard Class"
14.5728,40.48,0,2,4,"Furniture","Furnishings","East","Corporate","Standard Class"
17.55,56.16,0.2,6,5,"Office Supplies","Binders","West","Home Office","Standard Class"
11.898,39.66,0,2,2,"Office Supplies","Art","East","Consumer","Second Class"
7.745,24.784,0.2,1,5,"Office Supplies","Paper","West","Consumer","Standard Class"
6719.9808,13999.96,0,4,2,"Technology","Copiers","West","Consumer","First Class"
-47.1798,550.431,0.3,3,1,"Furniture","Tables","East","Consumer","First Class"
32.186,114.95,0,5,4,"Office Supplies","Art","East","Corporate","Standard Class"
2.085,6.672,0.2,1,4,"Office Supplies","Paper","West","Consumer","Standard Class"
0.73,5.84,0.2,2,5,"Office Supplies","Supplies","East","Consumer","Standard Class"
2.1582,6.54,0,3,2,"Office Supplies","Fasteners","East","Corporate","First Class"
1.5552,10.368,0.2,2,5,"Office Supplies","Art","East","Corporate","Standard Class"
-73.577,95.97,0.7,5,4,"Office Supplies","Binders","South","Consumer","Standard Class"
88.725,354.9,0,5,3,"Furniture","Bookcases","South","Consumer","First Class"
5.7312,19.104,0.2,3,2,"Furniture","Furnishings","South","Consumer","First Class"
9.1785,25.32,0.2,5,1,"Office Supplies","Binders","East","Consumer","First Class"
0.882,2.52,0.2,1,5,"Office Supplies","Labels","Central","Corporate","Standard Class"
15.426,42.85,0,5,2,"Furniture","Furnishings","East","Consumer","Second Class"
1439.976,2999.95,0,5,2,"Technology","Copiers","South","Corporate","Second Class"
3.4048,19.456,0.2,4,4,"Office Supplies","Art","South","Consumer","Second Class"
19.188,191.88,0,6,6,"Office Supplies","Storage","East","Consumer","Standard Class"
4.3368,16.68,0,2,5,"Office Supplies","Supplies","West","Home Office","Standard Class"
2.3025,9.21,0,3,4,"Office Supplies","Art","West","Consumer","Standard Class"
4.752,10.56,0,2,4,"Office Supplies","Paper","West","Corporate","Standard Class"
5.9136,12.32,0,4,6,"Office Supplies","Labels","West","Home Office","Standard Class"
362.835,1099.5,0,10,5,"Technology","Accessories","West","Corporate","Standard Class"
7.0218,14.94,0,3,4,"Office Supplies","Paper","East","Consumer","Standard Class"
7.776,25.92,0,9,4,"Office Supplies","Art","South","Consumer","Standard Class"
43.7136,499.584,0.2,3,3,"Office Supplies","Appliances","South","Consumer","Second Class"
10.3904,30.56,0,2,5,"Furniture","Furnishings","West","Corporate","Second Class"
17.76,47.36,0.2,4,3,"Office Supplies","Labels","East","Home Office","First Class"
6.9864,17.04,0,4,5,"Office Supplies","Art","East","Consumer","Standard Class"
44.712,93.15,0,9,0,"Office Supplies","Labels","East","Consumer","Same Day"
5.4124,541.24,0,4,5,"Office Supplies","Storage","West","Corporate","Standard Class"
24.8832,51.84,0,8,3,"Office Supplies","Paper","Central","Corporate","First Class"
42.588,681.408,0.2,12,2,"Furniture","Chairs","West","Home Office","Second Class"
6.4692,19.168,0.2,4,6,"Office Supplies","Binders","West","Corporate","Standard Class"
5.301,22.32,0.2,5,4,"Office Supplies","Art","East","Consumer","Second Class"
-12.147,64.784,0.2,1,6,"Furniture","Chairs","South","Corporate","Standard Class"
2.6376,26.376,0.4,4,5,"Technology","Phones","East","Corporate","Standard Class"
107.7216,219.84,0,4,4,"Office Supplies","Paper","Central","Corporate","Standard Class"
-1.428,19.04,0.2,4,4,"Technology","Accessories","Central","Corporate","Second Class"
4.8986,69.98,0,2,3,"Technology","Accessories","East","Corporate","First Class"
1.6038,5.94,0,3,4,"Technology","Phones","East","Home Office","Standard Class"
-20.997,83.988,0.4,2,3,"Technology","Phones","East","Consumer","First Class"
36.693,81.54,0,9,5,"Office Supplies","Paper","East","Consumer","Second Class"
11.5432,24.56,0,2,4,"Office Supplies","Paper","West","Consumer","Standard Class"
7.4872,15.28,0,2,3,"Office Supplies","Envelopes","Central","Home Office","First Class"
-0.99,1.188,0.7,2,3,"Office Supplies","Binders","West","Corporate","Second Class"
125.3,1432,0.2,5,5,"Technology","Phones","West","Consumer","Standard Class"
-5.7638,7.518,0.7,2,3,"Office Supplies","Binders","East","Corporate","First Class"
76.2525,305.01,0,9,5,"Office Supplies","Storage","West","Consumer","Standard Class"
113.6742,391.98,0,2,2,"Technology","Phones","East","Consumer","First Class"
-50.8704,254.352,0.2,6,4,"Office Supplies","Storage","East","Corporate","Standard Class"
5.3392,11.36,0,2,5,"Office Supplies","Envelopes","South","Corporate","Standard Class"
32.346,71.88,0,2,2,"Office Supplies","Envelopes","South","Home Office","Second Class"
19.4352,485.88,0,6,6,"Office Supplies","Storage","West","Consumer","Standard Class"
11.5536,31.872,0.2,8,4,"Office Supplies","Paper","Central","Corporate","Standard Class"
6.912,23.04,0,8,4,"Office Supplies","Art","West","Corporate","Standard Class"
4.3176,43.176,0.2,3,6,"Office Supplies","Art","West","Consumer","Standard Class"
16.8413,34.37,0,7,7,"Office Supplies","Binders","Central","Corporate","Standard Class"
9.4924,49.96,0,2,2,"Office Supplies","Storage","East","Corporate","Second Class"
323.946,1199.8,0,4,5,"Technology","Phones","Central","Home Office","Standard Class"
6.792,67.92,0.2,5,1,"Office Supplies","Art","South","Home Office","First Class"
5.798,231.92,0.2,5,4,"Furniture","Bookcases","South","Consumer","Standard Class"
5.373,15.92,0.2,5,3,"Office Supplies","Binders","East","Corporate","Second Class"
274.386,979.95,0,5,3,"Technology","Phones","South","Consumer","Second Class"
29.364,78.304,0.2,2,4,"Office Supplies","Paper","South","Corporate","Standard Class"
735.0336,2625.12,0,8,4,"Office Supplies","Appliances","East","Consumer","Second Class"
7.9188,105.584,0.2,2,4,"Technology","Phones","West","Home Office","Standard Class"
17.8794,68.112,0.2,3,4,"Technology","Accessories","South","Consumer","Standard Class"
-8.9964,39.984,0.2,2,5,"Technology","Phones","Central","Consumer","Standard Class"
20.1656,62.048,0.2,2,5,"Office Supplies","Binders","West","Consumer","Standard Class"
16.5242,45.584,0.2,11,6,"Office Supplies","Binders","West","Consumer","Standard Class"
-6.4233,171.288,0.2,3,5,"Furniture","Tables","West","Corporate","Standard Class"
93.2232,599.292,0.1,6,5,"Furniture","Chairs","East","Consumer","Standard Class"
83.733,214.7,0,5,4,"Furniture","Furnishings","East","Corporate","Standard Class"
75.68,756.8,0,5,0,"Furniture","Furnishings","East","Corporate","Same Day"
26.1096,60.72,0,3,7,"Furniture","Furnishings","East","Consumer","Standard Class"
1.0797,86.376,0.2,3,5,"Technology","Accessories","East","Consumer","Standard Class"
-464.697,1548.99,0.4,9,4,"Furniture","Tables","East","Corporate","Standard Class"
2.2288,12.736,0.2,4,4,"Office Supplies","Art","Central","Consumer","Standard Class"
-9.5568,5.792,0.8,2,4,"Office Supplies","Binders","Central","Home Office","Standard Class"
81.921,174.3,0,3,4,"Office Supplies","Binders","East","Consumer","Standard Class"
10.4832,21.84,0,3,2,"Office Supplies","Envelopes","West","Consumer","First Class"
7.2576,20.736,0.2,4,3,"Office Supplies","Paper","East","Consumer","Second Class"
69.705,223.056,0.2,9,4,"Office Supplies","Paper","West","Consumer","Standard Class"
5.4432,15.552,0.2,3,5,"Office Supplies","Paper","West","Corporate","Standard Class"
2.9348,6.38,0,1,6,"Office Supplies","Binders","Central","Consumer","Standard Class"
22.992,47.9,0,1,0,"Office Supplies","Paper","West","Home Office","Same Day"
-18.8364,11.416,0.8,4,4,"Office Supplies","Binders","Central","Home Office","Standard Class"
-52.4544,32.784,0.8,4,3,"Office Supplies","Binders","Central","Consumer","First Class"
89.997,479.984,0.2,2,2,"Technology","Copiers","South","Consumer","Second Class"
137.151,279.9,0,5,4,"Office Supplies","Paper","South","Consumer","Standard Class"
-7.782,11.673,0.7,3,7,"Office Supplies","Binders","South","Corporate","Standard Class"
12,50,0,2,4,"Technology","Accessories","East","Consumer","Standard Class"
22.0748,76.12,0,2,4,"Office Supplies","Appliances","West","Consumer","Second Class"
100.122,455.1,0,2,1,"Furniture","Tables","South","Home Office","First Class"
15.6768,34.08,0,2,2,"Office Supplies","Binders","East","Consumer","Second Class"
-8.5794,600.558,0.3,3,5,"Furniture","Chairs","Central","Consumer","Standard Class"
2.9592,10.96,0,4,4,"Office Supplies","Art","South","Corporate","Standard Class"
8.5728,18.24,0,3,6,"Office Supplies","Binders","Central","Home Office","Standard Class"
7.128,15.84,0,3,6,"Office Supplies","Paper","South","Consumer","Standard Class"
7.9984,99.98,0,2,2,"Technology","Accessories","West","Corporate","First Class"
76.3152,293.52,0,6,5,"Office Supplies","Appliances","East","Consumer","Second Class"
19.6224,56.064,0.2,4,1,"Office Supplies","Paper","West","Consumer","First Class"
9.5992,95.992,0.2,1,6,"Technology","Phones","Central","Consumer","Standard Class"
4.3524,16.74,0,2,4,"Furniture","Furnishings","West","Consumer","Standard Class"
0.7665,8.76,0.2,5,5,"Office Supplies","Art","South","Consumer","Standard Class"
12.0252,36.44,0,4,4,"Office Supplies","Art","Central","Home Office","Standard Class"
7.6798,16.34,0,2,4,"Office Supplies","Paper","West","Consumer","Standard Class"
9.3312,19.44,0,3,5,"Office Supplies","Paper","South","Home Office","Standard Class"
148.491,494.97,0,3,5,"Technology","Phones","South","Corporate","Second Class"
1014.9797,2799.944,0.2,7,7,"Technology","Copiers","East","Consumer","Standard Class"
9.9936,27.76,0,4,3,"Office Supplies","Art","West","Consumer","First Class"
4.756,16.4,0,5,3,"Office Supplies","Art","Central","Corporate","Second Class"
25.3302,68.46,0,7,3,"Technology","Accessories","West","Consumer","Second Class"
31.494,83.984,0.2,2,5,"Technology","Phones","West","Corporate","Standard Class"
10.906,57.4,0,5,7,"Technology","Accessories","Central","Home Office","Standard Class"
14.5638,40.176,0.2,3,3,"Office Supplies","Binders","East","Corporate","Second Class"
53.9946,199.98,0,2,3,"Technology","Phones","East","Corporate","First Class"
16.848,37.44,0,6,6,"Office Supplies","Paper","West","Consumer","Standard Class"
-4.908,39.264,0.2,3,0,"Technology","Accessories","Central","Consumer","Same Day"
17.38,69.52,0,2,5,"Office Supplies","Storage","West","Consumer","Second Class"
52.9173,470.376,0.2,3,1,"Technology","Phones","Central","Consumer","First Class"
12.7008,36.288,0.2,7,4,"Office Supplies","Paper","Central","Corporate","Standard Class"
2.1762,5.58,0,1,4,"Office Supplies","Art","East","Consumer","Standard Class"
24.9366,63.94,0,1,4,"Furniture","Furnishings","East","Consumer","Standard Class"
28.896,82.56,0.2,5,5,"Office Supplies","Binders","West","Home Office","Standard Class"
2.8224,5.76,0,2,2,"Office Supplies","Labels","East","Consumer","First Class"
57.5928,159.98,0,2,5,"Technology","Accessories","West","Corporate","Standard Class"
64.7892,431.928,0.2,9,4,"Technology","Accessories","West","Consumer","Standard Class"
10.4148,31.56,0,3,5,"Furniture","Furnishings","East","Corporate","Standard Class"
0.3822,4.368,0.2,3,3,"Office Supplies","Art","South","Consumer","Second Class"
51.1936,255.968,0.2,4,5,"Technology","Accessories","Central","Consumer","Standard Class"
2.2724,8.74,0,2,2,"Office Supplies","Appliances","East","Consumer","Second Class"
86.3856,179.97,0,3,4,"Technology","Accessories","West","Home Office","Standard Class"
19.5184,195.184,0.2,1,5,"Furniture","Chairs","West","Corporate","Second Class"
7.2576,20.736,0.2,4,4,"Office Supplies","Paper","West","Consumer","Standard Class"
-21.945,29.925,0.7,5,5,"Technology","Machines","West","Consumer","Standard Class"
68.585,236.5,0,10,2,"Office Supplies","Storage","West","Consumer","Second Class"
3.8775,15.51,0,1,2,"Office Supplies","Storage","West","Corporate","First Class"
16.194,269.9,0,5,2,"Office Supplies","Storage","East","Corporate","Second Class"
10.56,33.792,0.2,8,5,"Office Supplies","Paper","Central","Home Office","Standard Class"
-204.9996,301.47,0.5,3,4,"Furniture","Bookcases","East","Consumer","Standard Class"
47.8629,251.91,0,9,4,"Technology","Accessories","West","Corporate","Standard Class"
8.6391,29.79,0,3,1,"Office Supplies","Storage","West","Consumer","First Class"
-29.6058,359.499,0.15,3,4,"Furniture","Bookcases","West","Consumer","Standard Class"
7.9128,18.84,0,3,4,"Furniture","Furnishings","South","Consumer","Second Class"
9.102,22.2,0,6,7,"Furniture","Furnishings","East","Home Office","Standard Class"
4.5882,40.784,0.2,1,5,"Furniture","Chairs","West","Home Office","Standard Class"
-74.7456,29.312,0.8,8,2,"Office Supplies","Appliances","Central","Consumer","Second Class"
47.8065,164.85,0,3,3,"Technology","Phones","East","Consumer","First Class"
41.0388,186.54,0,3,4,"Furniture","Furnishings","South","Consumer","Standard Class"
6.5888,22.72,0,4,4,"Office Supplies","Supplies","East","Consumer","Standard Class"
20.967,244.615,0.3,1,5,"Furniture","Tables","East","Consumer","Second Class"
81.5949,383.976,0.2,3,2,"Technology","Accessories","South","Consumer","Second Class"
6.2244,14.82,0,3,5,"Furniture","Furnishings","West","Corporate","Standard Class"
467.9922,1199.98,0,2,4,"Technology","Copiers","East","Home Office","Standard Class"
3.1382,19.312,0.2,2,2,"Furniture","Furnishings","East","Consumer","Second Class"
8.3868,23.136,0.2,6,5,"Office Supplies","Binders","West","Corporate","Standard Class"
14.547,44.76,0.2,3,4,"Furniture","Furnishings","South","Consumer","Standard Class"
6.6294,18.288,0.2,6,2,"Office Supplies","Binders","West","Consumer","Second Class"
203.5644,782.94,0,3,2,"Furniture","Bookcases","East","Consumer","Second Class"
23.5872,87.36,0,6,5,"Office Supplies","Appliances","West","Home Office","Standard Class"
14.202,31.56,0,4,3,"Office Supplies","Fasteners","South","Consumer","First Class"
78.5088,270.72,0,3,5,"Office Supplies","Appliances","West","Home Office","Standard Class"
9.158,24.1,0,5,5,"Furniture","Furnishings","South","Consumer","Second Class"
11.88,26.4,0,5,6,"Office Supplies","Paper","East","Corporate","Standard Class"
28.7928,255.936,0.2,8,4,"Technology","Phones","West","Home Office","Standard Class"
19.3392,91.008,0.2,9,4,"Furniture","Furnishings","East","Consumer","Second Class"
13.572,180.96,0.2,5,7,"Technology","Phones","South","Consumer","Standard Class"
-192.0468,523.764,0.4,3,4,"Furniture","Tables","East","Corporate","Second Class"
6.03,19.296,0.2,3,6,"Office Supplies","Binders","West","Consumer","Standard Class"
3.6156,7.86,0,3,4,"Office Supplies","Fasteners","West","Home Office","Standard Class"
8.12,23.2,0.2,5,6,"Office Supplies","Binders","West","Corporate","Standard Class"
83.284,177.2,0,5,4,"Office Supplies","Paper","East","Corporate","Standard Class"
40.9216,127.88,0,2,5,"Furniture","Furnishings","South","Home Office","Standard Class"
-44.019,195.64,0.2,5,2,"Office Supplies","Storage","East","Consumer","First Class"
-16.1856,20.232,0.7,8,5,"Office Supplies","Binders","South","Corporate","Second Class"
4.0768,11.648,0.2,2,4,"Office Supplies","Paper","East","Corporate","Standard Class"
24.196,387.136,0.2,4,4,"Office Supplies","Appliances","South","Consumer","Standard Class"
6.7068,19.872,0.2,3,4,"Office Supplies","Envelopes","East","Corporate","Standard Class"
25.48,50.96,0,7,1,"Office Supplies","Paper","West","Corporate","First Class"
5.4432,15.552,0.2,3,3,"Office Supplies","Paper","East","Consumer","First Class"
-29.4368,147.184,0.2,2,5,"Office Supplies","Storage","East","Corporate","Standard Class"
13.5932,39.98,0,2,4,"Technology","Accessories","East","Consumer","Standard Class"
9.8856,27.46,0,2,0,"Furniture","Furnishings","East","Consumer","Same Day"
9.7176,242.94,0,3,5,"Office Supplies","Storage","East","Consumer","Standard Class"
16.7946,58.416,0.2,2,5,"Technology","Accessories","East","Consumer","Standard Class"
-1.11,0.444,0.8,1,4,"Office Supplies","Appliances","Central","Consumer","Standard Class"
-81.8544,409.272,0.4,2,4,"Furniture","Tables","East","Corporate","Standard Class"
6.149,23.65,0,1,4,"Office Supplies","Art","East","Consumer","Standard Class"
5.8604,11.96,0,2,6,"Office Supplies","Paper","West","Consumer","Standard Class"
80.3404,163.96,0,4,5,"Office Supplies","Paper","West","Home Office","Standard Class"
77.0352,770.352,0.2,3,3,"Furniture","Chairs","West","Corporate","Second Class"
32.1678,69.93,0,7,5,"Technology","Phones","East","Corporate","Standard Class"
123.7691,426.79,0,7,0,"Office Supplies","Appliances","East","Consumer","Same Day"
11.1776,39.92,0,4,6,"Furniture","Furnishings","West","Consumer","Standard Class"
286.713,2548.56,0.2,6,4,"Technology","Machines","West","Consumer","Standard Class"
13.3476,27.24,0,6,7,"Office Supplies","Binders","Central","Consumer","Standard Class"
137.54,343.85,0,5,4,"Furniture","Furnishings","South","Consumer","Standard Class"
32.5008,67.71,0,3,3,"Office Supplies","Paper","West","Consumer","Second Class"
157.3632,327.84,0,8,2,"Office Supplies","Binders","South","Corporate","Second Class"
6.7048,18.496,0.2,4,4,"Office Supplies","Paper","East","Home Office","Standard Class"
9.9652,113.888,0.2,2,2,"Furniture","Chairs","West","Consumer","Second Class"
-1.7892,2.556,0.7,3,4,"Office Supplies","Binders","East","Corporate","Standard Class"
-0.6048,3.024,0.2,3,4,"Office Supplies","Fasteners","West","Consumer","Standard Class"
42.747,683.952,0.2,3,5,"Furniture","Chairs","South","Home Office","Standard Class"
130.2075,385.8,0.2,5,2,"Technology","Machines","West","Consumer","Second Class"
0.7425,2.376,0.2,3,5,"Technology","Accessories","South","Corporate","Standard Class"
3.2161,8.872,0.2,1,6,"Office Supplies","Envelopes","East","Home Office","Standard Class"
2.6961,11.352,0.2,3,1,"Furniture","Furnishings","East","Corporate","First Class"
-4.577,5.97,0.7,5,4,"Office Supplies","Binders","South","Consumer","Standard Class"
0.504,1.344,0.2,1,4,"Office Supplies","Art","Central","Corporate","Standard Class"
18.3168,67.84,0,1,4,"Office Supplies","Appliances","West","Home Office","Standard Class"
16.1504,32.96,0,2,5,"Office Supplies","Binders","Central","Consumer","Second Class"
14.995,149.95,0,5,6,"Technology","Accessories","East","Consumer","Standard Class"
-213.5574,376.866,0.4,3,6,"Furniture","Tables","East","Corporate","Standard Class"
3.7996,8.26,0,2,4,"Office Supplies","Labels","West","Consumer","Standard Class"
7.2576,20.736,0.2,4,6,"Office Supplies","Paper","West","Home Office","Standard Class"
-39.637,213.43,0.3,5,3,"Furniture","Chairs","Central","Corporate","First Class"
3.6288,10.368,0.2,2,5,"Office Supplies","Paper","Central","Consumer","Standard Class"
5.0358,15.26,0,7,5,"Office Supplies","Fasteners","West","Consumer","Standard Class"
-153.3456,400.032,0.4,2,3,"Furniture","Tables","East","Consumer","First Class"
140.686,1406.86,0,7,4,"Furniture","Bookcases","West","Consumer","Standard Class"
9.116,21.2,0,2,6,"Technology","Accessories","Central","Home Office","Standard Class"
213.7044,821.94,0,6,3,"Technology","Phones","Central","Home Office","First Class"
1.0178,11.632,0.2,2,2,"Office Supplies","Supplies","East","Consumer","First Class"
24.1218,89.34,0,6,4,"Furniture","Furnishings","East","Consumer","Standard Class"
93.884,268.24,0.2,7,4,"Office Supplies","Paper","South","Consumer","Standard Class"
8.7384,31.776,0.2,4,2,"Office Supplies","Art","Central","Corporate","First Class"
1.7919,5.43,0,3,5,"Office Supplies","Fasteners","West","Consumer","Standard Class"
4.3308,12.832,0.2,2,5,"Office Supplies","Binders","West","Corporate","Standard Class"
2.9372,41.96,0,2,3,"Office Supplies","Storage","East","Consumer","First Class"
20.8719,79.512,0.2,3,4,"Technology","Accessories","Central","Corporate","Standard Class"
4.3368,13.344,0.2,6,2,"Office Supplies","Binders","West","Consumer","Second Class"
-13.7403,122.136,0.2,3,5,"Furniture","Chairs","West","Consumer","Standard Class"
68.9631,146.73,0,3,6,"Office Supplies","Paper","West","Consumer","Standard Class"
-11.596,78.8528,0.32,2,4,"Furniture","Bookcases","Central","Consumer","Standard Class"
17.158,37.3,0,2,4,"Furniture","Furnishings","Central","Corporate","Standard Class"
5.5071,15.192,0.2,3,3,"Office Supplies","Binders","West","Consumer","First Class"
25.011,222.32,0.2,7,5,"Office Supplies","Storage","East","Home Office","Standard Class"
-4.752,6.48,0.7,4,2,"Office Supplies","Binders","East","Consumer","First Class"
15.8376,211.168,0.2,4,1,"Technology","Phones","West","Consumer","First Class"
51.5543,109.69,0,7,5,"Office Supplies","Envelopes","East","Corporate","Second Class"
52.4895,149.97,0,3,4,"Technology","Accessories","West","Consumer","Standard Class"
6.2152,18.28,0,2,0,"Furniture","Furnishings","West","Consumer","Same Day"
37.884,135.3,0,5,3,"Furniture","Furnishings","East","Consumer","Second Class"
78.435,232.4,0.2,5,4,"Office Supplies","Binders","East","Consumer","Second Class"
30.09,177,0,3,4,"Technology","Accessories","West","Corporate","Standard Class"
4.2309,12.536,0.2,1,6,"Office Supplies","Envelopes","West","Consumer","Standard Class"
11.7782,25.06,0,2,2,"Office Supplies","Labels","South","Corporate","Second Class"
95.0968,262.336,0.2,8,4,"Office Supplies","Paper","Central","Consumer","Standard Class"
18.9888,41.28,0,6,0,"Office Supplies","Paper","East","Home Office","Same Day"
7.9984,99.98,0,2,2,"Technology","Accessories","South","Consumer","Second Class"
69.1008,143.96,0,4,4,"Office Supplies","Binders","South","Consumer","Standard Class"
5.77,11.54,0,2,5,"Office Supplies","Binders","Central","Consumer","Standard Class"
13.9972,79.984,0.2,2,4,"Technology","Accessories","Central","Consumer","Standard Class"
2.1336,6.096,0.2,2,6,"Office Supplies","Binders","West","Home Office","Standard Class"
50.12,572.8,0.2,2,3,"Technology","Phones","West","Consumer","First Class"
-7.46,8.952,0.7,2,6,"Office Supplies","Binders","East","Consumer","Standard Class"
134.9322,415.176,0.2,3,5,"Office Supplies","Binders","East","Consumer","Standard Class"
9.3312,19.44,0,3,5,"Office Supplies","Paper","West","Consumer","Standard Class"
15.552,32.4,0,5,4,"Office Supplies","Paper","Central","Consumer","Standard Class"
-2.214,1.476,0.8,3,5,"Office Supplies","Binders","Central","Consumer","Standard Class"
21,100,0,4,4,"Technology","Accessories","West","Home Office","Standard Class"
11.5432,24.56,0,2,6,"Office Supplies","Paper","East","Home Office","Standard Class"
1.6704,5.76,0,2,6,"Office Supplies","Art","West","Consumer","Standard Class"
6.2208,12.96,0,2,0,"Office Supplies","Paper","South","Consumer","Same Day"
8.4528,17.61,0,3,5,"Office Supplies","Paper","West","Corporate","Standard Class"
3.6288,10.368,0.2,2,5,"Office Supplies","Paper","South","Corporate","Standard Class"
10.8864,31.104,0.2,6,4,"Office Supplies","Paper","West","Consumer","Standard Class"
7.4592,26.64,0,1,4,"Furniture","Chairs","Central","Corporate","Standard Class"
3.3,30,0,2,1,"Technology","Accessories","East","Consumer","First Class"
22.5408,46.96,0,8,2,"Office Supplies","Paper","East","Corporate","Second Class"
-36.441,194.352,0.2,3,2,"Furniture","Chairs","West","Consumer","First Class"
-31.843,363.92,0.2,5,0,"Furniture","Chairs","West","Consumer","Same Day"
57.6,288,0.2,4,4,"Technology","Accessories","East","Consumer","Standard Class"
13.788,45.96,0,2,0,"Office Supplies","Appliances","West","Corporate","Same Day"
-4.9728,6.216,0.7,4,4,"Office Supplies","Binders","East","Home Office","Standard Class"
38.396,383.96,0.2,5,4,"Technology","Phones","West","Consumer","Second Class"
3.1104,6.48,0,1,5,"Office Supplies","Paper","West","Corporate","Standard Class"
28.3095,104.85,0,3,0,"Technology","Phones","South","Home Office","Same Day"
5.8744,83.92,0,4,4,"Furniture","Furnishings","East","Corporate","Standard Class"
91.9508,195.64,0,4,3,"Office Supplies","Paper","Central","Consumer","First Class"
3.792,11.85,0,3,0,"Office Supplies","Fasteners","South","Consumer","Same Day"
50.396,503.96,0.2,5,7,"Technology","Phones","South","Consumer","Standard Class"
-71.8905,108.925,0.5,1,4,"Furniture","Tables","Central","Home Office","Standard Class"
1.6896,3.52,0,2,5,"Office Supplies","Art","East","Home Office","Standard Class"
0,272.94,0,3,2,"Office Supplies","Storage","East","Consumer","Second Class"
-23.9372,239.372,0.3,2,5,"Furniture","Tables","East","Consumer","Standard Class"
6.8714,14.62,0,2,3,"Office Supplies","Labels","South","Consumer","First Class"
269.308,1035.8,0,4,0,"Technology","Machines","East","Corporate","Same Day"
35.245,599.165,0.15,5,0,"Furniture","Bookcases","West","Home Office","Same Day"
2.64,8.448,0.2,2,2,"Office Supplies","Paper","East","Corporate","Second Class"
22.6296,53.88,0,6,4,"Furniture","Furnishings","Central","Home Office","Standard Class"
-225.0976,956.6648,0.32,7,6,"Furniture","Bookcases","Central","Corporate","Standard Class"
0.4074,40.74,0,3,3,"Office Supplies","Storage","East","Consumer","Second Class"
8.073,17.94,0,3,4,"Office Supplies","Paper","East","Consumer","Standard Class"
-22.7964,31.086,0.7,3,4,"Office Supplies","Binders","East","Consumer","Standard Class"
4.756,16.4,0,5,3,"Office Supplies","Art","West","Consumer","First Class"
294.5488,841.568,0.2,2,5,"Office Supplies","Binders","East","Corporate","Standard Class"
7.2576,20.736,0.2,4,2,"Office Supplies","Paper","South","Corporate","First Class"
-2.918,46.688,0.2,4,3,"Technology","Accessories","Central","Home Office","First Class"
2.3409,8.67,0,1,4,"Office Supplies","Appliances","West","Consumer","Standard Class"
156.338,962.08,0.2,4,5,"Office Supplies","Appliances","South","Consumer","Standard Class"
45.576,151.92,0,4,5,"Office Supplies","Art","Central","Corporate","Standard Class"
3.8168,11.744,0.2,1,3,"Office Supplies","Binders","West","Consumer","Second Class"
2.2518,8.34,0,3,0,"Office Supplies","Art","West","Consumer","Same Day"
54.7136,341.96,0,2,2,"Furniture","Bookcases","Central","Consumer","First Class"
11.223,30.96,0.2,6,3,"Office Supplies","Paper","East","Home Office","Second Class"
1.6704,4.608,0.2,2,5,"Office Supplies","Labels","South","Home Office","Standard Class"
1.742,10.72,0.2,2,5,"Office Supplies","Art","East","Consumer","Standard Class"
33.93,90.48,0.2,3,4,"Office Supplies","Binders","East","Corporate","Standard Class"
42.3625,169.45,0,5,6,"Office Supplies","Storage","West","Consumer","Standard Class"
54.5832,454.86,0,7,5,"Office Supplies","Storage","West","Consumer","Standard Class"
22.6782,302.376,0.2,3,4,"Technology","Phones","West","Home Office","Standard Class"
0.4752,1.584,0.2,2,5,"Technology","Accessories","South","Consumer","Standard Class"
66.7152,889.536,0.2,8,2,"Technology","Phones","West","Home Office","Second Class"
23.5116,83.97,0,3,2,"Technology","Phones","East","Corporate","First Class"
48.4704,302.94,0,3,0,"Furniture","Chairs","Central","Consumer","Same Day"
8.019,29.7,0,3,0,"Office Supplies","Supplies","West","Consumer","Same Day"
10.7037,95.144,0.2,7,6,"Office Supplies","Art","West","Consumer","Standard Class"
0.5998,47.984,0.2,2,6,"Technology","Accessories","West","Consumer","Standard Class"
-3.81,4.572,0.7,4,6,"Office Supplies","Binders","South","Consumer","Standard Class"
27.0578,245.98,0,2,5,"Furniture","Chairs","East","Corporate","Second Class"
1.4456,5.56,0,2,6,"Office Supplies","Art","West","Home Office","Standard Class"
-12.432,18.648,0.7,7,4,"Office Supplies","Binders","South","Corporate","Standard Class"
-3.8864,77.728,0.2,2,4,"Furniture","Bookcases","South","Consumer","Standard Class"
53.2608,110.96,0,2,4,"Office Supplies","Paper","West","Consumer","Standard Class"
8.6016,17.92,0,4,6,"Office Supplies","Envelopes","South","Consumer","Standard Class"
137.2896,490.32,0,9,6,"Office Supplies","Appliances","Central","Home Office","Standard Class"
19.692,52.512,0.2,6,4,"Office Supplies","Envelopes","East","Consumer","Standard Class"
-26.8544,16.784,0.8,4,4,"Office Supplies","Binders","Central","Consumer","Standard Class"
3.894,77.88,0,2,5,"Office Supplies","Storage","West","Corporate","Standard Class"
153.0819,566.97,0,3,5,"Technology","Phones","East","Corporate","Standard Class"
-1.7495,139.96,0.2,5,5,"Technology","Accessories","East","Corporate","Standard Class"
11.1024,32.896,0.2,4,3,"Office Supplies","Paper","East","Home Office","Second Class"
1.8032,3.68,0,2,3,"Office Supplies","Fasteners","East","Corporate","First Class"
301.968,629.1,0,6,4,"Office Supplies","Paper","South","Home Office","Second Class"
1.2038,7.408,0.2,2,4,"Office Supplies","Art","East","Consumer","Standard Class"
11.673,31.128,0.2,3,4,"Office Supplies","Binders","West","Consumer","Standard Class"
17.524,67.4,0,5,6,"Office Supplies","Storage","Central","Home Office","Standard Class"
-157.9383,728.946,0.4,9,2,"Technology","Phones","East","Corporate","Second Class"
-336.6272,210.392,0.8,2,0,"Office Supplies","Binders","Central","Corporate","Same Day"
3.5256,10.848,0.2,2,5,"Office Supplies","Paper","East","Corporate","Standard Class"
120.9416,465.16,0,2,2,"Office Supplies","Appliances","East","Consumer","First Class"
610.8624,3393.68,0,8,4,"Furniture","Tables","West","Corporate","Standard Class"
-6.8816,16.192,0.6,2,4,"Furniture","Furnishings","Central","Consumer","Standard Class"
5.775,46.2,0.2,5,1,"Office Supplies","Art","Central","Consumer","First Class"
3.6162,7.38,0,1,3,"Office Supplies","Binders","East","Consumer","Second Class"
89.955,199.9,0,5,0,"Office Supplies","Envelopes","East","Consumer","Same Day"
-4.032,70.56,0.3,1,5,"Furniture","Tables","East","Corporate","Standard Class"
1.7004,10.464,0.2,6,5,"Office Supplies","Fasteners","East","Consumer","Second Class"
63.873,135.9,0,5,7,"Office Supplies","Envelopes","West","Consumer","Standard Class"
214.4675,1319.8,0.2,5,4,"Technology","Accessories","East","Corporate","Standard Class"
78.435,232.4,0.2,5,5,"Office Supplies","Binders","East","Consumer","Standard Class"
-2.3748,94.992,0.2,2,2,"Technology","Accessories","Central","Consumer","Second Class"
1.917,5.68,0.2,2,5,"Office Supplies","Fasteners","East","Home Office","Standard Class"
87.18,871.8,0.2,3,2,"Office Supplies","Appliances","South","Consumer","Second Class"
7.945,158.9,0,5,5,"Office Supplies","Storage","West","Consumer","Second Class"
-9.147,146.352,0.2,3,4,"Furniture","Chairs","West","Corporate","Standard Class"
5.1012,15.696,0.2,3,7,"Office Supplies","Paper","Central","Corporate","Standard Class"
59.6556,795.408,0.2,6,0,"Office Supplies","Appliances","East","Corporate","Same Day"
592.7896,2279.96,0,4,6,"Technology","Phones","East","Home Office","Standard Class"
-4.8588,388.704,0.2,6,5,"Furniture","Bookcases","East","Consumer","Standard Class"
12.0904,35.56,0,7,4,"Furniture","Furnishings","East","Home Office","Standard Class"
-3.564,4.86,0.7,3,1,"Office Supplies","Binders","East","Consumer","First Class"
14.2956,43.32,0,2,5,"Office Supplies","Appliances","West","Consumer","Standard Class"
5.7376,13.04,0,4,7,"Office Supplies","Art","East","Consumer","Standard Class"
-46.225,55.47,0.7,5,5,"Office Supplies","Binders","East","Corporate","Standard Class"
20.844,69.48,0,1,4,"Office Supplies","Appliances","West","Corporate","Second Class"
78.7671,700.152,0.2,3,0,"Furniture","Chairs","West","Corporate","Same Day"
73.41,146.82,0,3,5,"Office Supplies","Paper","East","Consumer","Second Class"
22.5296,225.296,0.2,2,4,"Furniture","Chairs","West","Consumer","Standard Class"
15.525,51.75,0,1,5,"Furniture","Furnishings","South","Consumer","Standard Class"
41.934,144.6,0,3,5,"Office Supplies","Art","West","Consumer","Standard Class"
-54.882,243.92,0.2,5,5,"Office Supplies","Storage","South","Consumer","Standard Class"
-913.176,1369.764,0.7,6,1,"Office Supplies","Binders","East","Consumer","First Class"
18.4548,120.666,0.15,2,5,"Furniture","Bookcases","West","Consumer","Standard Class"
2.79,11.16,0,2,4,"Office Supplies","Art","West","Home Office","Second Class"
3.0576,6.24,0,2,5,"Office Supplies","Binders","East","Corporate","Standard Class"
45.2226,155.94,0,6,4,"Office Supplies","Art","East","Consumer","Standard Class"
41.88,558.4,0.2,2,6,"Technology","Machines","West","Consumer","Standard Class"
56.324,563.24,0.2,5,4,"Furniture","Chairs","West","Corporate","Standard Class"
-1665.0522,3083.43,0.5,7,4,"Furniture","Bookcases","East","Consumer","Standard Class"
18.8993,65.17,0,7,1,"Office Supplies","Supplies","East","Consumer","First Class"
31.0446,344.94,0,3,5,"Furniture","Bookcases","East","Consumer","Second Class"
6.4864,64.864,0.2,4,3,"Office Supplies","Appliances","West","Corporate","Second Class"
5.8812,16.224,0.2,2,5,"Office Supplies","Paper","East","Home Office","Standard Class"
2.578,25.78,0,2,2,"Technology","Accessories","West","Consumer","First Class"
1.6848,4.992,0.2,3,4,"Office Supplies","Binders","East","Corporate","Standard Class"
22.5732,69.456,0.2,2,1,"Office Supplies","Binders","West","Corporate","Same Day"
5.9598,22.704,0.2,1,6,"Technology","Accessories","South","Consumer","Standard Class"
14.5152,41.472,0.2,8,1,"Office Supplies","Paper","Central","Corporate","First Class"
10.089,33.63,0,3,3,"Office Supplies","Storage","West","Consumer","Second Class"
1.9024,6.56,0,2,5,"Office Supplies","Art","West","Consumer","Second Class"
9.072,25.92,0.2,5,5,"Office Supplies","Paper","South","Consumer","Standard Class"
19.9665,177.48,0.2,3,5,"Technology","Phones","South","Consumer","Standard Class"
-47.0304,235.152,0.4,8,6,"Technology","Phones","East","Consumer","Standard Class"
3.1104,6.48,0,1,4,"Office Supplies","Paper","East","Corporate","Standard Class"
6.1192,61.192,0.2,1,4,"Technology","Phones","West","Home Office","Standard Class"
41.5104,90.24,0,6,2,"Office Supplies","Paper","West","Consumer","Second Class"
28.497,94.99,0,1,5,"Technology","Accessories","West","Home Office","Standard Class"
18.093,48.9,0,5,4,"Technology","Accessories","South","Home Office","Standard Class"
-64.5444,573.728,0.2,4,7,"Furniture","Tables","West","Consumer","Standard Class"
11.454,24.9,0,5,7,"Office Supplies","Labels","East","Corporate","Standard Class"
7.68,16,0,4,4,"Office Supplies","Paper","South","Corporate","Standard Class"
23.4552,64.704,0.2,3,4,"Office Supplies","Paper","South","Consumer","Standard Class"
-7.8225,4.47,0.8,3,6,"Office Supplies","Binders","Central","Home Office","Standard Class"
8.022,22.92,0.2,5,5,"Office Supplies","Binders","West","Consumer","Standard Class"
2.6964,23.968,0.2,7,1,"Office Supplies","Art","South","Consumer","First Class"
2.7846,10.71,0,3,7,"Office Supplies","Art","East","Consumer","Standard Class"
23.4976,67.136,0.2,4,2,"Office Supplies","Binders","West","Home Office","Second Class"
1.3944,3.984,0.2,1,3,"Office Supplies","Binders","West","Consumer","First Class"
34.386,78.15,0,1,1,"Technology","Accessories","East","Consumer","First Class"
83.9916,199.98,0,2,5,"Technology","Accessories","East","Consumer","Standard Class"
9.9468,29.472,0.2,3,4,"Office Supplies","Paper","Central","Home Office","Second Class"
11.375,22.75,0,5,3,"Office Supplies","Binders","South","Consumer","Second Class"
28.4102,344.981,0.15,7,2,"Furniture","Bookcases","West","Consumer","Second Class"
8399.976,17499.95,0,5,7,"Technology","Copiers","Central","Corporate","Standard Class"
24.8832,51.84,0,8,2,"Office Supplies","Paper","East","Home Office","First Class"
49.3164,657.552,0.2,6,4,"Technology","Phones","Central","Consumer","Standard Class"
3.4686,7.38,0,2,0,"Office Supplies","Labels","Central","Corporate","Same Day"
131.355,437.85,0,3,5,"Technology","Phones","East","Corporate","Standard Class"
7.254,24.18,0,2,5,"Office Supplies","Appliances","Central","Consumer","Second Class"
0.7938,2.94,0,1,7,"Office Supplies","Art","West","Corporate","Standard Class"
5.842,12.7,0,2,4,"Office Supplies","Paper","East","Consumer","Standard Class"
2.5536,14.592,0.2,3,3,"Office Supplies","Art","East","Consumer","First Class"
4.004,24.64,0.2,4,1,"Furniture","Furnishings","West","Corporate","First Class"
-1.6752,5.584,0.6,2,4,"Furniture","Furnishings","Central","Consumer","Standard Class"
6.8768,24.56,0,2,4,"Office Supplies","Storage","Central","Consumer","Standard Class"
9.9882,332.94,0,3,5,"Office Supplies","Storage","Central","Corporate","Standard Class"
1.764,5.04,0.2,2,4,"Office Supplies","Labels","Central","Consumer","Standard Class"
-4.577,5.97,0.7,5,4,"Office Supplies","Binders","East","Corporate","Standard Class"
0,683.144,0.3,4,5,"Furniture","Chairs","Central","Consumer","Standard Class"
10.794,172.704,0.2,6,4,"Office Supplies","Art","South","Corporate","Standard Class"
-31.332,17.904,0.8,6,7,"Office Supplies","Binders","Central","Consumer","Standard Class"
113.848,406.6,0,5,0,"Office Supplies","Appliances","West","Consumer","Same Day"
-10.3824,14.832,0.7,3,1,"Office Supplies","Binders","East","Home Office","First Class"
55.745,445.96,0.2,5,7,"Technology","Phones","West","Consumer","Standard Class"
29.673,87.92,0.2,5,4,"Office Supplies","Envelopes","Central","Corporate","Standard Class"
-42.4116,242.352,0.2,3,2,"Furniture","Chairs","West","Consumer","First Class"
38.0864,380.864,0.2,8,3,"Technology","Phones","West","Corporate","First Class"
81.583,479.9,0,5,4,"Furniture","Chairs","Central","Home Office","Standard Class"
5.8708,22.58,0,2,5,"Office Supplies","Storage","East","Consumer","Second Class"
13.7646,122.352,0.2,3,5,"Furniture","Chairs","West","Consumer","Standard Class"
-786.744,590.058,0.7,7,4,"Furniture","Bookcases","West","Consumer","Standard Class"
15.4752,59.52,0,3,4,"Office Supplies","Art","West","Consumer","Standard Class"
-8.9796,12.828,0.7,2,4,"Office Supplies","Binders","East","Corporate","Standard Class"
-2.5698,179.886,0.3,1,4,"Furniture","Chairs","Central","Corporate","Standard Class"
8.771,17.9,0,5,4,"Office Supplies","Fasteners","West","Corporate","Standard Class"
31.4916,68.46,0,7,0,"Office Supplies","Envelopes","East","Consumer","Same Day"
6.3504,12.96,0,2,4,"Office Supplies","Paper","South","Corporate","Standard Class"
11.98,47.92,0.2,2,3,"Technology","Accessories","South","Corporate","Second Class"
71.2296,273.96,0,2,2,"Furniture","Furnishings","South","Consumer","First Class"
76.6395,408.744,0.2,7,4,"Technology","Accessories","Central","Corporate","Second Class"
-29.4812,168.464,0.2,2,2,"Furniture","Furnishings","East","Corporate","First Class"
131.0296,503.96,0,4,5,"Technology","Phones","South","Home Office","Second Class"
2.394,31.92,0.2,2,4,"Technology","Phones","Central","Consumer","Standard Class"
1.7136,15.232,0.2,1,2,"Furniture","Furnishings","West","Corporate","Second Class"
-67.941,603.92,0.2,5,2,"Furniture","Chairs","West","Consumer","First Class"
9.264,24.704,0.2,2,5,"Office Supplies","Binders","West","Corporate","Standard Class"
8.28,18,0,5,2,"Office Supplies","Paper","East","Corporate","First Class"
155.25,517.5,0,6,6,"Furniture","Chairs","South","Consumer","Standard Class"
10.1094,27.888,0.2,7,5,"Office Supplies","Paper","South","Corporate","Second Class"
9.604,19.6,0,5,4,"Office Supplies","Fasteners","West","Consumer","Standard Class"
1.971,5.84,0.2,1,5,"Office Supplies","Binders","West","Consumer","Second Class"
7.2696,27.96,0,2,4,"Office Supplies","Supplies","West","Consumer","Standard Class"
0,218.352,0.2,3,4,"Furniture","Chairs","West","Consumer","Standard Class"
2.0979,7.77,0,1,6,"Office Supplies","Appliances","West","Corporate","Standard Class"
14.6224,69.264,0.1,2,4,"Furniture","Chairs","East","Home Office","Standard Class"
14.3952,47.984,0.2,2,2,"Technology","Accessories","East","Consumer","First Class"
8.9535,19.05,0,5,6,"Office Supplies","Binders","Central","Consumer","Standard Class"
-1.2178,85.246,0.3,2,6,"Furniture","Chairs","East","Consumer","Standard Class"
8.1552,81.552,0.2,2,5,"Office Supplies","Appliances","East","Consumer","Standard Class"
7.6986,23.688,0.2,9,4,"Office Supplies","Paper","Central","Corporate","Second Class"
55.016,220.064,0.2,4,5,"Furniture","Furnishings","South","Consumer","Standard Class"
-12.9792,4.992,0.8,3,4,"Office Supplies","Appliances","Central","Corporate","Standard Class"
6.888,19.68,0.2,5,5,"Office Supplies","Binders","West","Corporate","Standard Class"
3.36,10.752,0.2,4,5,"Office Supplies","Binders","East","Home Office","Standard Class"
-11.0691,98.392,0.2,1,5,"Furniture","Chairs","South","Corporate","Standard Class"
6.2292,17.184,0.2,6,3,"Office Supplies","Fasteners","East","Home Office","First Class"
17.991,39.98,0,1,5,"Office Supplies","Envelopes","East","Consumer","Standard Class"
19.7358,140.97,0,3,4,"Technology","Accessories","West","Consumer","Standard Class"
-18.186,254.604,0.3,14,4,"Furniture","Chairs","Central","Home Office","Standard Class"
8.636,25.4,0,5,2,"Furniture","Furnishings","West","Consumer","First Class"
116.872,1669.6,0,4,4,"Furniture","Tables","West","Consumer","Second Class"
18.4632,43.96,0,7,6,"Furniture","Furnishings","West","Consumer","Standard Class"
320.3172,1685.88,0,6,1,"Furniture","Tables","West","Corporate","First Class"
8.9544,25.584,0.2,2,4,"Office Supplies","Binders","West","Corporate","Second Class"
60.2553,122.97,0,3,4,"Office Supplies","Paper","South","Corporate","Standard Class"
-45.84,30.56,0.8,5,6,"Office Supplies","Binders","Central","Home Office","Standard Class"
18.6956,84.98,0,1,4,"Furniture","Bookcases","West","Home Office","Standard Class"
17.9592,51.312,0.2,3,3,"Office Supplies","Binders","West","Consumer","First Class"
-63.1092,86.058,0.7,7,2,"Office Supplies","Binders","South","Consumer","Second Class"
5.5341,14.19,0,3,0,"Furniture","Furnishings","West","Consumer","Same Day"
14.5348,40.096,0.2,14,2,"Office Supplies","Fasteners","East","Consumer","Second Class"
13.1956,47.984,0.2,2,7,"Technology","Accessories","East","Corporate","Standard Class"
13.9185,41.24,0.2,5,2,"Office Supplies","Paper","East","Corporate","Second Class"
84.2352,350.98,0,1,5,"Furniture","Chairs","South","Consumer","Standard Class"
-145.176,96.784,0.8,4,3,"Office Supplies","Binders","Central","Consumer","First Class"
-2.22,88.8,0.2,4,4,"Office Supplies","Storage","Central","Consumer","Standard Class"
2.04,27.2,0.2,4,3,"Office Supplies","Supplies","East","Consumer","First Class"
-34.9176,611.058,0.3,3,0,"Furniture","Chairs","East","Corporate","Same Day"
19.4352,194.352,0.2,3,4,"Furniture","Chairs","West","Consumer","Standard Class"
-5.7588,153.568,0.2,2,2,"Furniture","Chairs","West","Consumer","Second Class"
3.5767,7.61,0,1,6,"Office Supplies","Paper","West","Consumer","Standard Class"
13.452,35.4,0,5,0,"Office Supplies","Art","West","Consumer","Same Day"
-6.03,7.236,0.7,3,5,"Office Supplies","Binders","East","Consumer","Standard Class"
31.8892,65.08,0,4,5,"Office Supplies","Binders","East","Corporate","Standard Class"
4.36,43.6,0.2,5,5,"Technology","Phones","South","Corporate","Standard Class"
25.176,104.9,0,5,4,"Office Supplies","Storage","East","Corporate","Standard Class"
-167.986,299.975,0.5,5,4,"Furniture","Bookcases","East","Consumer","Standard Class"
-76.6062,191.5155,0.45,1,4,"Furniture","Tables","South","Consumer","Standard Class"
5.022,13.392,0.2,3,5,"Office Supplies","Envelopes","Central","Corporate","Standard Class"
10.9096,41.96,0,2,3,"Furniture","Furnishings","East","Consumer","First Class"
98.105,196.21,0,7,4,"Office Supplies","Binders","East","Corporate","Standard Class"
21.036,70.12,0,4,4,"Office Supplies","Supplies","East","Consumer","Standard Class"
8.0352,16.74,0,3,3,"Office Supplies","Binders","South","Corporate","First Class"
8.3268,30.84,0,2,4,"Office Supplies","Storage","South","Consumer","Standard Class"
-0.91,1.365,0.7,1,6,"Office Supplies","Binders","South","Consumer","Standard Class"
1.2528,16.704,0.2,6,4,"Office Supplies","Appliances","East","Home Office","Standard Class"
20.3439,95.736,0.2,3,0,"Technology","Accessories","Central","Consumer","Same Day"
8.4888,31.44,0,3,6,"Office Supplies","Storage","West","Corporate","Standard Class"
34.494,586.398,0.15,6,5,"Furniture","Bookcases","West","Corporate","Standard Class"
9.352,26.72,0.2,5,4,"Office Supplies","Paper","Central","Consumer","Second Class"
3.6288,10.368,0.2,2,4,"Office Supplies","Paper","South","Corporate","Standard Class"
349.3392,1247.64,0,3,5,"Office Supplies","Storage","East","Corporate","Second Class"
7.4872,15.28,0,2,4,"Office Supplies","Envelopes","Central","Home Office","Second Class"
3.401,17.9,0,2,6,"Technology","Accessories","West","Corporate","Standard Class"
15.552,32.4,0,5,5,"Office Supplies","Paper","South","Consumer","Standard Class"
3.7743,13.128,0.2,3,4,"Furniture","Furnishings","South","Consumer","Second Class"
9.3624,19.92,0,4,5,"Office Supplies","Paper","Central","Corporate","Standard Class"
-9.705,6.47,0.8,5,4,"Office Supplies","Binders","Central","Consumer","Standard Class"
5.1015,26.85,0,3,3,"Technology","Accessories","West","Home Office","First Class"
2.9568,6.16,0,2,7,"Office Supplies","Labels","Central","Consumer","Standard Class"
13.2986,28.91,0,7,4,"Office Supplies","Labels","Central","Consumer","Standard Class"
-347.1174,991.764,0.4,3,5,"Furniture","Tables","East","Corporate","Standard Class"
4.1652,12.816,0.2,3,5,"Office Supplies","Binders","West","Consumer","Second Class"
-7.764,5.176,0.8,4,4,"Office Supplies","Binders","Central","Consumer","Standard Class"
60.2553,122.97,0,3,5,"Office Supplies","Paper","East","Consumer","Second Class"
1.112,4.448,0.2,2,0,"Office Supplies","Art","South","Consumer","Same Day"
168.4384,647.84,0,8,3,"Office Supplies","Appliances","South","Corporate","First Class"
2.37,15.8,0.2,5,0,"Office Supplies","Fasteners","East","Corporate","Same Day"
9.3312,19.44,0,3,7,"Office Supplies","Paper","West","Consumer","Standard Class"
-25.648,16.03,0.8,5,2,"Office Supplies","Binders","Central","Corporate","First Class"
-26.6352,532.704,0.2,6,4,"Furniture","Furnishings","East","Corporate","Standard Class"
27.8944,60.64,0,4,3,"Office Supplies","Binders","South","Corporate","Second Class"
3.1536,9.344,0.2,2,7,"Office Supplies","Art","Central","Consumer","Standard Class"
13.846,79.12,0.2,5,5,"Furniture","Furnishings","South","Corporate","Standard Class"
12.5832,44.94,0,3,0,"Office Supplies","Storage","East","Consumer","Same Day"
5.9211,17.544,0.2,3,4,"Office Supplies","Labels","South","Corporate","Standard Class"
10.9494,99.54,0,2,3,"Technology","Accessories","West","Consumer","First Class"
41.076,136.92,0,4,1,"Furniture","Furnishings","West","Corporate","First Class"
15.093,46.44,0.2,3,4,"Office Supplies","Binders","West","Consumer","Standard Class"
63.6825,303.25,0,5,5,"Furniture","Furnishings","West","Home Office","Standard Class"
21.1428,563.808,0.2,4,5,"Office Supplies","Storage","East","Home Office","Standard Class"
26.985,107.94,0,3,5,"Office Supplies","Art","Central","Home Office","Standard Class"
15.2,30.4,0,5,7,"Office Supplies","Fasteners","West","Consumer","Standard Class"
944.9865,2799.96,0.2,5,2,"Technology","Copiers","West","Consumer","Second Class"
5.616,12.48,0,2,4,"Office Supplies","Paper","South","Consumer","Standard Class"
6.854,14.9,0,5,5,"Office Supplies","Fasteners","West","Corporate","Standard Class"
3.1806,13.392,0.2,3,5,"Office Supplies","Art","Central","Consumer","Standard Class"
-20.1362,84.784,0.2,2,5,"Technology","Phones","West","Home Office","Standard Class"
2.0358,6.264,0.2,3,5,"Office Supplies","Labels","South","Consumer","Standard Class"
1.2714,3.912,0.2,1,4,"Office Supplies","Binders","West","Corporate","Standard Class"
3.475,11.12,0.2,2,5,"Technology","Phones","Central","Consumer","Standard Class"
13.8579,158.376,0.2,3,5,"Technology","Phones","Central","Corporate","Standard Class"
32.6628,290.336,0.2,2,0,"Office Supplies","Storage","Central","Consumer","Same Day"
5.7825,18.504,0.2,3,5,"Office Supplies","Binders","West","Consumer","Standard Class"
10.518,35.06,0,2,2,"Office Supplies","Supplies","South","Home Office","First Class"
109.3338,404.94,0,3,4,"Technology","Phones","Central","Corporate","Second Class"
116.2425,371.976,0.2,3,5,"Technology","Machines","West","Consumer","Standard Class"
111.824,385.6,0,8,7,"Office Supplies","Art","West","Corporate","Standard Class"
200.8638,1115.91,0,9,4,"Technology","Accessories","West","Consumer","Standard Class"
0.5904,5.248,0.2,2,7,"Office Supplies","Art","East","Consumer","Standard Class"
1.176,4.2,0,2,7,"Office Supplies","Art","West","Corporate","Standard Class"
8.88,23.68,0.2,2,6,"Office Supplies","Labels","Central","Home Office","Standard Class"
272.792,1049.2,0,5,5,"Furniture","Furnishings","West","Home Office","Standard Class"
54.8604,111.96,0,2,4,"Office Supplies","Paper","East","Corporate","Standard Class"
0.6624,3.312,0.2,1,4,"Furniture","Furnishings","East","Corporate","Standard Class"
3.4092,340.92,0,3,2,"Office Supplies","Storage","West","Consumer","Second Class"
7.2576,20.736,0.2,4,1,"Office Supplies","Paper","Central","Corporate","First Class"
103.8015,384.45,0,11,4,"Technology","Phones","Central","Corporate","Standard Class"
165.7176,571.44,0,4,4,"Office Supplies","Storage","South","Consumer","Standard Class"
3.1008,9.12,0,3,4,"Office Supplies","Art","West","Consumer","Standard Class"
4.1769,15.47,0,7,5,"Office Supplies","Art","South","Corporate","Second Class"
3.9771,11.784,0.2,3,2,"Office Supplies","Binders","West","Corporate","Second Class"
3.15,9,0.2,3,4,"Office Supplies","Labels","South","Corporate","Standard Class"
-46.8776,63.924,0.7,7,5,"Office Supplies","Binders","East","Consumer","Standard Class"
-6.5736,8.964,0.7,6,6,"Office Supplies","Binders","West","Home Office","Standard Class"
-15.5268,34.504,0.6,2,4,"Furniture","Furnishings","Central","Corporate","Standard Class"
9.8856,27.46,0,2,7,"Furniture","Furnishings","East","Home Office","Standard Class"
0.7392,4.928,0.2,2,6,"Furniture","Furnishings","South","Corporate","Standard Class"
5.3721,11.43,0,3,4,"Office Supplies","Binders","South","Corporate","Standard Class"
64.7892,431.928,0.2,9,4,"Technology","Accessories","Central","Consumer","Standard Class"
265.4232,758.352,0.2,6,5,"Technology","Phones","Central","Home Office","Second Class"
2.1684,8.34,0,3,6,"Office Supplies","Art","South","Consumer","Standard Class"
28.629,477.15,0,5,2,"Office Supplies","Storage","West","Consumer","First Class"
4.4352,9.24,0,3,4,"Office Supplies","Labels","West","Corporate","Standard Class"
4.9497,70.71,0,1,3,"Furniture","Furnishings","East","Consumer","First Class"
17.9634,38.22,0,6,4,"Office Supplies","Binders","Central","Consumer","Standard Class"
4.9878,23.472,0.2,3,0,"Technology","Accessories","South","Consumer","Same Day"
-6.237,3.564,0.8,3,5,"Office Supplies","Binders","Central","Corporate","Second Class"
0.5998,47.984,0.2,2,4,"Technology","Accessories","East","Consumer","Second Class"
3.1552,8.704,0.2,2,2,"Office Supplies","Binders","West","Consumer","First Class"
3.4496,9.856,0.2,4,6,"Office Supplies","Labels","Central","Corporate","Standard Class"
91.7728,327.76,0,8,7,"Furniture","Furnishings","West","Consumer","Standard Class"
2.0394,81.576,0.2,3,5,"Technology","Accessories","Central","Consumer","Standard Class"
42.8148,152.91,0,3,4,"Office Supplies","Appliances","West","Consumer","Standard Class"
35.415,113.328,0.2,9,4,"Office Supplies","Envelopes","Central","Home Office","Standard Class"
11.196,447.84,0.2,5,3,"Furniture","Tables","West","Corporate","First Class"
-1.624,25.984,0.2,2,4,"Office Supplies","Storage","South","Consumer","Standard Class"
5.6644,11.56,0,2,3,"Office Supplies","Paper","Central","Consumer","First Class"
94.4925,377.97,0,3,2,"Technology","Phones","Central","Home Office","Second Class"
-24.7716,13.762,0.8,1,6,"Office Supplies","Appliances","Central","Corporate","Standard Class"
3.0096,8.36,0,2,3,"Furniture","Furnishings","West","Consumer","First Class"
245.7,850.5,0.1,5,4,"Office Supplies","Appliances","Central","Home Office","Second Class"
11.5432,24.56,0,2,4,"Office Supplies","Paper","South","Consumer","Second Class"
44.8896,160.32,0,2,2,"Office Supplies","Appliances","East","Consumer","First Class"
3.0498,17.94,0,3,5,"Office Supplies","Storage","East","Home Office","Standard Class"
173.7408,977.292,0.1,6,4,"Furniture","Chairs","East","Corporate","Standard Class"
8.7052,99.488,0.2,2,0,"Office Supplies","Storage","East","Corporate","Same Day"
-15.99,127.92,0.2,5,3,"Office Supplies","Storage","Central","Corporate","Second Class"
9.6192,20.04,0,3,3,"Office Supplies","Paper","West","Corporate","First Class"
843.1706,1793.98,0,2,3,"Office Supplies","Binders","Central","Consumer","First Class"
22.9954,79.984,0.2,2,4,"Technology","Accessories","East","Consumer","Second Class"
25.172,89.9,0,2,4,"Technology","Phones","South","Home Office","Standard Class"
-68.1096,419.136,0.2,4,5,"Furniture","Chairs","South","Consumer","Standard Class"
84.0512,182.72,0,8,6,"Office Supplies","Paper","West","Consumer","Standard Class"
72.432,241.44,0,3,2,"Office Supplies","Appliances","West","Consumer","Second Class"
-16.5396,10.024,0.8,4,3,"Office Supplies","Binders","Central","Consumer","First Class"
-9.1602,81.424,0.2,2,3,"Furniture","Chairs","West","Corporate","First Class"
-8.6768,5.104,0.8,4,5,"Office Supplies","Binders","Central","Consumer","Standard Class"
11.9952,59.976,0.2,3,7,"Technology","Accessories","East","Consumer","Standard Class"
3.0438,8.01,0,3,1,"Furniture","Furnishings","South","Consumer","First Class"
139.5702,1141.938,0.1,9,6,"Furniture","Chairs","East","Consumer","Standard Class"
16.704,148.48,0.2,2,4,"Technology","Phones","Central","Consumer","Standard Class"
4.914,15.12,0.2,3,2,"Office Supplies","Labels","South","Consumer","First Class"
38.997,311.976,0.2,3,5,"Technology","Phones","West","Corporate","Standard Class"
21.42,100.8,0.2,2,7,"Technology","Accessories","West","Corporate","Standard Class"
2.5896,7.968,0.2,2,6,"Office Supplies","Labels","Central","Home Office","Standard Class"
-14.5176,387.136,0.2,4,4,"Furniture","Bookcases","South","Home Office","Standard Class"
0.585,5.2,0.2,2,7,"Office Supplies","Appliances","South","Consumer","Standard Class"
0.1674,5.58,0,3,2,"Office Supplies","Fasteners","West","Home Office","Second Class"
129.3786,497.61,0,9,5,"Office Supplies","Storage","East","Corporate","Standard Class"
-12.288,18.432,0.7,8,2,"Office Supplies","Binders","East","Corporate","First Class"
14.2758,43.26,0,3,3,"Office Supplies","Appliances","West","Corporate","First Class"
5.6448,11.52,0,4,4,"Office Supplies","Binders","Central","Consumer","Standard Class"
4.108,15.8,0,4,5,"Office Supplies","Appliances","West","Corporate","Standard Class"
-2.0622,2.946,0.7,2,5,"Office Supplies","Binders","South","Consumer","Standard Class"
48.9516,206.112,0.2,6,5,"Furniture","Furnishings","West","Consumer","Standard Class"
69.0018,262.864,0.2,7,3,"Furniture","Furnishings","East","Consumer","First Class"
2.5056,8.64,0,3,3,"Office Supplies","Art","West","Home Office","First Class"
15.764,56.3,0,2,1,"Office Supplies","Art","West","Home Office","First Class"
1.7608,5.68,0,2,5,"Office Supplies","Art","West","Consumer","Standard Class"
43.9956,99.99,0,1,5,"Technology","Accessories","West","Corporate","Standard Class"
-204.4458,393.165,0.5,3,5,"Furniture","Tables","West","Consumer","Standard Class"
32.0598,178.11,0,3,5,"Technology","Accessories","Central","Consumer","Standard Class"
-17.4432,30.336,0.6,6,3,"Furniture","Furnishings","Central","Consumer","Second Class"
6.2208,12.96,0,2,5,"Office Supplies","Paper","South","Corporate","Standard Class"
6.156,18.24,0.2,6,5,"Office Supplies","Binders","East","Consumer","Standard Class"
3.3544,9.584,0.2,1,5,"Office Supplies","Binders","West","Corporate","Standard Class"
1.323,11.76,0.2,5,7,"Office Supplies","Art","South","Corporate","Standard Class"
41.535,106.5,0,6,1,"Technology","Accessories","South","Consumer","First Class"
3.1104,6.48,0,1,6,"Office Supplies","Paper","East","Corporate","Standard Class"
4.7724,238.62,0,2,4,"Office Supplies","Supplies","West","Corporate","Standard Class"
16.1838,47.952,0.2,3,3,"Office Supplies","Paper","Central","Consumer","First Class"
-1.9744,1.234,0.8,1,4,"Office Supplies","Binders","Central","Consumer","Standard Class"
23.4416,83.72,0,7,4,"Technology","Phones","South","Consumer","Standard Class"
35.0973,389.97,0,3,4,"Furniture","Chairs","Central","Consumer","Standard Class"
5.6994,12.39,0,3,4,"Office Supplies","Labels","South","Corporate","Standard Class"
4.1965,47.96,0.2,5,4,"Office Supplies","Art","South","Home Office","Standard Class"
16.7776,59.92,0,4,3,"Office Supplies","Storage","South","Corporate","Second Class"
68.5965,783.96,0.2,5,4,"Technology","Phones","West","Consumer","Standard Class"
-247.7988,145.764,0.7,6,3,"Furniture","Bookcases","West","Consumer","Second Class"
647.892,2399.6,0,8,2,"Technology","Phones","East","Home Office","First Class"
-8.5008,16.192,0.6,2,0,"Furniture","Furnishings","Central","Consumer","Same Day"
9.0055,29.05,0,5,4,"Office Supplies","Fasteners","Central","Home Office","Standard Class"
180.7659,368.91,0,9,4,"Office Supplies","Paper","West","Consumer","Standard Class"
5.842,12.7,0,2,6,"Office Supplies","Paper","East","Consumer","Standard Class"
-44.985,179.94,0.4,2,4,"Technology","Phones","East","Corporate","Standard Class"
-137.976,781.864,0.32,10,2,"Furniture","Bookcases","Central","Corporate","Second Class"
47.241,125.976,0.2,3,5,"Technology","Phones","West","Corporate","Second Class"
2.8392,127.764,0.1,2,5,"Furniture","Chairs","East","Corporate","Standard Class"
13.455,29.9,0,5,7,"Office Supplies","Paper","West","Home Office","Standard Class"
42.3625,169.45,0,5,5,"Office Supplies","Storage","Central","Home Office","Standard Class"
0.372,5.952,0.2,1,3,"Office Supplies","Art","Central","Consumer","First Class"
10.3488,21.56,0,7,2,"Office Supplies","Labels","East","Corporate","First Class"
13.455,29.9,0,5,0,"Office Supplies","Paper","West","Consumer","Same Day"
4.6088,13.168,0.2,2,5,"Office Supplies","Binders","East","Corporate","Standard Class"
67.4424,186.048,0.2,6,1,"Office Supplies","Paper","Central","Consumer","First Class"
0.4644,6.192,0.2,3,6,"Office Supplies","Art","South","Home Office","Standard Class"
33.64,107.648,0.2,2,6,"Office Supplies","Binders","West","Corporate","Standard Class"
9.102,22.2,0,6,5,"Furniture","Furnishings","South","Consumer","Standard Class"
9.3312,19.44,0,3,7,"Office Supplies","Paper","East","Consumer","Standard Class"
-87.6672,438.336,0.2,4,6,"Technology","Phones","West","Consumer","Standard Class"
-0.8999,71.992,0.2,1,6,"Furniture","Chairs","West","Consumer","Standard Class"
37.7874,89.97,0,3,3,"Technology","Accessories","West","Consumer","First Class"
4.6552,16.192,0.2,1,3,"Furniture","Furnishings","West","Consumer","Second Class"
-88.784,388.43,0.3,5,0,"Furniture","Chairs","Central","Consumer","Same Day"
-1.0196,71.372,0.3,2,2,"Furniture","Chairs","East","Consumer","Second Class"
-31.4874,139.944,0.2,7,6,"Technology","Phones","West","Consumer","Standard Class"
6.567,19.9,0,5,6,"Office Supplies","Art","West","Consumer","Standard Class"
161.9919,479.976,0.2,3,6,"Technology","Copiers","West","Consumer","Standard Class"
28.3479,323.976,0.2,3,2,"Technology","Phones","South","Corporate","First Class"
2.772,31.68,0.2,4,7,"Office Supplies","Supplies","Central","Consumer","Standard Class"
70.5456,153.36,0,9,5,"Office Supplies","Binders","East","Consumer","Standard Class"
7.596,60.768,0.2,2,1,"Office Supplies","Art","South","Corporate","First Class"
7.2576,20.736,0.2,4,5,"Office Supplies","Paper","South","Corporate","Second Class"
-13.3936,18.264,0.7,2,4,"Office Supplies","Binders","South","Corporate","Standard Class"
18.1044,38.52,0,9,6,"Office Supplies","Paper","East","Consumer","Standard Class"
-4.8392,411.332,0.15,4,4,"Furniture","Bookcases","West","Consumer","Standard Class"
0,1003.62,0,6,7,"Office Supplies","Storage","West","Consumer","Standard Class"
19.4376,59.808,0.2,3,6,"Office Supplies","Binders","West","Consumer","Standard Class"
26.973,72.9,0,5,5,"Furniture","Furnishings","West","Corporate","Standard Class"
3.912,13.04,0.2,5,2,"Office Supplies","Art","Central","Consumer","First Class"
6.5058,74.352,0.2,3,4,"Office Supplies","Art","Central","Corporate","Second Class"
-3.9384,4.923,0.7,3,7,"Office Supplies","Binders","East","Corporate","Standard Class"
34.4232,98.352,0.2,3,2,"Office Supplies","Binders","West","Consumer","Second Class"
2.8836,10.68,0,1,2,"Office Supplies","Storage","West","Corporate","Second Class"
15.5376,47.808,0.2,12,4,"Office Supplies","Labels","South","Corporate","Standard Class"
1.3316,26.632,0.2,1,2,"Office Supplies","Storage","Central","Consumer","Second Class"
69.705,154.9,0,5,2,"Office Supplies","Paper","East","Home Office","Second Class"
15.992,119.94,0.4,10,3,"Technology","Phones","East","Consumer","Second Class"
6.8982,229.94,0,2,5,"Office Supplies","Storage","Central","Consumer","Standard Class"
17.22,34.44,0,3,5,"Office Supplies","Paper","East","Home Office","Second Class"
181.176,603.92,0,4,4,"Furniture","Chairs","Central","Corporate","Standard Class"
-79.3352,51.184,0.8,4,5,"Office Supplies","Binders","Central","Consumer","Second Class"
5.6628,21.78,0,2,1,"Office Supplies","Appliances","West","Consumer","First Class"
6.3936,31.968,0.2,2,5,"Furniture","Furnishings","East","Consumer","Second Class"
83.2508,361.96,0,2,4,"Furniture","Bookcases","East","Corporate","Standard Class"
-0.6265,50.12,0.2,7,3,"Technology","Accessories","Central","Home Office","Second Class"
21.4452,46.62,0,9,6,"Office Supplies","Binders","South","Corporate","Standard Class"
-153.1224,382.806,0.4,9,3,"Furniture","Tables","East","Consumer","First Class"
-169.637,913.43,0.3,5,2,"Furniture","Tables","Central","Consumer","Second Class"
2.5056,8.64,0,3,5,"Office Supplies","Art","East","Consumer","Standard Class"
-170.8038,275.49,0.5,1,5,"Furniture","Tables","West","Consumer","Second Class"
-9.153,40.68,0.2,3,3,"Technology","Phones","Central","Consumer","First Class"
26.5824,81.792,0.2,6,7,"Office Supplies","Binders","West","Corporate","Standard Class"
33.936,96.96,0,6,4,"Furniture","Furnishings","West","Consumer","Standard Class"
-3.264,15.36,0.2,2,3,"Office Supplies","Supplies","West","Corporate","First Class"
7.0713,20.952,0.2,3,2,"Office Supplies","Binders","West","Corporate","Second Class"
-94.333,443.92,0.2,5,4,"Office Supplies","Storage","West","Consumer","Standard Class"
113.3055,335.72,0.2,5,2,"Office Supplies","Envelopes","Central","Home Office","First Class"
157.1292,872.94,0,3,2,"Furniture","Tables","South","Corporate","First Class"
23.992,239.92,0,8,7,"Technology","Accessories","South","Consumer","Standard Class"
-54.588,218.352,0.2,3,4,"Office Supplies","Storage","South","Consumer","Standard Class"
5.369,16.52,0.2,5,3,"Office Supplies","Labels","East","Consumer","First Class"
19.824,264.32,0.2,2,3,"Office Supplies","Storage","Central","Consumer","First Class"
-5.1396,359.772,0.3,2,5,"Furniture","Chairs","Central","Consumer","Standard Class"
1.2885,42.95,0,1,4,"Technology","Phones","East","Consumer","Standard Class"
-19.47,1362.9,0.3,3,6,"Technology","Machines","Central","Consumer","Standard Class"
-2.0016,2.502,0.7,3,2,"Office Supplies","Binders","East","Consumer","First Class"
18.2352,75.98,0,2,4,"Technology","Accessories","South","Corporate","Second Class"
-24.189,29.32,0.6,2,4,"Furniture","Furnishings","Central","Consumer","Standard Class"
-7.17,28.68,0.2,3,3,"Technology","Phones","West","Home Office","First Class"
48.94,97.88,0,2,5,"Office Supplies","Paper","South","Consumer","Standard Class"
3.9474,11.696,0.2,2,5,"Office Supplies","Labels","South","Home Office","Standard Class"
-23.5764,209.568,0.2,2,4,"Furniture","Chairs","South","Consumer","Standard Class"
93.6988,360.38,0,2,4,"Office Supplies","Storage","Central","Corporate","Standard Class"
54.215,173.488,0.2,7,3,"Office Supplies","Paper","Central","Consumer","First Class"
0.5432,54.32,0,4,6,"Office Supplies","Storage","West","Corporate","Standard Class"
-2.9884,1.928,0.8,2,5,"Office Supplies","Binders","Central","Consumer","Second Class"
-7.4358,17.496,0.6,9,0,"Furniture","Furnishings","Central","Consumer","Same Day"
108.1752,772.68,0,4,6,"Office Supplies","Storage","West","Consumer","Standard Class"
15.5344,44.384,0.2,1,5,"Office Supplies","Paper","South","Consumer","Standard Class"
37.7895,179.95,0,5,4,"Technology","Accessories","West","Consumer","Standard Class"
1.9845,5.88,0.2,1,3,"Office Supplies","Paper","East","Home Office","Second Class"
19.2384,40.08,0,6,5,"Office Supplies","Paper","West","Consumer","Standard Class"
4.1328,11.808,0.2,3,1,"Office Supplies","Binders","West","Consumer","First Class"
19.041,63.47,0,11,5,"Furniture","Furnishings","West","Home Office","Standard Class"
10.6522,40.97,0,1,4,"Office Supplies","Art","West","Consumer","Standard Class"
4.57,9.14,0,1,2,"Office Supplies","Binders","South","Consumer","First Class"
1.8522,16.464,0.2,7,5,"Office Supplies","Art","West","Consumer","Second Class"
-566.5625,765.625,0.5,7,5,"Furniture","Tables","Central","Consumer","Second Class"
14.742,45.36,0.2,9,3,"Office Supplies","Labels","Central","Corporate","Second Class"
4.4856,16.02,0,9,1,"Office Supplies","Art","West","Consumer","First Class"
6.2208,12.96,0,2,2,"Office Supplies","Paper","West","Consumer","Second Class"
-10.15,5.8,0.8,5,5,"Office Supplies","Binders","Central","Home Office","Second Class"
26.564,91.6,0,5,4,"Office Supplies","Appliances","Central","Home Office","Standard Class"
-3.6576,2.286,0.8,3,2,"Office Supplies","Binders","Central","Corporate","Second Class"
-32.3388,143.728,0.2,2,4,"Office Supplies","Storage","Central","Consumer","Standard Class"
2.8314,10.89,0,1,5,"Office Supplies","Appliances","West","Consumer","Standard Class"
23.808,79.36,0,4,5,"Office Supplies","Art","Central","Consumer","Standard Class"
52.7934,479.94,0,6,6,"Technology","Accessories","West","Corporate","Standard Class"
6.9741,20.664,0.2,7,2,"Office Supplies","Labels","East","Corporate","First Class"
2.9646,10.98,0,1,4,"Office Supplies","Appliances","West","Home Office","Standard Class"
-19.5624,82.368,0.2,2,5,"Office Supplies","Storage","East","Corporate","Standard Class"
-1.3104,1.872,0.7,2,4,"Office Supplies","Binders","South","Consumer","Standard Class"
21.0654,44.82,0,9,0,"Office Supplies","Paper","East","Consumer","Same Day"
-15.4666,63.686,0.3,1,0,"Furniture","Chairs","East","Home Office","Same Day"
4.1416,13.36,0,4,7,"Office Supplies","Art","South","Consumer","Standard Class"
17.22,34.44,0,3,1,"Office Supplies","Paper","East","Consumer","First Class"
39.3408,81.96,0,2,4,"Office Supplies","Binders","Central","Corporate","Standard Class"
0,501.81,0,3,2,"Office Supplies","Storage","East","Home Office","First Class"
-72.039,523.92,0.2,5,7,"Furniture","Chairs","South","Corporate","Standard Class"
79.8912,166.44,0,3,5,"Office Supplies","Paper","East","Consumer","Standard Class"
67.941,452.94,0,3,7,"Furniture","Tables","South","Home Office","Standard Class"
200.49,801.96,0,2,6,"Furniture","Tables","Central","Corporate","Standard Class"
10.465,41.86,0,7,4,"Office Supplies","Art","East","Corporate","Second Class"
13.348,28.4,0,5,4,"Office Supplies","Envelopes","West","Consumer","Standard Class"
11.8871,32.792,0.2,1,5,"Office Supplies","Paper","West","Corporate","Standard Class"
32.4,90,0,1,6,"Technology","Accessories","East","Corporate","Standard Class"
-57.6312,419.136,0.2,4,4,"Furniture","Chairs","South","Home Office","Standard Class"
21.2512,73.28,0,4,6,"Office Supplies","Appliances","West","Consumer","Standard Class"
-734.5264,1421.664,0.4,8,2,"Furniture","Tables","East","Corporate","Second Class"
5.0764,10.36,0,2,6,"Office Supplies","Binders","East","Consumer","Standard Class"
26.9973,239.976,0.2,3,5,"Technology","Phones","South","Corporate","Standard Class"
6.4206,22.14,0,3,7,"Furniture","Furnishings","West","Consumer","Standard Class"
69.999,839.988,0.4,2,2,"Technology","Copiers","East","Corporate","First Class"
20.85,41.7,0,5,2,"Office Supplies","Paper","West","Corporate","Second Class"
48.906,111.15,0,5,5,"Furniture","Furnishings","East","Consumer","Second Class"
48.3285,146.45,0,5,3,"Technology","Accessories","South","Consumer","Second Class"
2.3571,6.984,0.2,1,6,"Office Supplies","Binders","East","Corporate","Standard Class"
-3.6892,147.568,0.2,2,3,"Furniture","Furnishings","East","Consumer","First Class"
-186.16,859.2,0.4,4,4,"Technology","Phones","East","Corporate","Standard Class"
2.401,27.44,0.2,2,3,"Office Supplies","Storage","Central","Corporate","First Class"
-209.7693,268.935,0.5,3,4,"Furniture","Tables","Central","Consumer","Second Class"
53.235,212.94,0,3,5,"Furniture","Bookcases","Central","Corporate","Second Class"
34.294,105.52,0.2,5,5,"Office Supplies","Paper","West","Corporate","Standard Class"
-320.2395,182.994,0.8,3,5,"Office Supplies","Binders","Central","Consumer","Standard Class"
23.9984,239.984,0.2,2,4,"Technology","Phones","West","Consumer","Standard Class"
16.6788,222.384,0.2,2,4,"Technology","Phones","South","Home Office","Standard Class"
40.1702,81.98,0,2,4,"Office Supplies","Paper","West","Consumer","Standard Class"
-32.784,131.136,0.2,4,2,"Office Supplies","Storage","Central","Consumer","Second Class"
147.475,589.9,0,2,5,"Technology","Phones","East","Home Office","Standard Class"
-29.2524,107.772,0.3,2,2,"Furniture","Chairs","Central","Consumer","Second Class"
24.0688,85.96,0,7,5,"Office Supplies","Storage","South","Consumer","Standard Class"
4.3904,8.96,0,2,5,"Office Supplies","Paper","West","Corporate","Second Class"
42.0186,161.61,0,1,3,"Technology","Phones","South","Corporate","First Class"
7.86,31.44,0,3,4,"Office Supplies","Art","West","Corporate","Standard Class"
22.8582,304.776,0.2,3,4,"Technology","Phones","West","Corporate","Standard Class"
-1.8106,2.469,0.7,1,7,"Office Supplies","Binders","South","Corporate","Standard Class"
14.6718,44.46,0,2,5,"Furniture","Furnishings","East","Consumer","Standard Class"
-22.948,200.795,0.3,1,3,"Furniture","Tables","Central","Home Office","First Class"
0.7092,4.728,0.2,3,4,"Technology","Accessories","South","Corporate","Standard Class"
100.196,1603.136,0.2,4,5,"Furniture","Chairs","West","Home Office","Standard Class"
34.6983,111.93,0,7,6,"Technology","Accessories","West","Corporate","Standard Class"
3.7408,10.688,0.2,2,5,"Office Supplies","Paper","South","Corporate","Standard Class"
7.4824,15.92,0,4,6,"Office Supplies","Binders","Central","Consumer","Standard Class"
-8.796,13.194,0.7,2,5,"Office Supplies","Binders","East","Consumer","Standard Class"
-21.2136,848.544,0.2,4,1,"Office Supplies","Storage","East","Home Office","First Class"
125.99,503.96,0,4,4,"Technology","Phones","East","Consumer","Standard Class"
-34.196,273.568,0.2,2,5,"Furniture","Furnishings","East","Consumer","Standard Class"
4.914,15.12,0.2,3,5,"Office Supplies","Labels","East","Corporate","Standard Class"
1.4742,5.46,0,3,6,"Office Supplies","Art","East","Consumer","Standard Class"
6.9372,14.76,0,4,6,"Office Supplies","Labels","East","Home Office","Standard Class"
7.584,18.96,0,2,5,"Furniture","Furnishings","West","Corporate","Second Class"
10.8682,22.18,0,2,1,"Office Supplies","Envelopes","West","Home Office","Same Day"
1.002,8.016,0.2,3,4,"Office Supplies","Art","East","Home Office","Standard Class"
11.1176,42.76,0,1,3,"Office Supplies","Storage","East","Corporate","First Class"
29.372,83.92,0.2,5,6,"Office Supplies","Binders","East","Consumer","Standard Class"
11.6091,103.192,0.2,1,6,"Technology","Phones","West","Corporate","Standard Class"
28.755,63.9,0,5,4,"Office Supplies","Envelopes","South","Consumer","Standard Class"
12.1758,37.464,0.2,7,4,"Office Supplies","Paper","Central","Corporate","Standard Class"
18.7812,39.96,0,2,5,"Office Supplies","Paper","East","Consumer","Standard Class"
40.4012,85.96,0,7,3,"Office Supplies","Paper","South","Corporate","Second Class"
5.715,18.288,0.2,6,7,"Office Supplies","Binders","West","Corporate","Standard Class"
-1.9272,2.628,0.7,2,2,"Office Supplies","Binders","East","Consumer","First Class"
-2.9964,4.086,0.7,2,4,"Office Supplies","Binders","South","Consumer","Standard Class"
5.28,16.896,0.2,4,2,"Office Supplies","Paper","Central","Consumer","Second Class"
0.7228,2.78,0,1,4,"Office Supplies","Art","West","Home Office","Standard Class"
-968.8833,1875.258,0.4,7,5,"Furniture","Tables","South","Corporate","Standard Class"
1.6038,4.752,0.2,1,3,"Office Supplies","Binders","West","Consumer","Second Class"
3.285,10.95,0,3,4,"Office Supplies","Supplies","East","Corporate","Standard Class"
377.9622,899.91,0,9,7,"Technology","Accessories","West","Consumer","Standard Class"
-190.8522,90.882,0.7,3,2,"Furniture","Bookcases","West","Corporate","First Class"
26.703,58.05,0,3,4,"Office Supplies","Binders","South","Consumer","Second Class"
1.6776,22.368,0.2,2,3,"Office Supplies","Supplies","Central","Corporate","First Class"
223.2855,769.95,0,5,4,"Technology","Phones","Central","Consumer","Standard Class"
21.8376,327.564,0.1,4,2,"Furniture","Chairs","East","Consumer","Second Class"
91.7892,254.97,0,3,7,"Technology","Accessories","West","Corporate","Standard Class"
207.147,714.3,0,5,1,"Office Supplies","Storage","East","Consumer","First Class"
28.7064,85.056,0.2,3,3,"Office Supplies","Paper","East","Corporate","First Class"
-3.14,3.768,0.7,2,1,"Office Supplies","Binders","South","Corporate","First Class"
0.7348,5.344,0.2,2,6,"Office Supplies","Art","Central","Corporate","Standard Class"
7.065,15.7,0,5,2,"Office Supplies","Paper","West","Corporate","First Class"
-70.9605,72.78,0.6,3,5,"Furniture","Furnishings","Central","Corporate","Standard Class"
17.3754,41.37,0,3,6,"Furniture","Furnishings","East","Consumer","Standard Class"
18.8328,49.56,0,7,3,"Office Supplies","Art","West","Consumer","First Class"
-188.7,277.5,0.5,4,4,"Furniture","Tables","West","Consumer","Standard Class"
-2.544,1.696,0.8,2,6,"Office Supplies","Binders","Central","Corporate","Standard Class"
9.2386,105.584,0.2,2,4,"Technology","Phones","West","Corporate","Second Class"
1.419,4.3,0,2,4,"Office Supplies","Art","South","Home Office","Standard Class"
2.224,5.56,0,2,4,"Office Supplies","Art","West","Consumer","Standard Class"
-1.4256,1.944,0.7,3,4,"Office Supplies","Binders","East","Consumer","Standard Class"
8.2992,19.76,0,4,6,"Furniture","Furnishings","Central","Home Office","Standard Class"
-3.4122,2.068,0.8,1,2,"Office Supplies","Binders","Central","Consumer","First Class"
1.0904,3.76,0,2,3,"Office Supplies","Art","East","Corporate","First Class"
9.585,30.672,0.2,3,6,"Office Supplies","Envelopes","East","Consumer","Standard Class"
35.6526,98.352,0.2,3,0,"Office Supplies","Binders","West","Consumer","Same Day"
11.5584,33.024,0.2,2,2,"Office Supplies","Binders","West","Home Office","Second Class"
59.373,219.9,0,5,0,"Office Supplies","Art","East","Corporate","Same Day"
3.2392,145.764,0.1,2,6,"Furniture","Chairs","East","Consumer","Standard Class"
274.491,609.98,0,2,4,"Office Supplies","Binders","South","Home Office","Standard Class"
7.11,22.752,0.2,3,4,"Furniture","Furnishings","West","Consumer","Standard Class"
3.6288,10.368,0.2,2,0,"Office Supplies","Paper","East","Consumer","Same Day"
41.7186,158.928,0.2,7,4,"Technology","Accessories","South","Home Office","Standard Class"
45.9754,97.82,0,2,5,"Office Supplies","Paper","Central","Consumer","Second Class"
178.901,555.21,0.1,5,4,"Office Supplies","Appliances","Central","Corporate","Standard Class"
-6.0192,3.648,0.8,3,3,"Office Supplies","Binders","Central","Consumer","First Class"
-16.426,821.3,0.5,4,5,"Technology","Machines","South","Home Office","Standard Class"
275.478,655.9,0,5,4,"Technology","Accessories","Central","Corporate","Standard Class"
5.6994,12.39,0,3,5,"Office Supplies","Labels","Central","Consumer","Standard Class"
71.772,717.72,0.2,3,2,"Furniture","Chairs","West","Consumer","Second Class"
7.3359,22.23,0,1,3,"Furniture","Furnishings","West","Corporate","First Class"
-4.455,5.346,0.7,3,4,"Office Supplies","Binders","East","Consumer","Standard Class"
57.5016,221.16,0,4,0,"Office Supplies","Storage","Central","Consumer","Same Day"
0.584,4.672,0.2,1,4,"Office Supplies","Art","East","Corporate","Standard Class"
125.1432,481.32,0,4,4,"Office Supplies","Storage","South","Home Office","Standard Class"
17.847,142.776,0.2,1,4,"Office Supplies","Storage","South","Consumer","Standard Class"
26.565,57.75,0,5,5,"Office Supplies","Art","East","Corporate","Standard Class"
3.8024,21.728,0.2,4,4,"Technology","Accessories","East","Home Office","Standard Class"
-80.48,32.192,0.8,2,5,"Office Supplies","Appliances","Central","Consumer","Standard Class"
12.5216,29.12,0,4,2,"Furniture","Furnishings","South","Corporate","First Class"
79.8912,166.44,0,3,7,"Office Supplies","Paper","East","Consumer","Standard Class"
18.6624,38.88,0,6,2,"Office Supplies","Paper","South","Corporate","Second Class"
7.8735,21.72,0.2,5,4,"Office Supplies","Paper","Central","Consumer","Standard Class"
9.7812,22.23,0,1,6,"Furniture","Furnishings","East","Consumer","Standard Class"
72.5344,408.006,0.1,2,3,"Furniture","Chairs","East","Consumer","First Class"
2.1492,6.368,0.2,2,4,"Office Supplies","Binders","West","Consumer","Standard Class"
100.656,209.7,0,2,1,"Office Supplies","Paper","West","Corporate","First Class"
18.09,40.2,0,5,6,"Office Supplies","Binders","East","Consumer","Standard Class"
77.7519,287.97,0,3,4,"Technology","Phones","South","Consumer","Standard Class"
8.019,29.7,0,3,7,"Office Supplies","Supplies","West","Corporate","Standard Class"
1.7876,4.36,0,2,6,"Office Supplies","Fasteners","East","Consumer","Standard Class"
75.168,668.16,0.2,9,4,"Technology","Phones","West","Corporate","Standard Class"
1.764,5.04,0.2,2,6,"Office Supplies","Labels","South","Consumer","Standard Class"
-10.7055,285.48,0.2,5,6,"Furniture","Tables","West","Corporate","Standard Class"
5.193,13.848,0.2,3,3,"Office Supplies","Binders","West","Home Office","First Class"
-4.9878,2.934,0.8,3,7,"Office Supplies","Binders","Central","Consumer","Standard Class"
-7.656,10.44,0.7,6,6,"Office Supplies","Binders","West","Corporate","Standard Class"
6.2031,21.39,0,1,4,"Office Supplies","Storage","West","Consumer","Standard Class"
23.59,47.18,0,7,7,"Office Supplies","Paper","Central","Consumer","Standard Class"
6.5904,32.952,0.2,3,4,"Furniture","Furnishings","South","Consumer","Standard Class"
8.3524,35.168,0.2,4,6,"Technology","Accessories","South","Consumer","Standard Class"
3.352,33.52,0.2,2,7,"Technology","Phones","West","Home Office","Standard Class"
17.745,283.92,0.2,5,6,"Furniture","Chairs","West","Consumer","Standard Class"
147.0896,319.76,0,14,4,"Office Supplies","Paper","South","Home Office","Standard Class"
21.7728,45.36,0,7,4,"Office Supplies","Paper","West","Consumer","Standard Class"
-12.9122,516.488,0.2,7,4,"Furniture","Furnishings","East","Home Office","Standard Class"
216.8244,833.94,0,6,5,"Technology","Phones","East","Corporate","Standard Class"
-6.049,102.833,0.15,1,4,"Furniture","Bookcases","West","Consumer","Standard Class"
4.4344,9.64,0,2,4,"Office Supplies","Binders","Central","Consumer","Second Class"
0.1692,1.504,0.2,1,6,"Office Supplies","Art","East","Corporate","Standard Class"
53.2,170.24,0.2,2,2,"Technology","Accessories","South","Corporate","First Class"
2.205,7.056,0.2,3,3,"Office Supplies","Art","Central","Home Office","Second Class"
5.6448,11.52,0,4,0,"Office Supplies","Labels","East","Consumer","Same Day"
18.6624,38.88,0,6,5,"Office Supplies","Paper","West","Consumer","Standard Class"
23.5764,261.96,0,2,3,"Furniture","Chairs","East","Corporate","First Class"
6.1572,70.368,0.2,2,4,"Office Supplies","Art","Central","Corporate","Standard Class"
1.4224,8.128,0.2,2,2,"Furniture","Furnishings","East","Consumer","Second Class"
5.2164,11.34,0,3,5,"Office Supplies","Fasteners","South","Corporate","Standard Class"
12.4416,25.92,0,4,1,"Office Supplies","Paper","South","Consumer","First Class"
118.6575,912.75,0,5,5,"Furniture","Tables","West","Consumer","Standard Class"
96.576,321.92,0,4,2,"Office Supplies","Appliances","West","Corporate","Second Class"
909.9818,3499.93,0,7,4,"Technology","Phones","South","Corporate","Standard Class"
78.8592,300.416,0.2,8,2,"Furniture","Furnishings","West","Corporate","First Class"
7.209,21.36,0.2,5,4,"Office Supplies","Binders","West","Corporate","Standard Class"
-44.196,353.568,0.2,2,5,"Furniture","Bookcases","East","Consumer","Standard Class"
36.4044,79.14,0,3,4,"Office Supplies","Paper","West","Corporate","Second Class"
211.4955,1879.96,0.2,5,6,"Technology","Phones","West","Consumer","Standard Class"
21.5397,246.168,0.2,3,4,"Technology","Phones","West","Home Office","Standard Class"
7.1928,21.312,0.2,6,4,"Office Supplies","Fasteners","Central","Corporate","Standard Class"
202.2528,842.72,0,8,6,"Furniture","Furnishings","West","Consumer","Standard Class"
75.5937,917.9235,0.15,9,5,"Furniture","Bookcases","West","Consumer","Standard Class"
9.7972,139.96,0,4,6,"Technology","Accessories","East","Corporate","Standard Class"
8.694,18.9,0,3,1,"Office Supplies","Labels","East","Corporate","First Class"
63.7776,148.32,0,9,4,"Technology","Accessories","West","Consumer","Second Class"
-1.476,2.214,0.7,3,2,"Office Supplies","Binders","South","Consumer","First Class"
35.712,119.04,0,6,2,"Office Supplies","Art","East","Corporate","First Class"
10.4076,37.17,0,9,4,"Office Supplies","Art","West","Consumer","Standard Class"
20.6612,43.96,0,2,2,"Office Supplies","Envelopes","West","Consumer","First Class"
-7.9002,4.788,0.8,3,4,"Office Supplies","Binders","Central","Consumer","Second Class"
107.082,356.94,0,2,4,"Office Supplies","Storage","South","Consumer","Standard Class"
42.1176,842.352,0.2,3,4,"Furniture","Chairs","West","Consumer","Second Class"
8.9208,26.432,0.2,8,4,"Office Supplies","Binders","East","Corporate","Standard Class"
3.9592,45.248,0.2,2,2,"Office Supplies","Storage","South","Corporate","Second Class"
-16.2613,103.481,0.3,1,4,"Furniture","Tables","Central","Corporate","Standard Class"
4.6193,52.792,0.2,1,5,"Technology","Phones","West","Corporate","Second Class"
1668.205,3404.5,0,5,4,"Technology","Machines","East","Home Office","Standard Class"
4.5657,16.91,0,1,4,"Office Supplies","Storage","South","Consumer","Standard Class"
71.3898,209.97,0,3,4,"Technology","Accessories","South","Consumer","Standard Class"
35.982,79.96,0,2,4,"Office Supplies","Envelopes","East","Corporate","Standard Class"
20.7808,61.12,0,4,0,"Furniture","Furnishings","East","Consumer","Same Day"
-95.67,744.1,0.3,5,2,"Furniture","Tables","Central","Consumer","Second Class"
11.2404,31.008,0.2,1,2,"Office Supplies","Paper","South","Corporate","First Class"
210.4942,447.86,0,7,2,"Office Supplies","Binders","East","Consumer","Second Class"
14.677,56.45,0,5,2,"Office Supplies","Storage","South","Corporate","First Class"
19.376,55.36,0.2,4,2,"Office Supplies","Binders","West","Home Office","Second Class"
-44.2782,26.046,0.8,3,6,"Office Supplies","Binders","Central","Consumer","Standard Class"
74.5654,286.79,0,7,3,"Office Supplies","Art","East","Consumer","Second Class"
150.984,314.55,0,3,6,"Office Supplies","Paper","West","Home Office","Standard Class"
9.4815,19.35,0,3,4,"Office Supplies","Paper","West","Consumer","Standard Class"
16.0356,34.86,0,7,4,"Office Supplies","Labels","East","Consumer","Standard Class"
8.0652,31.02,0,2,4,"Office Supplies","Storage","East","Home Office","Second Class"
2.2828,8.78,0,1,4,"Technology","Phones","Central","Consumer","Standard Class"
52.5114,466.768,0.2,2,2,"Furniture","Chairs","West","Corporate","Second Class"
-71.8116,359.058,0.3,3,5,"Furniture","Bookcases","Central","Consumer","Standard Class"
2.2512,22.512,0.2,3,4,"Office Supplies","Storage","South","Corporate","Standard Class"
7.4872,15.28,0,2,7,"Office Supplies","Envelopes","Central","Consumer","Standard Class"
37.9962,199.98,0,2,3,"Furniture","Bookcases","West","Consumer","First Class"
72.8946,269.98,0,2,4,"Technology","Phones","Central","Home Office","Standard Class"
18.684,55.36,0.2,4,4,"Office Supplies","Binders","West","Consumer","Second Class"
2.6208,6.24,0,3,4,"Furniture","Furnishings","West","Consumer","Standard Class"
-407.682,617.7,0.5,6,5,"Furniture","Tables","Central","Consumer","Standard Class"
53.196,204.6,0,2,0,"Furniture","Furnishings","West","Consumer","Same Day"
-4.5396,6.984,0.6,2,4,"Furniture","Furnishings","Central","Home Office","Second Class"
2.2044,16.032,0.2,6,1,"Office Supplies","Art","East","Corporate","First Class"
5.1792,15.936,0.2,4,4,"Office Supplies","Labels","East","Consumer","Standard Class"
105.98,529.9,0,5,4,"Furniture","Furnishings","West","Consumer","Standard Class"
17.4975,279.96,0.2,5,3,"Technology","Phones","West","Home Office","First Class"
88.5528,664.146,0.1,6,3,"Furniture","Chairs","East","Consumer","Second Class"
3.3408,9.216,0.2,4,6,"Office Supplies","Labels","South","Corporate","Standard Class"
-26.7204,152.688,0.2,2,4,"Office Supplies","Storage","Central","Consumer","Standard Class"
58.9192,125.36,0,8,6,"Office Supplies","Envelopes","South","Home Office","Standard Class"
0,24.672,0.2,3,5,"Technology","Accessories","Central","Corporate","Standard Class"
9.54,30.528,0.2,8,3,"Office Supplies","Paper","Central","Consumer","First Class"
16.704,148.48,0.2,2,5,"Technology","Phones","Central","Consumer","Second Class"
9,18.75,0,5,4,"Office Supplies","Labels","West","Consumer","Second Class"
58.4962,124.46,0,2,5,"Office Supplies","Envelopes","West","Home Office","Standard Class"
2.3328,15.552,0.2,3,5,"Office Supplies","Art","South","Consumer","Standard Class"
13.4292,35.34,0,2,4,"Furniture","Furnishings","West","Consumer","Standard Class"
4.3836,13.488,0.2,2,6,"Office Supplies","Binders","West","Corporate","Standard Class"
9.6192,20.04,0,3,2,"Office Supplies","Paper","East","Corporate","Second Class"
22.0748,76.12,0,2,4,"Office Supplies","Appliances","East","Corporate","Standard Class"
-8.5416,199.304,0.3,4,4,"Furniture","Chairs","Central","Consumer","Standard Class"
3.4944,7.28,0,1,3,"Office Supplies","Envelopes","Central","Home Office","Second Class"
-31.6,252.8,0.2,4,6,"Technology","Accessories","West","Consumer","Standard Class"
23.712,72.96,0.2,3,6,"Office Supplies","Binders","West","Consumer","Standard Class"
1.07,3.424,0.2,1,3,"Office Supplies","Paper","South","Consumer","Second Class"
-7.48,11.22,0.7,10,2,"Office Supplies","Binders","East","Corporate","First Class"
20.155,69.5,0,5,7,"Office Supplies","Supplies","East","Consumer","Standard Class"
85.2475,1363.96,0.2,5,5,"Technology","Phones","South","Consumer","Standard Class"
0.2592,2.304,0.2,1,6,"Office Supplies","Art","West","Consumer","Standard Class"
-189.321,344.22,0.4,2,0,"Furniture","Tables","East","Home Office","Same Day"
22.6764,201.568,0.2,4,2,"Technology","Phones","West","Consumer","Second Class"
79.8912,166.44,0,3,0,"Office Supplies","Paper","West","Consumer","Same Day"
215.9892,639.968,0.2,4,3,"Technology","Copiers","West","Consumer","Second Class"
1.0287,3.048,0.2,1,5,"Office Supplies","Binders","East","Consumer","Standard Class"
8.304,17.3,0,1,4,"Office Supplies","Binders","Central","Corporate","Standard Class"
0.834,11.12,0.2,5,2,"Office Supplies","Art","East","Consumer","First Class"
43.2234,392.94,0,3,5,"Furniture","Chairs","Central","Corporate","Standard Class"
10.5,50,0,2,5,"Technology","Accessories","West","Consumer","Second Class"
30.5088,108.96,0,2,4,"Office Supplies","Appliances","West","Consumer","Standard Class"
5.5536,17.088,0.2,4,5,"Office Supplies","Binders","West","Consumer","Second Class"
-35.8848,44.856,0.7,6,1,"Office Supplies","Binders","West","Home Office","Same Day"
-12.352,18.528,0.7,4,4,"Office Supplies","Binders","East","Consumer","Standard Class"
5.1012,15.696,0.2,3,5,"Office Supplies","Paper","Central","Corporate","Standard Class"
-24.398,853.93,0.3,5,5,"Furniture","Chairs","Central","Consumer","Standard Class"
5.6628,14.52,0,3,5,"Furniture","Furnishings","West","Corporate","Standard Class"
0.9588,2.04,0,1,4,"Office Supplies","Envelopes","East","Consumer","Standard Class"
0.3336,4.448,0.2,2,5,"Office Supplies","Art","Central","Consumer","Standard Class"
3.4974,9.648,0.2,6,4,"Office Supplies","Fasteners","East","Home Office","Standard Class"
36.917,101.84,0.2,5,2,"Office Supplies","Binders","West","Home Office","First Class"
26.703,58.05,0,3,4,"Office Supplies","Binders","Central","Consumer","Standard Class"
8.0548,30.98,0,1,3,"Office Supplies","Appliances","East","Consumer","First Class"
190.3881,895.944,0.2,7,5,"Technology","Accessories","East","Corporate","Standard Class"
15.2388,203.184,0.2,2,3,"Technology","Phones","West","Home Office","First Class"
-2.588,3.882,0.7,2,1,"Office Supplies","Binders","East","Consumer","First Class"
3.792,9.48,0,1,4,"Furniture","Furnishings","East","Corporate","Standard Class"
-28.356,567.12,0.2,10,0,"Furniture","Tables","West","Corporate","Same Day"
75.6548,290.98,0,1,5,"Furniture","Chairs","South","Consumer","Second Class"
3.741,10.32,0.2,2,3,"Office Supplies","Paper","West","Consumer","Second Class"
2.726,9.4,0,5,6,"Office Supplies","Art","West","Consumer","Standard Class"
62.737,145.9,0,5,4,"Furniture","Furnishings","West","Consumer","Standard Class"
2.7956,7.712,0.2,2,5,"Office Supplies","Binders","West","Corporate","Standard Class"
6.9088,20.32,0,4,2,"Furniture","Furnishings","East","Consumer","Second Class"
3.0338,11.032,0.2,1,2,"Furniture","Furnishings","West","Consumer","First Class"
-1.9872,8.832,0.2,3,5,"Office Supplies","Supplies","South","Consumer","Standard Class"
13.0928,37.408,0.2,7,5,"Office Supplies","Paper","East","Consumer","Standard Class"
1.05,3,0.2,1,4,"Office Supplies","Labels","South","Home Office","Standard Class"
21.0128,45.68,0,2,5,"Office Supplies","Paper","South","Consumer","Standard Class"
5.9312,13.48,0,4,0,"Office Supplies","Art","West","Consumer","Same Day"
251.8911,868.59,0,3,6,"Office Supplies","Appliances","Central","Home Office","Standard Class"
1.5288,5.46,0,3,5,"Office Supplies","Art","West","Consumer","Second Class"
9.234,34.2,0,5,3,"Office Supplies","Supplies","South","Consumer","First Class"
22.2516,79.47,0,3,2,"Office Supplies","Appliances","East","Corporate","Second Class"
24.8832,51.84,0,8,0,"Office Supplies","Paper","East","Consumer","Same Day"
13.8528,184.704,0.2,6,3,"Office Supplies","Storage","South","Corporate","Second Class"
-211.47,352.45,0.5,5,5,"Furniture","Bookcases","East","Home Office","Standard Class"
1.7739,6.57,0,3,5,"Office Supplies","Art","West","Consumer","Standard Class"
-6.54,32.7,0.4,5,6,"Technology","Phones","East","Corporate","Standard Class"
2.3976,31.968,0.2,4,1,"Technology","Phones","West","Consumer","First Class"
6.615,14.7,0,5,3,"Office Supplies","Art","East","Corporate","First Class"
-5.2932,3.208,0.8,2,4,"Office Supplies","Binders","Central","Consumer","Standard Class"
9.534,34.05,0,3,3,"Office Supplies","Storage","West","Consumer","Second Class"
17.0981,89.99,0,1,4,"Furniture","Chairs","Central","Consumer","Standard Class"
25.098,53.4,0,10,7,"Office Supplies","Binders","Central","Consumer","Standard Class"
61.389,323.1,0,2,4,"Office Supplies","Storage","West","Home Office","Standard Class"
-44.235,235.92,0.2,5,6,"Office Supplies","Storage","Central","Corporate","Standard Class"
11.1564,123.96,0,3,4,"Furniture","Furnishings","Central","Consumer","Standard Class"
0.5668,3.488,0.2,2,4,"Office Supplies","Fasteners","Central","Consumer","Standard Class"
12.4416,25.92,0,4,7,"Office Supplies","Paper","Central","Home Office","Standard Class"
5.9175,18.936,0.2,3,4,"Office Supplies","Fasteners","South","Home Office","Standard Class"
3.2944,11.36,0,2,2,"Office Supplies","Supplies","West","Corporate","First Class"
-1.744,8.72,0.2,5,2,"Office Supplies","Supplies","Central","Corporate","Second Class"
12.4416,25.92,0,4,5,"Office Supplies","Paper","Central","Home Office","Second Class"
16.5888,61.44,0,3,3,"Office Supplies","Appliances","West","Consumer","First Class"
352.296,733.95,0,7,2,"Office Supplies","Paper","West","Corporate","First Class"
22.9008,70.464,0.2,6,5,"Office Supplies","Binders","West","Corporate","Standard Class"
-44.196,353.568,0.2,2,5,"Furniture","Bookcases","East","Consumer","Standard Class"
-24.4764,122.382,0.4,3,1,"Technology","Phones","East","Home Office","First Class"
7.25,29,0,2,0,"Technology","Accessories","South","Consumer","Same Day"
2.5216,7.88,0,4,4,"Technology","Accessories","East","Consumer","Standard Class"
5.7365,41.72,0.2,7,5,"Technology","Accessories","Central","Consumer","Standard Class"
149.9112,318.96,0,9,4,"Office Supplies","Paper","East","Consumer","Standard Class"
22.518,60.048,0.2,9,4,"Office Supplies","Paper","West","Corporate","Standard Class"
110.0528,423.28,0,11,3,"Office Supplies","Storage","West","Consumer","Second Class"
4.728,11.82,0,3,0,"Furniture","Furnishings","East","Corporate","Same Day"
13.365,29.7,0,5,3,"Office Supplies","Binders","East","Consumer","Second Class"
8.1144,17.64,0,4,2,"Office Supplies","Paper","South","Consumer","Second Class"
9.3312,19.44,0,3,4,"Office Supplies","Paper","East","Corporate","Standard Class"
15.2208,36.24,0,1,4,"Technology","Accessories","West","Consumer","Standard Class"
143.04,858.24,0.1,4,6,"Furniture","Chairs","East","Consumer","Standard Class"
-14.592,18.24,0.7,2,7,"Office Supplies","Binders","South","Home Office","Standard Class"
154.8426,533.94,0,3,4,"Office Supplies","Appliances","East","Consumer","Standard Class"
6.6836,19.096,0.2,7,4,"Office Supplies","Fasteners","East","Home Office","Second Class"
21.098,210.98,0,2,2,"Furniture","Tables","Central","Corporate","First Class"
17.8152,54.816,0.2,3,1,"Office Supplies","Paper","West","Home Office","First Class"
12.492,34.7,0,5,7,"Office Supplies","Art","East","Corporate","Standard Class"
5.98,19.136,0.2,4,2,"Office Supplies","Paper","East","Corporate","Second Class"
4.224,8.8,0,5,2,"Office Supplies","Art","West","Home Office","Second Class"
23.232,48.4,0,5,3,"Office Supplies","Paper","West","Home Office","First Class"
3.3785,11.65,0,5,6,"Office Supplies","Art","East","Consumer","Standard Class"
2.4174,32.232,0.2,3,4,"Office Supplies","Storage","Central","Corporate","Standard Class"
-70.49,493.43,0.3,5,3,"Furniture","Bookcases","Central","Consumer","First Class"
13.7964,459.88,0,4,7,"Office Supplies","Storage","East","Consumer","Standard Class"
13.8267,40.968,0.2,3,5,"Office Supplies","Envelopes","Central","Consumer","Standard Class"
-6.9828,9.522,0.7,1,7,"Office Supplies","Binders","East","Corporate","Standard Class"
3.6288,10.368,0.2,2,4,"Office Supplies","Paper","South","Consumer","Standard Class"
4.4138,12.176,0.2,1,5,"Office Supplies","Binders","West","Consumer","Standard Class"
312.676,1924.16,0.2,8,3,"Office Supplies","Appliances","East","Consumer","First Class"
-2.7588,3.762,0.7,3,4,"Office Supplies","Binders","South","Home Office","Standard Class"
6.3296,13.76,0,2,6,"Office Supplies","Paper","East","Consumer","Standard Class"
-83.8752,314.532,0.4,2,2,"Furniture","Tables","East","Home Office","First Class"
6.8714,14.62,0,2,4,"Office Supplies","Labels","West","Consumer","Standard Class"
30.582,101.94,0,3,0,"Furniture","Furnishings","West","Consumer","Same Day"
17.5448,53.984,0.2,14,4,"Office Supplies","Binders","West","Consumer","Standard Class"
-26.6352,310.744,0.3,4,4,"Furniture","Chairs","Central","Consumer","Standard Class"
23.7993,271.992,0.2,1,2,"Technology","Phones","West","Consumer","Second Class"
7.7343,21.336,0.2,7,3,"Office Supplies","Binders","West","Corporate","Second Class"
1.1772,3.488,0.2,2,5,"Office Supplies","Paper","South","Consumer","Standard Class"
363.9048,4158.912,0.2,8,1,"Technology","Phones","West","Home Office","First Class"
-7.098,99.372,0.3,2,2,"Furniture","Chairs","East","Corporate","Second Class"
4.8609,14.73,0,3,2,"Furniture","Furnishings","West","Home Office","Second Class"
15.2225,60.89,0,1,4,"Furniture","Chairs","Central","Consumer","Second Class"
-46.7362,172.186,0.3,2,4,"Furniture","Chairs","East","Consumer","Standard Class"
7.4985,39.992,0.2,1,4,"Technology","Accessories","East","Consumer","Standard Class"
18.336,48.896,0.2,2,4,"Office Supplies","Binders","East","Consumer","Standard Class"
-4.8588,170.058,0.3,3,5,"Furniture","Chairs","East","Consumer","Standard Class"
7.0659,20.936,0.2,1,4,"Office Supplies","Envelopes","Central","Home Office","Standard Class"
228.0792,629.184,0.2,8,2,"Office Supplies","Labels","West","Corporate","Second Class"
356.225,1424.9,0,5,0,"Furniture","Chairs","Central","Consumer","Same Day"
40.4973,269.982,0.4,3,5,"Technology","Phones","East","Consumer","Second Class"
132.5922,407.976,0.2,3,5,"Office Supplies","Binders","West","Consumer","Standard Class"
5.9384,18.272,0.2,1,3,"Office Supplies","Paper","South","Home Office","Second Class"
12.178,194.848,0.2,4,5,"Furniture","Chairs","South","Consumer","Second Class"
1.043,14.9,0,5,6,"Office Supplies","Storage","East","Consumer","Standard Class"
14.651,29.9,0,5,4,"Office Supplies","Paper","West","Home Office","Standard Class"
-9.111,127.554,0.3,3,5,"Furniture","Chairs","East","Consumer","Standard Class"
2.4824,8.56,0,2,5,"Office Supplies","Art","West","Consumer","Second Class"
1.731,4.616,0.2,1,5,"Office Supplies","Binders","East","Consumer","Standard Class"
-4.1244,5.892,0.7,4,4,"Office Supplies","Binders","East","Home Office","Standard Class"
51.942,1038.84,0.2,5,4,"Furniture","Tables","West","Consumer","Standard Class"
8.3028,30.192,0.2,3,5,"Furniture","Furnishings","South","Corporate","Standard Class"
-3.768,15.072,0.2,4,4,"Office Supplies","Fasteners","Central","Consumer","Standard Class"
8.5544,25.16,0,2,3,"Furniture","Furnishings","East","Corporate","First Class"
285.9896,1099.96,0,4,5,"Technology","Phones","Central","Consumer","Standard Class"
8.88,23.68,0.2,2,7,"Office Supplies","Labels","Central","Home Office","Standard Class"
15.147,90.882,0.1,1,4,"Furniture","Chairs","East","Corporate","Standard Class"
109.7226,281.34,0,6,5,"Office Supplies","Appliances","East","Corporate","Standard Class"
69.965,223.888,0.2,7,6,"Office Supplies","Envelopes","Central","Corporate","Standard Class"
26.4132,57.42,0,9,4,"Office Supplies","Binders","Central","Consumer","Standard Class"
496.7865,1103.97,0,3,3,"Office Supplies","Binders","Central","Consumer","First Class"
28.8576,60.12,0,9,6,"Office Supplies","Paper","East","Consumer","Standard Class"
-1.289,10.312,0.2,1,4,"Technology","Accessories","East","Corporate","Standard Class"
8.9362,54.992,0.2,14,4,"Furniture","Furnishings","East","Home Office","Standard Class"
-1065.372,1598.058,0.7,7,3,"Office Supplies","Binders","South","Consumer","Second Class"
3.3948,7.38,0,2,3,"Office Supplies","Envelopes","South","Consumer","Second Class"
2.3674,27.056,0.2,2,4,"Office Supplies","Storage","Central","Corporate","Standard Class"
6.6312,19.648,0.2,2,4,"Office Supplies","Paper","Central","Home Office","Standard Class"
24.9804,92.52,0,6,2,"Office Supplies","Storage","West","Consumer","Second Class"
-29.2524,107.772,0.3,2,6,"Furniture","Chairs","Central","Consumer","Standard Class"
158.5764,4228.704,0.2,6,6,"Furniture","Bookcases","East","Consumer","Standard Class"
55.008,146.688,0.2,6,1,"Office Supplies","Binders","East","Consumer","First Class"
8.799,41.9,0,2,3,"Technology","Accessories","Central","Corporate","Second Class"
-57.7566,78.759,0.7,9,2,"Office Supplies","Binders","East","Consumer","Second Class"
-6.567,3.98,0.8,5,1,"Office Supplies","Binders","Central","Consumer","First Class"
26.0316,289.24,0,7,2,"Furniture","Furnishings","West","Corporate","Second Class"
6.583,18.16,0.2,5,3,"Office Supplies","Binders","West","Home Office","First Class"
-47.2542,540.048,0.2,3,4,"Office Supplies","Storage","South","Home Office","Second Class"
-6.38,8.7,0.7,5,1,"Office Supplies","Binders","East","Home Office","First Class"
6.496,18.56,0.2,4,5,"Office Supplies","Binders","West","Corporate","Second Class"
18.837,41.86,0,7,7,"Office Supplies","Paper","West","Consumer","Standard Class"
-1.8392,2.508,0.7,2,4,"Office Supplies","Binders","South","Consumer","Standard Class"
-4.2222,2.724,0.8,3,4,"Office Supplies","Binders","Central","Consumer","Standard Class"
52.7824,119.96,0,4,2,"Technology","Accessories","East","Consumer","First Class"
1.6762,4.624,0.2,1,5,"Office Supplies","Paper","Central","Consumer","Standard Class"
3.9312,11.232,0.2,3,4,"Office Supplies","Binders","West","Consumer","Standard Class"
41.262,165.048,0.2,3,0,"Furniture","Furnishings","South","Consumer","Same Day"
-1.9656,2.808,0.7,3,5,"Office Supplies","Binders","South","Corporate","Standard Class"
3.1584,9.024,0.2,6,1,"Office Supplies","Binders","West","Corporate","Same Day"
163.7874,1819.86,0,14,2,"Furniture","Chairs","South","Consumer","Second Class"
8.5914,19.98,0,1,4,"Furniture","Furnishings","East","Home Office","Standard Class"
3.7752,9.68,0,2,6,"Furniture","Furnishings","Central","Corporate","Standard Class"
26.6304,55.48,0,1,2,"Office Supplies","Paper","East","Home Office","First Class"
8.8624,24.448,0.2,4,7,"Office Supplies","Paper","South","Consumer","Standard Class"
-93.4724,344.372,0.3,4,5,"Furniture","Chairs","Central","Corporate","Standard Class"
16.4052,33.48,0,2,5,"Office Supplies","Binders","Central","Consumer","Standard Class"
-10.7973,95.976,0.2,3,4,"Technology","Accessories","Central","Home Office","Standard Class"
13.7176,42.208,0.2,2,5,"Office Supplies","Paper","South","Consumer","Standard Class"
1.7262,19.728,0.2,9,5,"Office Supplies","Art","East","Corporate","Standard Class"
143.982,399.95,0,5,4,"Technology","Accessories","Central","Consumer","Standard Class"
15.0384,150.384,0.2,2,3,"Technology","Phones","Central","Consumer","First Class"
60.1536,601.536,0.2,8,6,"Technology","Phones","West","Consumer","Standard Class"
2799.984,8749.95,0,5,2,"Technology","Machines","South","Consumer","Second Class"
9.936,20.7,0,2,3,"Office Supplies","Labels","South","Corporate","First Class"
22.7136,141.96,0,2,2,"Furniture","Furnishings","West","Home Office","Second Class"
10.35,23,0,2,3,"Office Supplies","Binders","Central","Consumer","First Class"
0.738,1.64,0,1,6,"Office Supplies","Art","East","Home Office","Standard Class"
-143.431,528.43,0.3,5,4,"Furniture","Chairs","Central","Corporate","Standard Class"
8.3916,31.08,0,4,7,"Office Supplies","Appliances","West","Corporate","Standard Class"
13.2522,50.97,0,3,4,"Technology","Phones","Central","Consumer","Standard Class"
100.196,1603.136,0.2,4,3,"Furniture","Chairs","West","Corporate","First Class"
3.29,10.528,0.2,4,2,"Office Supplies","Fasteners","Central","Consumer","Second Class"
0.8376,41.88,0,6,3,"Office Supplies","Storage","West","Consumer","First Class"
13.5324,40.096,0.2,4,2,"Office Supplies","Labels","Central","Corporate","Second Class"
10.8,22.5,0,6,6,"Office Supplies","Labels","East","Corporate","Standard Class"
6.7536,67.536,0.2,9,4,"Office Supplies","Storage","Central","Home Office","Second Class"
72.7888,545.916,0.4,14,7,"Technology","Phones","East","Consumer","Standard Class"
3.9512,14.368,0.2,2,4,"Furniture","Furnishings","West","Consumer","Standard Class"
24.318,64.848,0.2,7,7,"Office Supplies","Envelopes","South","Corporate","Standard Class"
4.2666,13.128,0.2,3,6,"Office Supplies","Binders","East","Consumer","Standard Class"
80.0199,296.37,0,3,4,"Office Supplies","Storage","Central","Corporate","Standard Class"
899.982,1999.96,0,4,5,"Technology","Copiers","East","Corporate","Second Class"
63.686,573.174,0.1,7,4,"Furniture","Chairs","East","Consumer","Standard Class"
-50.3928,251.964,0.4,6,4,"Technology","Phones","East","Corporate","Second Class"
-14.7594,8.682,0.8,1,2,"Office Supplies","Binders","Central","Home Office","Second Class"
17.1574,65.99,0,1,5,"Technology","Phones","South","Consumer","Second Class"
6.066,16.176,0.2,3,5,"Office Supplies","Paper","Central","Consumer","Second Class"
0,272.94,0,3,4,"Office Supplies","Storage","East","Consumer","Standard Class"
-5.1984,51.984,0.2,1,5,"Office Supplies","Storage","South","Corporate","Standard Class"
5.1012,15.696,0.2,3,4,"Office Supplies","Paper","West","Corporate","Standard Class"
134.9925,539.97,0,3,6,"Technology","Phones","South","Home Office","Standard Class"
56.55,113.1,0,3,6,"Office Supplies","Binders","South","Home Office","Standard Class"
-312.0614,254.744,0.6,7,7,"Furniture","Furnishings","Central","Home Office","Standard Class"
1.932,64.4,0,5,5,"Office Supplies","Supplies","West","Corporate","Standard Class"
-0.7295,11.672,0.2,1,2,"Technology","Accessories","South","Consumer","First Class"
22.5008,45.92,0,4,0,"Office Supplies","Paper","East","Consumer","Same Day"
7.8225,25.032,0.2,3,2,"Office Supplies","Binders","West","Corporate","First Class"
0.6993,69.93,0,7,2,"Technology","Phones","Central","Corporate","First Class"
-3.0366,4.338,0.7,3,5,"Office Supplies","Binders","South","Home Office","Standard Class"
-15.2225,213.115,0.3,5,5,"Furniture","Chairs","Central","Home Office","Standard Class"
17.19,55.008,0.2,3,5,"Office Supplies","Binders","East","Corporate","Standard Class"
11.0544,39.48,0,1,6,"Office Supplies","Appliances","East","Home Office","Standard Class"
5.368,19.52,0.2,2,3,"Furniture","Furnishings","South","Corporate","First Class"
5.6448,11.52,0,4,4,"Office Supplies","Labels","West","Home Office","Standard Class"
34.742,95.84,0.2,4,1,"Technology","Phones","West","Corporate","First Class"
152.0232,542.94,0,3,3,"Office Supplies","Appliances","West","Consumer","First Class"
-13.363,17.43,0.7,1,2,"Office Supplies","Binders","South","Consumer","First Class"
181.656,403.68,0,6,4,"Office Supplies","Binders","Central","Consumer","Standard Class"
14.4,30,0,8,2,"Office Supplies","Labels","South","Home Office","First Class"
88.725,354.9,0,5,3,"Furniture","Chairs","East","Consumer","First Class"
116.3904,242.48,0,7,2,"Office Supplies","Binders","East","Consumer","Second Class"
4.5738,60.984,0.2,7,4,"Office Supplies","Appliances","West","Corporate","Standard Class"
62.321,214.9,0,5,3,"Office Supplies","Appliances","South","Consumer","Second Class"
8.4096,17.52,0,4,5,"Office Supplies","Binders","Central","Corporate","Standard Class"
361.2994,1245.86,0,7,2,"Office Supplies","Appliances","South","Corporate","Second Class"
12.1348,26.38,0,1,5,"Office Supplies","Paper","East","Consumer","Second Class"
40.3128,167.97,0,3,4,"Technology","Accessories","East","Corporate","Standard Class"
9.1674,27.78,0,6,4,"Office Supplies","Art","Central","Corporate","Standard Class"
10.248,24.4,0,2,5,"Furniture","Furnishings","West","Corporate","Standard Class"
8.0997,27.93,0,3,4,"Office Supplies","Supplies","East","Home Office","Second Class"
9.8901,36.63,0,3,5,"Office Supplies","Storage","East","Corporate","Standard Class"
-0.8558,1.167,0.7,1,5,"Office Supplies","Binders","South","Corporate","Standard Class"
83.0502,286.38,0,3,2,"Furniture","Furnishings","South","Consumer","Second Class"
9.1746,50.97,0,3,4,"Furniture","Furnishings","East","Corporate","Second Class"
5.256,17.52,0,3,0,"Office Supplies","Art","East","Corporate","Same Day"
-6.0048,7.506,0.7,9,4,"Office Supplies","Binders","South","Consumer","Standard Class"
152.495,487.984,0.2,2,4,"Office Supplies","Binders","West","Consumer","Standard Class"
-26.733,38.19,0.7,5,5,"Office Supplies","Binders","South","Consumer","Standard Class"
-377.9892,1889.946,0.4,9,4,"Technology","Phones","East","Consumer","Standard Class"
5.915,47.32,0.2,7,3,"Office Supplies","Supplies","West","Consumer","Second Class"
10.3473,344.91,0,3,5,"Office Supplies","Storage","West","Consumer","Standard Class"
5.2256,11.36,0,2,4,"Office Supplies","Paper","East","Home Office","Standard Class"
122.3856,339.96,0,4,4,"Technology","Accessories","South","Corporate","Standard Class"
2.8912,11.12,0,4,3,"Office Supplies","Art","East","Home Office","First Class"
-2.9985,15.992,0.2,1,2,"Technology","Phones","West","Corporate","First Class"
0.1584,1.408,0.2,1,5,"Office Supplies","Art","West","Home Office","Standard Class"
-94.941,189.882,0.4,3,3,"Furniture","Tables","South","Consumer","Second Class"
-7.7292,32.544,0.2,2,6,"Office Supplies","Storage","Central","Consumer","Standard Class"
0,10.56,0,2,2,"Office Supplies","Storage","West","Corporate","Second Class"
-339.705,815.292,0.4,9,2,"Furniture","Tables","East","Home Office","Second Class"
50.3658,186.54,0,3,4,"Office Supplies","Storage","West","Consumer","Second Class"
25.497,203.976,0.2,3,3,"Technology","Phones","West","Home Office","First Class"
5.4432,15.552,0.2,3,6,"Office Supplies","Paper","Central","Consumer","Standard Class"
53.2704,332.94,0,3,4,"Furniture","Furnishings","Central","Consumer","Second Class"
3.4357,7.31,0,1,4,"Office Supplies","Labels","South","Corporate","Standard Class"
-1.9068,2.724,0.7,2,4,"Office Supplies","Binders","East","Corporate","Standard Class"
11.7488,33.568,0.2,2,3,"Office Supplies","Binders","East","Consumer","Second Class"
12.6672,77.952,0.2,3,4,"Furniture","Furnishings","South","Consumer","Standard Class"
-32.508,40.635,0.7,7,3,"Office Supplies","Binders","West","Home Office","First Class"
24.9132,63.88,0,4,4,"Technology","Accessories","East","Home Office","Standard Class"
1.148,13.12,0.2,5,5,"Office Supplies","Art","West","Consumer","Standard Class"
-38.8212,15.224,0.8,2,2,"Office Supplies","Appliances","Central","Corporate","Second Class"
16.0056,53.352,0.2,3,4,"Furniture","Furnishings","South","Corporate","Standard Class"
7.7832,16.56,0,2,4,"Office Supplies","Envelopes","Central","Consumer","Standard Class"
1.1016,3.264,0.2,2,5,"Office Supplies","Envelopes","Central","Home Office","Standard Class"
629.991,1399.98,0,2,3,"Technology","Copiers","South","Consumer","Second Class"
3.339,8.904,0.2,3,4,"Office Supplies","Paper","Central","Corporate","Standard Class"
7.524,20.9,0,5,6,"Furniture","Furnishings","East","Home Office","Standard Class"
16.175,32.35,0,5,6,"Office Supplies","Binders","Central","Corporate","Standard Class"
20.8719,79.512,0.2,3,0,"Technology","Accessories","Central","Consumer","Same Day"
-30.16,45.24,0.7,4,3,"Office Supplies","Binders","West","Home Office","First Class"
102.9444,395.94,0,6,4,"Technology","Phones","East","Corporate","Standard Class"
10.3152,36.84,0,3,2,"Office Supplies","Storage","South","Consumer","Second Class"
225.735,1279.165,0.15,5,2,"Furniture","Bookcases","West","Consumer","First Class"
15.764,56.3,0,2,5,"Office Supplies","Art","West","Home Office","Standard Class"
62.91,167.76,0.2,5,5,"Office Supplies","Binders","West","Consumer","Standard Class"
9.102,364.08,0.2,2,0,"Furniture","Tables","West","Consumer","Same Day"
3.7436,7.64,0,1,4,"Office Supplies","Envelopes","West","Consumer","Standard Class"
6.045,48.36,0.2,5,2,"Office Supplies","Appliances","East","Consumer","Second Class"
-2.4288,3.168,0.7,3,4,"Office Supplies","Binders","East","Consumer","Standard Class"
11.88,26.4,0,5,3,"Office Supplies","Paper","West","Consumer","First Class"
11.232,24.96,0,4,5,"Office Supplies","Paper","East","Consumer","Standard Class"
19.8144,41.28,0,2,0,"Office Supplies","Binders","Central","Corporate","Same Day"
3.9512,14.368,0.2,2,4,"Furniture","Furnishings","West","Consumer","Standard Class"
6.8724,14.94,0,3,6,"Office Supplies","Labels","East","Home Office","Standard Class"
4.5588,91.176,0.2,3,3,"Technology","Accessories","West","Corporate","First Class"
67.99,271.96,0,4,6,"Technology","Phones","South","Consumer","Standard Class"
17.7744,50.784,0.2,2,1,"Office Supplies","Binders","West","Consumer","First Class"
0.8856,7.872,0.2,3,3,"Office Supplies","Art","Central","Corporate","Second Class"
7.0854,14.46,0,3,3,"Office Supplies","Binders","East","Home Office","Second Class"
21.0896,43.04,0,8,4,"Office Supplies","Binders","South","Consumer","Standard Class"
-41.5872,415.872,0.2,8,5,"Office Supplies","Storage","West","Consumer","Second Class"
146.7693,772.47,0,3,6,"Technology","Accessories","West","Consumer","Standard Class"
9.2928,19.36,0,2,5,"Office Supplies","Paper","South","Home Office","Standard Class"
3.501,7.78,0,1,0,"Office Supplies","Paper","West","Consumer","Same Day"
4.2048,11.68,0,2,4,"Office Supplies","Art","West","Corporate","Standard Class"
8.69,17.38,0,2,3,"Office Supplies","Binders","Central","Corporate","Second Class"
-0.7748,4.768,0.2,2,0,"Office Supplies","Storage","South","Consumer","Same Day"
50.3832,179.94,0,3,2,"Office Supplies","Appliances","South","Corporate","First Class"
31.0156,253.764,0.1,2,2,"Furniture","Chairs","East","Corporate","Second Class"
12.2328,122.328,0.2,3,6,"Office Supplies","Appliances","West","Consumer","Standard Class"
65.2064,366.786,0.1,7,7,"Furniture","Chairs","East","Consumer","Standard Class"
15.4752,59.52,0,3,2,"Office Supplies","Art","East","Consumer","Second Class"
-22.62,15.08,0.8,2,2,"Office Supplies","Binders","Central","Consumer","First Class"
27.608,95.2,0,5,3,"Furniture","Furnishings","Central","Corporate","Second Class"
24.5998,52.34,0,2,4,"Office Supplies","Envelopes","East","Home Office","Standard Class"
327.506,8187.65,0,5,2,"Office Supplies","Supplies","West","Consumer","Second Class"
-250.5408,521.96,0.5,4,4,"Furniture","Bookcases","East","Corporate","Second Class"
11.4741,34.77,0,3,1,"Technology","Accessories","East","Corporate","First Class"
14.9925,59.97,0,3,2,"Technology","Accessories","East","Home Office","First Class"
11.4296,35.168,0.2,4,6,"Technology","Phones","West","Home Office","Standard Class"
7.4694,298.776,0.2,3,3,"Furniture","Tables","West","Consumer","First Class"
27.972,79.92,0.2,5,2,"Office Supplies","Paper","Central","Corporate","Second Class"
5.3196,20.46,0,2,3,"Office Supplies","Supplies","West","Consumer","First Class"
0.7198,57.584,0.2,2,2,"Technology","Accessories","Central","Consumer","Second Class"
15.0156,133.472,0.2,4,6,"Office Supplies","Appliances","West","Consumer","Standard Class"
8.1432,108.576,0.2,3,5,"Technology","Phones","West","Consumer","Standard Class"
13.4292,35.34,0,2,4,"Furniture","Furnishings","West","Consumer","Standard Class"
18.8972,215.968,0.2,2,3,"Technology","Phones","West","Corporate","First Class"
22.788,75.96,0,2,7,"Office Supplies","Art","Central","Consumer","Standard Class"
-16.9568,84.784,0.2,2,4,"Office Supplies","Storage","East","Corporate","Standard Class"
2.9547,6.03,0,3,2,"Office Supplies","Fasteners","East","Consumer","First Class"
327.5818,1259.93,0,7,5,"Technology","Phones","East","Corporate","Standard Class"
37.2186,128.34,0,6,3,"Office Supplies","Storage","East","Home Office","First Class"
10.8558,29.34,0,3,6,"Technology","Accessories","Central","Corporate","Standard Class"
-13.3424,8.608,0.8,8,5,"Office Supplies","Binders","Central","Home Office","Second Class"
9.8625,31.56,0.2,5,7,"Office Supplies","Fasteners","West","Corporate","Standard Class"
16.68,33.36,0,4,7,"Office Supplies","Paper","West","Corporate","Standard Class"
170.9316,348.84,0,9,0,"Office Supplies","Paper","South","Home Office","Same Day"
4.2336,8.64,0,3,5,"Office Supplies","Labels","South","Consumer","Standard Class"
-68.1856,42.616,0.8,7,5,"Office Supplies","Binders","Central","Consumer","Second Class"
13.878,30.84,0,4,3,"Office Supplies","Binders","East","Consumer","First Class"
21.0128,45.68,0,2,2,"Office Supplies","Paper","West","Consumer","Second Class"
16.7946,58.416,0.2,2,2,"Technology","Accessories","Central","Corporate","Second Class"
6.048,12.6,0,4,5,"Office Supplies","Labels","West","Corporate","Standard Class"
130.7581,360.712,0.2,11,3,"Office Supplies","Paper","Central","Home Office","Second Class"
-1.4784,4.928,0.6,4,3,"Furniture","Furnishings","Central","Corporate","First Class"
5.4768,19.56,0,4,5,"Office Supplies","Art","South","Corporate","Standard Class"
109.3365,971.88,0.2,3,4,"Technology","Phones","Central","Consumer","Standard Class"
9.3906,19.98,0,1,0,"Office Supplies","Paper","West","Consumer","Same Day"
163.787,629.95,0,5,5,"Technology","Phones","South","Corporate","Standard Class"
55.896,1117.92,0,4,4,"Office Supplies","Storage","East","Home Office","Second Class"
6.3612,28.272,0.2,2,3,"Furniture","Furnishings","South","Consumer","Second Class"
113.6394,313.488,0.2,7,2,"Office Supplies","Paper","Central","Home Office","Second Class"
5.6376,15.552,0.2,3,3,"Office Supplies","Paper","West","Consumer","Second Class"
0.3348,4.464,0.2,1,3,"Office Supplies","Storage","South","Consumer","First Class"
0.6993,7.992,0.2,1,1,"Technology","Phones","Central","Consumer","First Class"
3.6288,10.368,0.2,2,7,"Office Supplies","Paper","Central","Corporate","Standard Class"
97.2,270,0,3,5,"Technology","Accessories","West","Home Office","Standard Class"
14.7582,196.776,0.2,3,4,"Technology","Phones","West","Consumer","Standard Class"
75.735,302.94,0,3,1,"Furniture","Bookcases","South","Corporate","First Class"
10.3194,30.576,0.2,6,4,"Office Supplies","Binders","West","Home Office","Standard Class"
4.1634,15.42,0,1,4,"Office Supplies","Storage","South","Consumer","Standard Class"
0.968,2.2,0,1,7,"Office Supplies","Art","Central","Corporate","Standard Class"
12.18,81.2,0,5,5,"Office Supplies","Storage","South","Consumer","Second Class"
3.285,10.95,0,3,2,"Office Supplies","Supplies","West","Corporate","Second Class"
6.0412,43.936,0.2,4,0,"Furniture","Furnishings","South","Consumer","Same Day"
4.1988,55.984,0.2,2,0,"Office Supplies","Art","East","Consumer","Same Day"
8.7906,17.94,0,3,3,"Office Supplies","Paper","Central","Home Office","First Class"
6.5754,20.232,0.2,3,6,"Office Supplies","Binders","West","Home Office","Standard Class"
383.931,1323.9,0,5,7,"Furniture","Chairs","Central","Consumer","Standard Class"
10.179,35.1,0,6,4,"Office Supplies","Art","West","Consumer","Standard Class"
-22.2388,16.784,0.6,2,7,"Furniture","Furnishings","Central","Home Office","Standard Class"
28.1718,59.94,0,3,0,"Office Supplies","Paper","West","Home Office","Same Day"
-3.9032,2.296,0.8,2,4,"Office Supplies","Binders","Central","Consumer","Standard Class"
249.9104,861.76,0,4,5,"Technology","Phones","East","Consumer","Standard Class"
1.2038,7.408,0.2,2,5,"Office Supplies","Art","Central","Consumer","Second Class"
-36.1176,1227.9984,0.32,6,3,"Furniture","Bookcases","Central","Corporate","First Class"
15.7194,38.34,0,9,5,"Office Supplies","Art","East","Consumer","Standard Class"
-167.27,669.08,0.2,5,6,"Office Supplies","Storage","West","Consumer","Standard Class"
-2.0364,47.516,0.3,2,4,"Furniture","Chairs","Central","Consumer","Standard Class"
70.1955,1123.128,0.2,9,6,"Technology","Phones","West","Consumer","Standard Class"
49.9704,106.32,0,3,5,"Office Supplies","Paper","South","Home Office","Second Class"
29.364,78.304,0.2,2,3,"Office Supplies","Paper","East","Corporate","First Class"
3177.475,6354.95,0,5,6,"Office Supplies","Binders","South","Consumer","Standard Class"
63.4368,226.56,0,6,5,"Office Supplies","Storage","West","Corporate","Standard Class"
1.2005,13.72,0.2,1,5,"Office Supplies","Storage","Central","Consumer","Standard Class"
36.3018,192.186,0.1,3,3,"Furniture","Chairs","East","Corporate","Second Class"
13.7016,121.792,0.2,4,1,"Office Supplies","Appliances","East","Consumer","First Class"
26.224,209.792,0.2,2,3,"Office Supplies","Appliances","West","Home Office","First Class"
0.8988,10.272,0.2,3,4,"Office Supplies","Art","South","Corporate","Standard Class"
2.8812,5.88,0,1,4,"Office Supplies","Paper","East","Corporate","Standard Class"
53.196,204.6,0,2,4,"Furniture","Furnishings","West","Consumer","Standard Class"
359.9988,4799.984,0.2,2,2,"Technology","Machines","West","Corporate","First Class"
28.6578,79.056,0.2,9,7,"Office Supplies","Binders","East","Consumer","Standard Class"
19.035,101.52,0.2,5,4,"Furniture","Furnishings","South","Consumer","Standard Class"
103.3116,210.84,0,4,4,"Office Supplies","Envelopes","West","Corporate","Standard Class"
12.8583,32.97,0,3,3,"Technology","Accessories","South","Corporate","First Class"
0.4592,5.248,0.2,2,5,"Office Supplies","Art","West","Consumer","Standard Class"
19.872,41.4,0,4,6,"Office Supplies","Labels","Central","Home Office","Standard Class"
-0.9933,1.892,0.6,1,4,"Furniture","Furnishings","Central","Corporate","Standard Class"
-11.439,14.76,0.6,5,5,"Furniture","Furnishings","Central","Consumer","Standard Class"
6.0288,18.84,0,3,5,"Furniture","Furnishings","West","Consumer","Standard Class"
12.231,27.18,0,3,6,"Office Supplies","Paper","West","Corporate","Standard Class"
3.069,40.92,0.2,5,4,"Office Supplies","Supplies","Central","Consumer","Second Class"
15.9516,45.576,0.2,3,0,"Office Supplies","Binders","East","Consumer","Same Day"
6.5569,18.088,0.2,7,5,"Office Supplies","Binders","West","Corporate","Standard Class"
34.7802,70.98,0,7,3,"Office Supplies","Paper","South","Corporate","First Class"
22.6782,302.376,0.2,3,4,"Technology","Phones","West","Consumer","Standard Class"
3.8048,13.12,0,4,3,"Office Supplies","Art","West","Corporate","First Class"
0,501.81,0,3,2,"Office Supplies","Storage","Central","Consumer","First Class"
3.14,10.048,0.2,2,5,"Office Supplies","Binders","West","Consumer","Standard Class"
97.0784,211.04,0,8,6,"Office Supplies","Paper","West","Consumer","Standard Class"
37.9962,99.99,0,1,5,"Technology","Accessories","West","Consumer","Second Class"
8.636,25.4,0,5,0,"Furniture","Furnishings","West","Home Office","Same Day"
4.0664,23.92,0,4,4,"Office Supplies","Storage","West","Home Office","Standard Class"
2.2365,31.95,0,1,2,"Technology","Accessories","East","Consumer","Second Class"
40.7499,99.39,0,3,3,"Technology","Accessories","Central","Consumer","First Class"
81.8496,227.36,0,7,7,"Furniture","Furnishings","West","Consumer","Standard Class"
2.1465,4.77,0,1,1,"Office Supplies","Paper","East","Consumer","First Class"
83.314,297.55,0,5,3,"Technology","Phones","Central","Corporate","Second Class"
12.9129,33.11,0,7,6,"Furniture","Furnishings","West","Corporate","Standard Class"
29.245,116.98,0,2,4,"Technology","Phones","East","Consumer","Standard Class"
415.9896,1279.968,0.2,4,6,"Technology","Machines","West","Home Office","Standard Class"
1.395,5.58,0,1,2,"Office Supplies","Art","West","Home Office","Second Class"
-1.827,1.044,0.8,1,4,"Office Supplies","Binders","Central","Corporate","Standard Class"
81.744,251.52,0.2,6,4,"Office Supplies","Binders","West","Corporate","Standard Class"
1.7138,7.216,0.2,2,4,"Office Supplies","Fasteners","East","Home Office","Standard Class"
26.9304,54.96,0,1,5,"Office Supplies","Paper","East","Consumer","Standard Class"
25.5798,75.792,0.2,3,3,"Office Supplies","Binders","East","Home Office","Second Class"
-48.392,72.588,0.7,2,4,"Office Supplies","Binders","West","Corporate","Standard Class"
-11.4648,6.744,0.8,4,4,"Office Supplies","Binders","Central","Consumer","Standard Class"
15.7992,43.584,0.2,12,5,"Office Supplies","Binders","West","Consumer","Standard Class"
-34.3148,158.376,0.4,4,2,"Technology","Phones","East","Consumer","First Class"
52.3764,698.352,0.2,3,4,"Furniture","Chairs","South","Consumer","Standard Class"
20.7459,237.096,0.2,3,2,"Office Supplies","Storage","Central","Corporate","First Class"
0,306.2,0,5,4,"Office Supplies","Storage","South","Consumer","Standard Class"
37.1084,102.368,0.2,2,4,"Office Supplies","Binders","East","Corporate","Standard Class"
-407.976,509.97,0.7,10,4,"Office Supplies","Binders","East","Corporate","Second Class"
4.5873,40.776,0.2,3,7,"Office Supplies","Art","South","Corporate","Standard Class"
32.925,87.8,0.2,5,5,"Technology","Phones","West","Consumer","Standard Class"
4.116,14.7,0,7,3,"Office Supplies","Art","West","Corporate","Second Class"
-40.196,683.332,0.15,4,4,"Furniture","Bookcases","West","Consumer","Standard Class"
1.1466,3.528,0.2,1,5,"Office Supplies","Paper","Central","Consumer","Standard Class"
15.552,32.4,0,5,4,"Office Supplies","Paper","South","Home Office","Second Class"
9.2556,25.71,0,3,6,"Furniture","Furnishings","South","Consumer","Standard Class"
28.1421,104.23,0,7,4,"Furniture","Furnishings","West","Consumer","Standard Class"
7.049,563.92,0.2,5,7,"Furniture","Chairs","West","Consumer","Standard Class"
52.6344,187.98,0,2,5,"Technology","Phones","South","Home Office","Standard Class"
3.0774,6.69,0,1,4,"Office Supplies","Paper","East","Home Office","Second Class"
53.9946,239.976,0.2,3,5,"Technology","Accessories","Central","Consumer","Second Class"
-4.9878,2.934,0.8,3,6,"Office Supplies","Binders","Central","Consumer","Standard Class"
48.3771,102.93,0,3,6,"Office Supplies","Binders","South","Home Office","Standard Class"
5.7672,21.36,0,2,5,"Office Supplies","Storage","West","Consumer","Standard Class"
-39.1248,164.736,0.2,4,3,"Office Supplies","Storage","Central","Home Office","First Class"
1.1556,10.272,0.2,3,0,"Office Supplies","Art","South","Consumer","Same Day"
11.88,26.4,0,5,2,"Office Supplies","Paper","South","Corporate","Second Class"
1.652,4.72,0.2,2,2,"Office Supplies","Envelopes","East","Consumer","Second Class"
7.92,25.344,0.2,6,3,"Office Supplies","Paper","West","Consumer","Second Class"
-34.758,185.376,0.2,2,2,"Office Supplies","Supplies","South","Corporate","Second Class"
15.9384,54.96,0,3,3,"Office Supplies","Appliances","Central","Corporate","First Class"
66.9546,371.97,0,3,4,"Technology","Accessories","East","Home Office","Standard Class"
-14.4784,307.666,0.15,2,6,"Furniture","Bookcases","West","Consumer","Standard Class"
10.8248,1082.48,0,8,6,"Office Supplies","Storage","East","Corporate","Standard Class"
39.4438,358.58,0,2,4,"Furniture","Tables","South","Corporate","Standard Class"
11.1672,33.088,0.2,4,5,"Office Supplies","Binders","West","Consumer","Standard Class"
3.3408,9.216,0.2,4,6,"Office Supplies","Labels","South","Home Office","Standard Class"
-96.4704,409.9992,0.32,3,1,"Furniture","Bookcases","Central","Consumer","First Class"
1.3986,15.984,0.2,2,5,"Technology","Phones","South","Corporate","Standard Class"
5.2626,10.74,0,3,0,"Office Supplies","Fasteners","South","Consumer","Same Day"
12.376,65.52,0.1,5,5,"Office Supplies","Appliances","Central","Corporate","Standard Class"
23.84,381.44,0.2,2,2,"Furniture","Chairs","West","Consumer","First Class"
58.5052,450.04,0,2,6,"Office Supplies","Storage","South","Consumer","Standard Class"
15.8256,56.52,0,3,4,"Office Supplies","Appliances","West","Consumer","Standard Class"
0,204.9,0,5,5,"Office Supplies","Storage","West","Corporate","Standard Class"
11.8728,34.92,0,4,4,"Furniture","Furnishings","West","Home Office","Second Class"
46.8,120,0,6,4,"Technology","Accessories","West","Consumer","Standard Class"
-8.3524,35.168,0.2,2,5,"Office Supplies","Storage","West","Consumer","Standard Class"
124.488,414.96,0,2,4,"Office Supplies","Appliances","East","Home Office","Standard Class"
8.4888,31.44,0,3,0,"Office Supplies","Storage","West","Consumer","Same Day"
1.6704,4.608,0.2,2,3,"Office Supplies","Labels","Central","Consumer","First Class"
0.1134,5.67,0,3,6,"Office Supplies","Fasteners","South","Consumer","Standard Class"
6.0368,17.248,0.2,2,4,"Office Supplies","Binders","West","Corporate","Second Class"
-29.94,37.425,0.7,5,0,"Office Supplies","Binders","South","Consumer","Same Day"
32.3982,431.976,0.2,3,5,"Technology","Phones","Central","Consumer","Standard Class"
31.2858,120.33,0,1,5,"Office Supplies","Storage","East","Corporate","Second Class"
1.999,31.984,0.2,2,7,"Technology","Accessories","West","Consumer","Standard Class"
56.392,704.9,0,5,2,"Furniture","Bookcases","West","Consumer","Second Class"
4.8416,22.784,0.2,1,6,"Furniture","Furnishings","West","Consumer","Standard Class"
3.3516,44.688,0.2,7,4,"Office Supplies","Storage","East","Consumer","Standard Class"
0,155.35,0,13,5,"Technology","Phones","South","Home Office","Standard Class"
8.526,23.52,0.2,5,5,"Office Supplies","Paper","Central","Corporate","Standard Class"
71.991,239.97,0,3,7,"Technology","Accessories","East","Consumer","Standard Class"
25.473,121.3,0,2,5,"Furniture","Furnishings","Central","Consumer","Standard Class"
15.1158,71.98,0,2,6,"Technology","Accessories","South","Home Office","Standard Class"
26.2,104.8,0,10,5,"Office Supplies","Art","East","Consumer","Standard Class"
-27.9312,38.088,0.7,4,5,"Office Supplies","Binders","South","Corporate","Standard Class"
1.512,3.15,0,1,5,"Office Supplies","Labels","East","Corporate","Standard Class"
11.7488,167.84,0,8,7,"Furniture","Furnishings","West","Corporate","Standard Class"
0.5994,7.992,0.2,1,4,"Technology","Phones","Central","Home Office","Second Class"
47.8152,131.904,0.2,3,4,"Office Supplies","Paper","South","Consumer","Standard Class"
8.8686,22.74,0,3,6,"Office Supplies","Art","East","Consumer","Standard Class"
7.5864,20.928,0.2,4,2,"Office Supplies","Binders","West","Corporate","Second Class"
11.2236,23.88,0,6,5,"Office Supplies","Binders","South","Consumer","Second Class"
9.0384,25.824,0.2,6,7,"Office Supplies","Binders","West","Consumer","Standard Class"
34.5,138,0,2,4,"Technology","Phones","East","Home Office","Standard Class"
-47.8716,239.358,0.3,3,6,"Furniture","Chairs","Central","Consumer","Standard Class"
5.8891,12.53,0,1,3,"Office Supplies","Binders","South","Consumer","Second Class"
-1.2558,33.488,0.2,7,4,"Office Supplies","Storage","West","Consumer","Standard Class"
-43.7292,194.352,0.2,3,5,"Office Supplies","Storage","East","Corporate","Standard Class"
21.33,47.4,0,5,5,"Furniture","Furnishings","Central","Home Office","Standard Class"
60.8832,144.96,0,4,0,"Technology","Accessories","West","Consumer","Same Day"
6.615,14.7,0,5,6,"Office Supplies","Art","East","Corporate","Standard Class"
6.2208,12.96,0,2,6,"Office Supplies","Paper","Central","Home Office","Standard Class"
21.506,107.53,0,1,6,"Furniture","Furnishings","West","Consumer","Standard Class"
2.184,8.4,0,5,5,"Office Supplies","Art","West","Home Office","Standard Class"
23.5564,50.12,0,4,1,"Office Supplies","Labels","West","Corporate","First Class"
626.185,2504.74,0,7,4,"Office Supplies","Appliances","East","Corporate","Standard Class"
6.9132,19.752,0.2,3,2,"Office Supplies","Binders","West","Consumer","First Class"
7.774,16.9,0,5,2,"Office Supplies","Paper","East","Consumer","First Class"
9.3312,19.44,0,3,5,"Office Supplies","Paper","West","Consumer","Standard Class"
7.7679,88.776,0.2,3,4,"Technology","Phones","West","Consumer","Standard Class"
39.213,130.71,0,3,1,"Office Supplies","Storage","West","Consumer","First Class"
-1031.5385,1345.485,0.7,5,4,"Office Supplies","Binders","South","Corporate","Standard Class"
54.04,108.08,0,7,0,"Office Supplies","Binders","South","Home Office","Same Day"
70.196,1403.92,0.2,5,5,"Furniture","Chairs","West","Corporate","Standard Class"
38.4372,142.36,0,2,0,"Furniture","Chairs","Central","Consumer","Same Day"
2.9322,8.688,0.2,3,5,"Office Supplies","Envelopes","South","Corporate","Standard Class"
1.6704,4.608,0.2,2,2,"Office Supplies","Labels","South","Consumer","Second Class"
42.048,87.6,0,5,5,"Office Supplies","Paper","East","Consumer","Standard Class"
31.984,159.92,0,4,7,"Furniture","Furnishings","South","Home Office","Standard Class"
-40.7976,50.997,0.7,1,4,"Office Supplies","Binders","East","Consumer","Standard Class"
219.9904,478.24,0,8,3,"Office Supplies","Binders","Central","Consumer","Second Class"
2.14,6.848,0.2,2,6,"Office Supplies","Paper","Central","Home Office","Standard Class"
80.9919,239.976,0.2,3,2,"Technology","Machines","West","Corporate","First Class"
54.215,173.488,0.2,7,5,"Office Supplies","Paper","Central","Corporate","Second Class"
165.3813,787.53,0,3,4,"Furniture","Tables","West","Consumer","Standard Class"
2.0228,7.78,0,2,2,"Office Supplies","Appliances","West","Home Office","Second Class"
-8.379,35.91,0.4,3,4,"Technology","Phones","East","Home Office","Standard Class"
19.872,41.4,0,4,4,"Office Supplies","Labels","East","Corporate","Standard Class"
15.386,87.92,0.2,5,3,"Furniture","Furnishings","East","Consumer","First Class"
0.6672,8.896,0.2,4,4,"Office Supplies","Art","West","Consumer","Standard Class"
-10.1736,22.608,0.6,3,7,"Furniture","Furnishings","Central","Home Office","Standard Class"
42.588,681.408,0.2,12,4,"Furniture","Bookcases","East","Consumer","Standard Class"
-630.882,4416.174,0.3,9,5,"Furniture","Chairs","East","Consumer","Second Class"
70.5028,163.96,0,4,5,"Technology","Accessories","East","Home Office","Second Class"
7.7679,88.776,0.2,3,2,"Technology","Phones","West","Corporate","Second Class"
41.1208,117.488,0.2,7,5,"Office Supplies","Binders","West","Consumer","Standard Class"
76.47,254.9,0,5,3,"Furniture","Furnishings","East","Consumer","First Class"
2.0048,5.728,0.2,2,1,"Office Supplies","Binders","West","Corporate","First Class"
682.5168,2022.272,0.2,8,4,"Office Supplies","Binders","West","Consumer","Standard Class"
3.7236,12.84,0,3,4,"Office Supplies","Art","South","Corporate","Standard Class"
2.891,23.128,0.2,7,6,"Office Supplies","Art","South","Consumer","Standard Class"
13.208,50.8,0,5,7,"Office Supplies","Art","West","Corporate","Standard Class"
3.6296,11.168,0.2,4,2,"Office Supplies","Fasteners","Central","Consumer","Second Class"
30.8966,85.232,0.2,7,4,"Office Supplies","Binders","East","Consumer","Standard Class"
16.6536,61.68,0,4,6,"Office Supplies","Storage","South","Corporate","Standard Class"
21.9945,199.95,0,5,7,"Technology","Accessories","West","Consumer","Standard Class"
0,636.86,0,7,5,"Office Supplies","Storage","East","Corporate","Standard Class"
-10.1736,22.608,0.6,3,5,"Furniture","Furnishings","Central","Home Office","Standard Class"
11.0016,22.92,0,4,2,"Office Supplies","Binders","East","Corporate","Second Class"
12.8316,37.74,0,3,6,"Furniture","Furnishings","East","Corporate","Standard Class"
-6.1248,7.656,0.7,4,4,"Office Supplies","Binders","East","Corporate","Standard Class"
1.0598,105.98,0,2,4,"Technology","Phones","East","Corporate","Standard Class"
83.9944,299.98,0,2,4,"Technology","Phones","Central","Home Office","Standard Class"
3.6,7.5,0,2,4,"Office Supplies","Labels","Central","Consumer","Second Class"
43.7842,150.98,0,1,4,"Furniture","Chairs","East","Home Office","Standard Class"
2.3868,7.072,0.2,2,5,"Office Supplies","Envelopes","Central","Consumer","Standard Class"
3.5152,10.816,0.2,4,1,"Office Supplies","Paper","South","Consumer","First Class"
3.4398,10.584,0.2,3,4,"Office Supplies","Paper","East","Home Office","Second Class"
35.8644,137.94,0,3,4,"Technology","Phones","East","Consumer","Standard Class"
4.068,67.8,0,4,4,"Technology","Accessories","South","Consumer","Standard Class"
281.016,1040.8,0,5,4,"Office Supplies","Appliances","East","Corporate","Standard Class"
20.7,46,0,4,5,"Office Supplies","Binders","South","Home Office","Standard Class"
-20.1528,67.176,0.4,1,4,"Furniture","Tables","East","Corporate","Standard Class"
6.42,20.544,0.2,6,2,"Office Supplies","Paper","Central","Consumer","Second Class"
10.422,27.792,0.2,3,2,"Office Supplies","Envelopes","West","Consumer","Second Class"
2.224,5.56,0,2,5,"Office Supplies","Art","West","Home Office","Standard Class"
8.8624,24.448,0.2,4,4,"Office Supplies","Envelopes","East","Corporate","Standard Class"
282.2092,1085.42,0,7,4,"Office Supplies","Storage","East","Corporate","Standard Class"
13.2,120,0,8,0,"Technology","Accessories","East","Consumer","Same Day"
21.1344,50.32,0,4,4,"Furniture","Furnishings","West","Consumer","Standard Class"
3.8655,128.85,0,3,7,"Technology","Phones","East","Corporate","Standard Class"
-2.07,55.2,0.2,1,5,"Technology","Accessories","Central","Consumer","Standard Class"
-7.392,2.688,0.8,3,5,"Office Supplies","Appliances","Central","Consumer","Standard Class"
1.1151,3.304,0.2,1,4,"Office Supplies","Binders","West","Corporate","Standard Class"
-121.2705,559.71,0.4,3,5,"Technology","Machines","Central","Corporate","Standard Class"
-7.5768,10.332,0.7,3,6,"Office Supplies","Binders","East","Home Office","Standard Class"
72.807,520.05,0,5,5,"Furniture","Furnishings","East","Corporate","Standard Class"
14.595,116.76,0.2,1,6,"Technology","Phones","South","Consumer","Standard Class"
2.7222,8.376,0.2,3,4,"Office Supplies","Fasteners","South","Corporate","Second Class"
0.6408,6.408,0.2,3,5,"Office Supplies","Art","Central","Home Office","Standard Class"
85.9828,199.96,0,4,3,"Technology","Accessories","West","Consumer","First Class"
0.9774,2.896,0.2,1,3,"Office Supplies","Envelopes","South","Corporate","First Class"
30.52,61.04,0,4,4,"Office Supplies","Binders","East","Corporate","Standard Class"
6.812,20.96,0.2,4,5,"Office Supplies","Paper","Central","Home Office","Standard Class"
-31.3722,244.006,0.3,2,4,"Furniture","Tables","East","Consumer","Standard Class"
4.5837,13.89,0,3,2,"Office Supplies","Art","South","Consumer","Second Class"
23.7742,65.584,0.2,2,4,"Office Supplies","Paper","Central","Home Office","Second Class"
15.552,32.4,0,5,2,"Office Supplies","Paper","West","Corporate","Second Class"
59.4355,163.96,0.2,5,5,"Office Supplies","Paper","South","Consumer","Standard Class"
434.9913,1199.976,0.2,3,7,"Technology","Copiers","West","Consumer","Standard Class"
3.744,11.52,0.2,4,5,"Office Supplies","Paper","East","Consumer","Second Class"
19.8254,40.46,0,7,6,"Office Supplies","Paper","West","Consumer","Standard Class"
62.748,185.92,0.2,4,1,"Office Supplies","Binders","West","Consumer","First Class"
3.8822,8.26,0,2,0,"Office Supplies","Binders","Central","Consumer","Same Day"
-22.8956,13.468,0.8,13,5,"Office Supplies","Binders","Central","Consumer","Second Class"
6.2208,12.96,0,2,2,"Office Supplies","Paper","West","Consumer","Second Class"
120.5106,245.94,0,6,6,"Office Supplies","Paper","South","Consumer","Standard Class"
-84.448,64.96,0.6,5,5,"Furniture","Furnishings","Central","Consumer","Standard Class"
-0.9452,0.556,0.8,1,0,"Office Supplies","Binders","Central","Corporate","Same Day"
41.934,489.23,0.3,2,7,"Furniture","Tables","Central","Consumer","Standard Class"
18.2112,37.94,0,2,4,"Office Supplies","Paper","East","Consumer","Standard Class"
13.32,29.6,0,4,5,"Office Supplies","Paper","West","Consumer","Standard Class"
-2.6256,3.282,0.7,2,1,"Office Supplies","Binders","South","Consumer","First Class"
18.2112,37.94,0,2,2,"Office Supplies","Paper","East","Home Office","First Class"
0.833,5.95,0,1,7,"Technology","Accessories","South","Corporate","Standard Class"
53.8608,109.92,0,2,6,"Office Supplies","Paper","Central","Home Office","Standard Class"
11.9952,35.28,0,3,0,"Furniture","Furnishings","West","Corporate","Same Day"
6.291,55.92,0.2,5,7,"Office Supplies","Storage","West","Consumer","Standard Class"
9.798,21.3,0,3,7,"Office Supplies","Binders","South","Consumer","Standard Class"
364.4595,1349.85,0,3,0,"Technology","Machines","East","Consumer","Same Day"
15.594,33.9,0,5,3,"Office Supplies","Paper","Central","Consumer","Second Class"
27.882,61.96,0,2,5,"Office Supplies","Paper","West","Consumer","Second Class"
214.4922,824.97,0,3,4,"Technology","Phones","East","Corporate","Second Class"
47.8152,131.904,0.2,3,6,"Office Supplies","Paper","West","Corporate","Standard Class"
14.6902,167.888,0.2,7,0,"Furniture","Chairs","West","Consumer","Same Day"
14.098,239.666,0.15,2,2,"Furniture","Bookcases","West","Consumer","First Class"
26.7904,95.68,0,8,4,"Technology","Phones","South","Corporate","Standard Class"
69.9965,599.97,0.4,5,5,"Technology","Copiers","East","Consumer","Standard Class"
13.9728,186.304,0.2,4,6,"Furniture","Chairs","South","Consumer","Standard Class"
75.686,291.1,0,5,5,"Furniture","Chairs","East","Corporate","Standard Class"
5.0064,14.304,0.2,6,5,"Office Supplies","Paper","Central","Consumer","Standard Class"
-58.6872,247.104,0.2,6,5,"Office Supplies","Storage","West","Consumer","Standard Class"
2.79,11.16,0,2,6,"Office Supplies","Art","East","Consumer","Standard Class"
5.4504,136.26,0,9,4,"Office Supplies","Storage","West","Home Office","Standard Class"
9.68,22,0,10,7,"Office Supplies","Art","Central","Consumer","Standard Class"
0.7152,7.152,0.2,3,2,"Office Supplies","Art","West","Consumer","First Class"
25.1808,335.744,0.2,2,3,"Furniture","Furnishings","South","Consumer","First Class"
-292.1,876.3,0.4,10,2,"Furniture","Tables","South","Corporate","Second Class"
6.2208,12.96,0,2,0,"Office Supplies","Paper","West","Corporate","Same Day"
-113.282,609.98,0.3,4,4,"Furniture","Tables","Central","Consumer","Standard Class"
523.7052,1805.88,0,6,6,"Furniture","Chairs","Central","Consumer","Standard Class"
8.0178,17.43,0,3,7,"Office Supplies","Binders","Central","Consumer","Standard Class"
-35.3646,314.352,0.2,3,5,"Furniture","Chairs","South","Corporate","Second Class"
42.045,84.09,0,3,5,"Office Supplies","Binders","East","Consumer","Standard Class"
-11.6622,21.204,0.6,3,2,"Furniture","Furnishings","Central","Corporate","First Class"
6.3504,12.96,0,2,7,"Office Supplies","Paper","East","Consumer","Standard Class"
-48.1194,68.742,0.7,9,5,"Office Supplies","Binders","South","Corporate","Standard Class"
15.6078,43.056,0.2,9,4,"Office Supplies","Paper","East","Home Office","Standard Class"
272.792,1049.2,0,5,6,"Furniture","Furnishings","East","Home Office","Standard Class"
-6.8992,4.312,0.8,2,4,"Office Supplies","Binders","Central","Corporate","Second Class"
22.2444,60.12,0,9,3,"Office Supplies","Art","East","Consumer","Second Class"
-36.4704,364.704,0.2,6,5,"Furniture","Furnishings","West","Consumer","Standard Class"
13.482,29.96,0,7,4,"Office Supplies","Paper","West","Consumer","Standard Class"
-17.248,10.78,0.8,5,5,"Office Supplies","Binders","Central","Consumer","Standard Class"
4.5188,13.904,0.2,2,4,"Office Supplies","Binders","West","Consumer","Second Class"
100.4255,204.95,0,5,2,"Office Supplies","Paper","West","Corporate","First Class"
32.6332,191.96,0,2,6,"Furniture","Chairs","Central","Corporate","Standard Class"
12.51,40.032,0.2,6,4,"Office Supplies","Paper","East","Consumer","Second Class"
2.7776,8.96,0,2,3,"Furniture","Furnishings","South","Consumer","First Class"
13.2,42.24,0.2,10,4,"Office Supplies","Paper","South","Corporate","Standard Class"
-2.8308,4.044,0.6,3,5,"Furniture","Furnishings","Central","Consumer","Second Class"
8.69,17.38,0,2,2,"Office Supplies","Binders","Central","Corporate","Second Class"
8.3958,47.976,0.2,3,2,"Technology","Accessories","Central","Corporate","First Class"
11.4516,190.86,0,2,2,"Office Supplies","Storage","Central","Consumer","Second Class"
45.954,159.84,0.2,10,2,"Furniture","Furnishings","South","Corporate","First Class"
18.28,36.56,0,4,4,"Office Supplies","Binders","Central","Consumer","Standard Class"
7.5992,16.52,0,4,4,"Office Supplies","Labels","East","Consumer","Standard Class"
-1.4982,2.043,0.7,1,4,"Office Supplies","Binders","East","Home Office","Standard Class"
15.378,34.95,0,5,3,"Technology","Accessories","Central","Corporate","First Class"
350.9082,1299.66,0,2,6,"Technology","Phones","East","Consumer","Standard Class"
3.51,18.72,0.2,2,7,"Office Supplies","Appliances","West","Corporate","Standard Class"
2.4059,4.91,0,1,5,"Office Supplies","Labels","East","Consumer","Standard Class"
9.499,20.65,0,5,0,"Office Supplies","Labels","South","Corporate","Same Day"
7.92,25.344,0.2,6,4,"Office Supplies","Paper","East","Home Office","Standard Class"
8.8044,19.14,0,3,6,"Office Supplies","Binders","South","Corporate","Standard Class"
8.01,32.04,0,3,4,"Furniture","Furnishings","West","Consumer","Standard Class"
-35.178,281.424,0.2,11,0,"Office Supplies","Storage","Central","Consumer","Same Day"
2.7664,10.64,0,4,2,"Office Supplies","Art","West","Consumer","Second Class"
7.0044,21.552,0.2,6,2,"Office Supplies","Binders","West","Consumer","First Class"
80.7772,427.644,0.1,14,4,"Furniture","Chairs","East","Consumer","Standard Class"
-13.6312,18.588,0.7,2,3,"Office Supplies","Binders","East","Home Office","First Class"
4.2804,14.76,0,2,2,"Furniture","Furnishings","East","Consumer","Second Class"
1.4112,2.88,0,1,4,"Office Supplies","Binders","Central","Consumer","Standard Class"
56.301,1126.02,0,3,3,"Office Supplies","Storage","South","Corporate","Second Class"
7.2177,14.73,0,3,5,"Office Supplies","Labels","West","Consumer","Standard Class"
-131.445,219.075,0.5,3,4,"Furniture","Tables","Central","Consumer","Standard Class"
45.3488,161.96,0,2,6,"Furniture","Chairs","Central","Home Office","Standard Class"
2.256,12.032,0.2,8,0,"Office Supplies","Fasteners","Central","Consumer","Same Day"
8.694,18.9,0,3,3,"Office Supplies","Labels","West","Corporate","First Class"
-1359.992,8159.952,0.4,8,4,"Technology","Machines","Central","Consumer","Standard Class"
-3.168,12.672,0.2,3,5,"Office Supplies","Storage","Central","Home Office","Standard Class"
4.8609,14.73,0,3,6,"Furniture","Furnishings","Central","Consumer","Standard Class"
18.6093,64.17,0,3,5,"Office Supplies","Storage","West","Home Office","Standard Class"
8.991,19.98,0,2,4,"Office Supplies","Paper","West","Consumer","Standard Class"
-26.2272,16.392,0.8,2,2,"Office Supplies","Binders","Central","Consumer","First Class"
-197.5752,73.176,0.8,6,5,"Office Supplies","Appliances","Central","Consumer","Standard Class"
27.434,94.6,0,4,6,"Office Supplies","Storage","East","Consumer","Standard Class"
40.3128,167.97,0,3,6,"Technology","Accessories","West","Consumer","Standard Class"
-80.9955,323.982,0.4,3,5,"Technology","Phones","East","Consumer","Standard Class"
-14.6388,512.358,0.3,3,4,"Furniture","Chairs","Central","Home Office","Standard Class"
0.4752,4.224,0.2,3,6,"Office Supplies","Art","South","Consumer","Standard Class"
-47.175,69.375,0.5,1,7,"Furniture","Tables","Central","Consumer","Standard Class"
14.3952,47.984,0.2,2,2,"Technology","Accessories","Central","Corporate","Second Class"
8.2992,31.92,0,4,2,"Office Supplies","Storage","East","Consumer","Second Class"
7.567,16.45,0,5,6,"Office Supplies","Paper","East","Consumer","Standard Class"
12.052,26.2,0,4,5,"Office Supplies","Paper","West","Consumer","Second Class"
3.3524,9.248,0.2,2,4,"Office Supplies","Paper","East","Consumer","Standard Class"
18.396,52.56,0,3,5,"Office Supplies","Appliances","East","Consumer","Standard Class"
3.6288,10.368,0.2,2,5,"Office Supplies","Paper","Central","Corporate","Standard Class"
6.795,21.744,0.2,3,5,"Office Supplies","Paper","East","Consumer","Standard Class"
3.36,6.72,0,4,6,"Office Supplies","Art","West","Home Office","Standard Class"
12.4416,25.92,0,4,4,"Office Supplies","Paper","South","Home Office","Standard Class"
33.9388,109.48,0,2,5,"Furniture","Furnishings","East","Corporate","Standard Class"
11.4504,35.232,0.2,3,5,"Office Supplies","Binders","East","Corporate","Standard Class"
3.6288,10.368,0.2,2,7,"Office Supplies","Paper","East","Home Office","Standard Class"
0.4116,4.704,0.2,2,5,"Office Supplies","Art","South","Consumer","Standard Class"
-30.2288,172.736,0.2,4,2,"Office Supplies","Storage","East","Corporate","First Class"
-480.2032,1252.704,0.4,8,4,"Furniture","Tables","East","Consumer","Standard Class"
5.2164,12.42,0,3,5,"Office Supplies","Art","West","Consumer","Standard Class"
-4.49,5.388,0.7,4,5,"Office Supplies","Binders","South","Consumer","Second Class"
6.4368,23.84,0,8,1,"Office Supplies","Art","West","Consumer","Same Day"
35.9964,319.968,0.2,4,5,"Technology","Phones","West","Consumer","Standard Class"
4.3428,15.51,0,1,2,"Office Supplies","Storage","West","Home Office","Second Class"
11.92,190.72,0.2,1,2,"Furniture","Chairs","West","Corporate","Second Class"
6.756,67.56,0.2,3,4,"Office Supplies","Art","Central","Consumer","Standard Class"
2.9562,7.58,0,1,6,"Office Supplies","Art","West","Home Office","Standard Class"
62.3904,129.98,0,2,4,"Technology","Phones","East","Corporate","Standard Class"
6.168,30.84,0,3,0,"Technology","Accessories","East","Home Office","Same Day"
65.9934,239.976,0.2,3,0,"Technology","Accessories","East","Home Office","Same Day"
188.1404,671.93,0,7,2,"Technology","Phones","South","Home Office","Second Class"
-26.7558,56.328,0.6,3,0,"Furniture","Furnishings","Central","Consumer","Same Day"
-13.8432,19.776,0.7,4,3,"Office Supplies","Binders","East","Consumer","First Class"
6.15,12.3,0,5,4,"Office Supplies","Binders","East","Corporate","Standard Class"
-194.824,159.04,0.6,5,6,"Furniture","Furnishings","Central","Consumer","Standard Class"
28.9568,307.666,0.15,2,7,"Furniture","Bookcases","West","Consumer","Standard Class"
77.5764,1292.94,0,3,4,"Furniture","Bookcases","West","Corporate","Second Class"
239.976,799.92,0.2,10,4,"Technology","Accessories","South","Home Office","Standard Class"
11.7,37.44,0.2,4,2,"Office Supplies","Binders","West","Corporate","First Class"
40.1702,81.98,0,2,4,"Office Supplies","Paper","West","Consumer","Standard Class"
16.704,148.48,0.2,2,6,"Technology","Phones","West","Consumer","Standard Class"
14.8344,52.98,0,2,5,"Office Supplies","Appliances","West","Consumer","Standard Class"
16.8,35,0,7,3,"Office Supplies","Fasteners","West","Consumer","First Class"
65.978,149.95,0,5,2,"Technology","Accessories","South","Consumer","First Class"
2.478,7.08,0.2,3,3,"Office Supplies","Envelopes","West","Consumer","First Class"
4.5216,45.216,0.2,3,5,"Office Supplies","Appliances","East","Corporate","Standard Class"
1.5804,21.072,0.2,3,5,"Technology","Phones","Central","Corporate","Standard Class"
18.33,61.1,0,5,6,"Furniture","Furnishings","South","Home Office","Standard Class"
90.735,362.94,0,3,5,"Office Supplies","Appliances","Central","Consumer","Standard Class"
2.7336,8.04,0,6,4,"Office Supplies","Art","East","Corporate","Standard Class"
-15.7176,314.352,0.2,3,5,"Furniture","Bookcases","East","Consumer","Standard Class"
1.7375,5.56,0.2,1,4,"Technology","Phones","West","Consumer","Standard Class"
27.5632,59.92,0,4,5,"Furniture","Furnishings","West","Consumer","Standard Class"
20.1579,671.93,0,7,5,"Office Supplies","Storage","West","Consumer","Standard Class"
125.5824,523.26,0,9,2,"Furniture","Bookcases","South","Consumer","First Class"
10.0624,26.48,0,1,3,"Furniture","Furnishings","West","Corporate","First Class"
-19.7712,32.952,0.6,6,4,"Furniture","Furnishings","Central","Consumer","Standard Class"
5.6416,13.12,0,4,2,"Office Supplies","Art","East","Consumer","Second Class"
-69.312,1212.96,0.3,8,5,"Furniture","Chairs","Central","Corporate","Standard Class"
493.7856,2244.48,0,7,1,"Furniture","Tables","South","Home Office","First Class"
2.0416,7.04,0,4,1,"Office Supplies","Art","East","Home Office","First Class"
5.4332,11.56,0,4,3,"Office Supplies","Labels","West","Home Office","Second Class"
22.792,56.98,0,7,4,"Office Supplies","Art","Central","Consumer","Standard Class"
6.5975,22.75,0,7,6,"Office Supplies","Appliances","East","Consumer","Standard Class"
151.0974,559.62,0,9,3,"Office Supplies","Storage","West","Corporate","First Class"
21.8192,83.92,0,4,2,"Furniture","Furnishings","East","Home Office","Second Class"
9.7152,48.576,0.2,3,5,"Furniture","Furnishings","East","Consumer","Second Class"
80.843,1293.488,0.2,7,0,"Furniture","Tables","West","Corporate","Same Day"
11.732,41.9,0,2,4,"Technology","Phones","Central","Consumer","Standard Class"
8.4528,17.61,0,3,5,"Office Supplies","Paper","Central","Consumer","Standard Class"
19.4194,59.752,0.2,7,0,"Office Supplies","Envelopes","Central","Consumer","Same Day"
103.158,234.45,0,3,4,"Technology","Accessories","South","Consumer","Standard Class"
52.14,208.56,0,6,1,"Office Supplies","Storage","East","Consumer","First Class"
7.476,26.7,0,2,2,"Office Supplies","Art","Central","Consumer","Second Class"
91.7892,254.97,0,3,4,"Technology","Accessories","East","Home Office","Standard Class"
41.823,92.94,0,3,6,"Office Supplies","Paper","West","Consumer","Standard Class"
37.9176,108.336,0.2,6,3,"Office Supplies","Paper","East","Consumer","First Class"
16.65,37,0,5,5,"Office Supplies","Paper","East","Corporate","Standard Class"
2.5164,22.368,0.2,2,7,"Office Supplies","Storage","South","Consumer","Standard Class"
4.4712,12.42,0,3,5,"Furniture","Furnishings","West","Consumer","Second Class"
-297.6848,1488.424,0.3,7,5,"Furniture","Tables","East","Corporate","Standard Class"
99.296,273.92,0.2,8,3,"Office Supplies","Binders","West","Corporate","First Class"
1.6524,4.896,0.2,3,4,"Office Supplies","Envelopes","East","Consumer","Standard Class"
4.5816,9.96,0,2,2,"Office Supplies","Labels","West","Consumer","Second Class"
-5.264,30.08,0.2,2,6,"Technology","Accessories","West","Consumer","Standard Class"
-20.0904,27.396,0.7,3,5,"Office Supplies","Binders","South","Consumer","Standard Class"
12.8256,513.024,0.2,2,7,"Furniture","Tables","West","Home Office","Standard Class"
40.3536,115.296,0.2,3,4,"Office Supplies","Paper","South","Consumer","Standard Class"
-4.04,6.464,0.6,1,4,"Furniture","Furnishings","Central","Consumer","Standard Class"
7.6284,23.472,0.2,3,5,"Office Supplies","Envelopes","South","Consumer","Standard Class"
53.8608,109.92,0,2,3,"Office Supplies","Paper","West","Corporate","First Class"
13.8684,39.624,0.2,3,4,"Office Supplies","Binders","West","Consumer","Standard Class"
2.724,27.24,0.2,3,2,"Office Supplies","Storage","Central","Corporate","First Class"
6.534,34.848,0.2,2,3,"Office Supplies","Appliances","South","Consumer","Second Class"
1.476,3.28,0,2,7,"Office Supplies","Art","East","Consumer","Standard Class"
2.0492,4.36,0,2,4,"Office Supplies","Paper","South","Consumer","Standard Class"
40.0036,123.088,0.2,7,6,"Office Supplies","Paper","South","Consumer","Standard Class"
-2.8608,3.576,0.7,4,5,"Office Supplies","Binders","East","Corporate","Standard Class"
43.9,87.8,0,4,4,"Technology","Phones","East","Corporate","Standard Class"
75.18,859.2,0.2,3,5,"Technology","Phones","West","Corporate","Standard Class"
66.6344,666.344,0.2,7,7,"Technology","Phones","West","Consumer","Standard Class"
-6.952,10.428,0.7,4,5,"Office Supplies","Binders","East","Home Office","Standard Class"
30.6054,272.048,0.2,7,5,"Office Supplies","Appliances","South","Consumer","Standard Class"
-99.1764,1322.352,0.2,3,4,"Furniture","Tables","West","Corporate","Second Class"
59.998,479.984,0.2,2,4,"Technology","Copiers","West","Consumer","Standard Class"
15.3426,47.208,0.2,7,6,"Office Supplies","Binders","West","Consumer","Standard Class"
-75.5958,431.976,0.2,3,5,"Technology","Accessories","South","Home Office","Standard Class"
-187.3815,141.42,0.6,5,4,"Furniture","Furnishings","Central","Consumer","Standard Class"
9.14,18.28,0,2,6,"Office Supplies","Binders","Central","Corporate","Standard Class"
-23.0352,614.272,0.2,8,3,"Furniture","Chairs","West","Consumer","First Class"
314.8418,968.744,0.2,7,6,"Office Supplies","Binders","East","Corporate","Standard Class"
4.752,10.56,0,2,6,"Office Supplies","Paper","Central","Consumer","Standard Class"
4.1472,12.96,0,2,4,"Office Supplies","Art","East","Consumer","Standard Class"
-114.0174,369.1992,0.32,3,4,"Furniture","Bookcases","Central","Corporate","Standard Class"
327.5922,4367.896,0.2,13,3,"Technology","Phones","South","Consumer","Second Class"
13.674,31.8,0,3,4,"Technology","Accessories","East","Consumer","Standard Class"
9.8784,20.16,0,7,6,"Office Supplies","Labels","Central","Home Office","Standard Class"
67.608,563.4,0,4,5,"Office Supplies","Storage","East","Corporate","Standard Class"
38.08,238,0,2,4,"Technology","Accessories","East","Corporate","Standard Class"
-66.3916,211.246,0.3,2,5,"Furniture","Chairs","Central","Consumer","Standard Class"
40.416,126.3,0,3,1,"Furniture","Furnishings","Central","Consumer","First Class"
10.3936,28.672,0.2,8,2,"Office Supplies","Paper","Central","Consumer","Second Class"
-24.276,30.345,0.7,7,5,"Technology","Machines","East","Consumer","Standard Class"
2.14,6.848,0.2,2,4,"Office Supplies","Paper","Central","Corporate","Second Class"
17.127,152.24,0.2,5,2,"Office Supplies","Appliances","South","Consumer","First Class"
16.7034,835.17,0,7,7,"Office Supplies","Supplies","East","Consumer","Standard Class"
9.396,25.92,0.2,5,6,"Office Supplies","Paper","Central","Consumer","Standard Class"
24.936,166.24,0,1,0,"Technology","Accessories","East","Consumer","Same Day"
2.3976,7.104,0.2,2,2,"Office Supplies","Fasteners","South","Home Office","First Class"
3.753,13.9,0,5,4,"Office Supplies","Art","West","Corporate","Standard Class"
20.844,55.584,0.2,6,5,"Office Supplies","Envelopes","Central","Consumer","Standard Class"
-36.6744,183.372,0.3,2,1,"Furniture","Bookcases","Central","Consumer","First Class"
8.2848,41.424,0.2,2,4,"Technology","Accessories","South","Home Office","Standard Class"
3.5784,13.632,0.2,4,4,"Office Supplies","Art","South","Corporate","Standard Class"
97.1892,287.968,0.2,4,5,"Technology","Machines","West","Consumer","Standard Class"
26.3494,90.86,0,7,3,"Office Supplies","Appliances","East","Consumer","First Class"
11.8584,43.92,0,4,6,"Office Supplies","Appliances","West","Corporate","Standard Class"
21.2954,51.94,0,1,5,"Furniture","Furnishings","South","Corporate","Standard Class"
14.7184,367.96,0,4,5,"Office Supplies","Storage","South","Corporate","Second Class"
7.384,22.72,0.2,4,5,"Office Supplies","Binders","West","Consumer","Second Class"
-2.3232,1.408,0.8,2,0,"Office Supplies","Binders","Central","Home Office","Same Day"
5.4896,11.68,0,2,5,"Office Supplies","Art","West","Corporate","Standard Class"
-51.294,410.352,0.2,3,4,"Furniture","Furnishings","South","Consumer","Standard Class"
72.6408,302.67,0,3,5,"Furniture","Chairs","Central","Consumer","Standard Class"
125.9972,1079.976,0.4,4,6,"Technology","Copiers","East","Consumer","Standard Class"
15.4752,59.52,0,3,3,"Office Supplies","Art","East","Consumer","Second Class"
-4.466,1.624,0.8,2,4,"Office Supplies","Appliances","Central","Corporate","Standard Class"
28.4928,325.632,0.2,6,2,"Office Supplies","Appliances","West","Corporate","Second Class"
36.9288,80.28,0,12,2,"Office Supplies","Paper","West","Home Office","First Class"
19.3314,58.58,0,2,3,"Technology","Accessories","West","Corporate","First Class"
12.0295,24.55,0,5,0,"Office Supplies","Labels","East","Home Office","Same Day"
4.5402,9.87,0,3,2,"Office Supplies","Paper","West","Consumer","Second Class"
3.6156,7.86,0,2,3,"Office Supplies","Fasteners","West","Consumer","First Class"
1.0842,4.17,0,3,4,"Office Supplies","Art","West","Corporate","Standard Class"
7.0128,23.376,0.2,3,3,"Furniture","Furnishings","West","Consumer","Second Class"
-13.4379,119.448,0.2,3,1,"Technology","Accessories","Central","Consumer","First Class"
8.5164,113.552,0.2,2,6,"Office Supplies","Appliances","East","Consumer","Standard Class"
-10.4874,14.301,0.7,7,4,"Office Supplies","Binders","South","Consumer","Standard Class"
17.856,59.52,0,3,2,"Office Supplies","Art","East","Corporate","Second Class"
-5.1968,25.984,0.2,1,0,"Office Supplies","Storage","East","Consumer","Same Day"
138.3552,288.24,0,6,5,"Office Supplies","Paper","West","Home Office","Second Class"
-3.094,35.36,0.2,2,4,"Technology","Accessories","West","Home Office","Standard Class"
3.6288,10.368,0.2,2,4,"Office Supplies","Paper","Central","Consumer","Standard Class"
-13.6312,18.588,0.7,2,2,"Office Supplies","Binders","East","Consumer","Second Class"
-1.9344,1.248,0.8,2,6,"Office Supplies","Binders","Central","Consumer","Standard Class"
10.1493,30.072,0.2,3,2,"Office Supplies","Labels","East","Consumer","Second Class"
7.6968,102.624,0.2,3,5,"Office Supplies","Storage","Central","Consumer","Standard Class"
-350.49,2453.43,0.3,5,0,"Furniture","Chairs","Central","Consumer","Same Day"
2.079,23.76,0.2,3,2,"Office Supplies","Supplies","Central","Corporate","Second Class"
90.2871,209.97,0,3,5,"Technology","Machines","South","Consumer","Standard Class"
41.9136,261.96,0,2,3,"Furniture","Bookcases","South","Consumer","Second Class"
-11.6928,77.952,0.2,3,4,"Furniture","Furnishings","South","Home Office","Standard Class"
89.997,479.984,0.2,2,4,"Technology","Copiers","West","Home Office","Standard Class"
-32.3838,143.928,0.2,9,4,"Technology","Phones","South","Consumer","Standard Class"
47.0548,180.98,0,1,7,"Furniture","Chairs","Central","Consumer","Standard Class"
74.574,662.88,0.2,3,5,"Furniture","Chairs","South","Consumer","Standard Class"
28.764,95.88,0.2,3,4,"Technology","Accessories","East","Corporate","Standard Class"
1.5795,14.04,0.2,3,2,"Office Supplies","Art","Central","Consumer","Second Class"
0.3492,3.104,0.2,1,3,"Office Supplies","Supplies","South","Consumer","First Class"
131.9868,299.97,0,3,4,"Technology","Accessories","West","Corporate","Second Class"
-20.889,28.485,0.7,5,7,"Office Supplies","Binders","West","Home Office","Standard Class"
-29.94,479.04,0.2,10,4,"Technology","Accessories","West","Consumer","Standard Class"
1.8144,5.184,0.2,1,5,"Office Supplies","Paper","Central","Corporate","Standard Class"
0.8792,87.92,0,4,3,"Office Supplies","Storage","West","Consumer","Second Class"
-119.1918,623.4648,0.32,7,5,"Furniture","Bookcases","Central","Corporate","Standard Class"
4.49,14.368,0.2,4,3,"Office Supplies","Binders","West","Consumer","Second Class"
1.6784,33.568,0.2,2,0,"Office Supplies","Storage","East","Consumer","Same Day"
15.552,32.4,0,5,6,"Office Supplies","Paper","South","Consumer","Standard Class"
-29.512,38.08,0.6,5,4,"Furniture","Furnishings","Central","Corporate","Standard Class"
7.56,15.75,0,5,4,"Office Supplies","Labels","West","Consumer","Standard Class"
240.2649,1044.63,0,3,5,"Furniture","Tables","West","Consumer","Standard Class"
79.8912,166.44,0,3,5,"Office Supplies","Paper","West","Consumer","Second Class"
80.0226,275.94,0,6,5,"Technology","Phones","East","Home Office","Standard Class"
8.2848,41.424,0.2,2,4,"Technology","Accessories","Central","Corporate","Second Class"
26.8752,111.98,0,2,4,"Technology","Accessories","South","Corporate","Standard Class"
-7.612,10.38,0.7,2,5,"Office Supplies","Binders","South","Corporate","Standard Class"
14.9925,59.97,0,3,5,"Technology","Accessories","East","Consumer","Standard Class"
0.8736,3.36,0,2,7,"Office Supplies","Art","West","Consumer","Standard Class"
2.4675,7.896,0.2,3,3,"Office Supplies","Fasteners","Central","Consumer","First Class"
2.0358,6.264,0.2,3,3,"Office Supplies","Labels","South","Corporate","Second Class"
21.7355,59.96,0.2,5,4,"Technology","Phones","Central","Corporate","Standard Class"
17.5812,35.88,0,6,5,"Office Supplies","Paper","West","Home Office","Second Class"
8.381,23.12,0.2,5,0,"Office Supplies","Paper","West","Home Office","Same Day"
7.2576,20.736,0.2,4,5,"Office Supplies","Paper","East","Home Office","Standard Class"
2.245,7.184,0.2,2,0,"Office Supplies","Binders","West","Corporate","Same Day"
20.0392,425.833,0.15,1,0,"Furniture","Bookcases","West","Consumer","Same Day"
-1049.3406,4663.736,0.2,7,4,"Office Supplies","Supplies","East","Consumer","Second Class"
40.473,149.9,0,5,0,"Furniture","Chairs","South","Consumer","Same Day"
58.6872,133.38,0,6,5,"Furniture","Furnishings","South","Consumer","Standard Class"
18.6624,38.88,0,6,4,"Office Supplies","Paper","West","Home Office","Standard Class"
3.276,10.08,0.2,2,6,"Office Supplies","Labels","East","Home Office","Standard Class"
4.1748,8.52,0,3,5,"Office Supplies","Binders","Central","Corporate","Second Class"
8.37,16.74,0,3,4,"Office Supplies","Envelopes","East","Corporate","Standard Class"
7.209,21.36,0.2,5,2,"Office Supplies","Binders","East","Consumer","First Class"
7.049,119.833,0.15,1,5,"Furniture","Bookcases","West","Home Office","Standard Class"
14.8491,212.13,0,3,0,"Furniture","Furnishings","Central","Consumer","Same Day"
35.8644,137.94,0,3,5,"Technology","Phones","East","Consumer","Second Class"
5.4288,14.976,0.2,6,4,"Office Supplies","Binders","West","Consumer","Standard Class"
13.4865,29.97,0,3,2,"Office Supplies","Paper","West","Consumer","Second Class"
65.435,261.74,0,2,7,"Office Supplies","Storage","West","Consumer","Standard Class"
3.9808,39.808,0.2,4,4,"Office Supplies","Storage","West","Consumer","Standard Class"
-4.06,64.96,0.2,5,0,"Office Supplies","Storage","East","Corporate","Same Day"
1.4672,16.768,0.2,2,6,"Office Supplies","Storage","West","Consumer","Standard Class"
-39.4565,51.465,0.7,5,4,"Office Supplies","Binders","South","Consumer","Standard Class"
-571.9956,1299.99,0.5,2,4,"Technology","Machines","South","Consumer","Standard Class"
0.9612,4.272,0.2,2,4,"Furniture","Furnishings","West","Consumer","Standard Class"
27.441,182.94,0,3,5,"Furniture","Chairs","Central","Corporate","Standard Class"
0,35.48,0,1,6,"Office Supplies","Storage","East","Consumer","Standard Class"
6.72,26.88,0,6,5,"Office Supplies","Appliances","East","Home Office","Standard Class"
140.396,631.782,0.1,2,3,"Furniture","Chairs","East","Consumer","First Class"
22.6275,452.55,0,7,2,"Office Supplies","Storage","West","Home Office","Second Class"
-336.784,505.176,0.7,4,4,"Office Supplies","Binders","South","Consumer","Second Class"
-7.996,31.984,0.2,2,7,"Technology","Phones","West","Corporate","Standard Class"
8.6352,86.352,0.2,6,5,"Technology","Phones","West","Corporate","Standard Class"
21.228,73.2,0,5,5,"Office Supplies","Art","West","Consumer","Second Class"
16.2688,39.68,0,2,5,"Office Supplies","Art","Central","Home Office","Standard Class"
33.5888,119.96,0,2,2,"Office Supplies","Appliances","West","Consumer","Second Class"
36.4704,151.96,0,4,4,"Technology","Accessories","South","Home Office","Standard Class"
1.148,9.184,0.2,2,5,"Office Supplies","Supplies","East","Consumer","Standard Class"
580.5394,2001.86,0,7,5,"Furniture","Chairs","Central","Home Office","Second Class"
1.0269,3.912,0.2,1,5,"Office Supplies","Art","Central","Consumer","Standard Class"
746.4078,2573.82,0,9,4,"Furniture","Chairs","South","Home Office","Standard Class"
23.9688,99.87,0,3,5,"Office Supplies","Storage","West","Corporate","Standard Class"
5.6376,15.552,0.2,3,6,"Office Supplies","Paper","Central","Corporate","Standard Class"
52.532,114.2,0,5,5,"Office Supplies","Paper","West","Consumer","Standard Class"
8.9994,209.986,0.3,2,0,"Technology","Machines","Central","Home Office","Same Day"
3.4357,7.31,0,1,0,"Office Supplies","Labels","East","Home Office","Same Day"
3.71,7.42,0,2,6,"Office Supplies","Paper","West","Consumer","Standard Class"
-7.8588,183.372,0.3,2,2,"Furniture","Chairs","East","Consumer","First Class"
3.1104,6.48,0,1,2,"Office Supplies","Paper","East","Consumer","First Class"
-263.9967,1439.982,0.4,3,6,"Technology","Machines","Central","Corporate","Standard Class"
7.1196,569.568,0.2,2,2,"Furniture","Chairs","West","Corporate","Second Class"
5.5216,15.232,0.2,4,4,"Office Supplies","Paper","East","Consumer","Second Class"
2.6536,8.56,0,2,4,"Office Supplies","Art","South","Consumer","Standard Class"
19.6305,314.088,0.2,3,5,"Office Supplies","Storage","Central","Consumer","Standard Class"
5.5875,17.88,0.2,3,5,"Office Supplies","Binders","East","Consumer","Standard Class"
21.259,340.144,0.2,7,4,"Furniture","Chairs","West","Consumer","Standard Class"
20.682,68.94,0,3,4,"Office Supplies","Appliances","East","Home Office","Standard Class"
69.92,152,0,5,3,"Office Supplies","Binders","Central","Corporate","First Class"
607.608,2025.36,0.2,6,3,"Technology","Accessories","East","Consumer","First Class"
4.1328,11.808,0.2,3,4,"Office Supplies","Binders","West","Corporate","Standard Class"
256.784,2054.272,0.2,8,1,"Furniture","Chairs","West","Home Office","Same Day"
12.7008,36.288,0.2,7,2,"Office Supplies","Paper","East","Consumer","Second Class"
5.196,83.136,0.2,4,1,"Furniture","Chairs","West","Home Office","Same Day"
207.8856,799.56,0,9,4,"Furniture","Furnishings","East","Consumer","Standard Class"
5.184,10.8,0,5,4,"Office Supplies","Binders","Central","Consumer","Standard Class"
85.904,330.4,0,2,3,"Office Supplies","Storage","West","Consumer","Second Class"
21.7176,579.136,0.2,4,4,"Furniture","Bookcases","East","Corporate","Second Class"
314.2719,931.176,0.2,3,0,"Office Supplies","Binders","West","Corporate","Same Day"
2.7072,5.64,0,3,4,"Office Supplies","Binders","South","Consumer","Standard Class"
24.9984,95.232,0.2,6,0,"Office Supplies","Art","Central","Consumer","Same Day"
6.6584,22.96,0,7,3,"Office Supplies","Art","South","Consumer","Second Class"
53.982,269.91,0.1,5,4,"Office Supplies","Appliances","Central","Consumer","Standard Class"
20.724,75.36,0.2,5,5,"Furniture","Furnishings","West","Home Office","Standard Class"
-115.4304,384.768,0.4,2,6,"Furniture","Tables","East","Corporate","Standard Class"
6.534,34.848,0.2,2,6,"Office Supplies","Appliances","East","Corporate","Standard Class"
6.2208,12.96,0,2,4,"Office Supplies","Paper","Central","Corporate","Standard Class"
-5.8604,7.644,0.7,4,4,"Office Supplies","Binders","South","Consumer","Standard Class"
180.441,2887.056,0.2,9,7,"Furniture","Tables","West","Corporate","Standard Class"
16.1505,35.89,0,1,6,"Office Supplies","Envelopes","West","Consumer","Standard Class"
16.7886,62.18,0,1,2,"Office Supplies","Storage","East","Corporate","Second Class"
22.2264,45.36,0,4,6,"Office Supplies","Paper","East","Corporate","Standard Class"
24.2256,49.44,0,3,4,"Office Supplies","Binders","Central","Consumer","Standard Class"
6.1992,18.368,0.2,2,5,"Office Supplies","Fasteners","Central","Consumer","Standard Class"
20.585,44.75,0,5,6,"Office Supplies","Paper","East","Consumer","Standard Class"
9.5688,28.352,0.2,1,0,"Office Supplies","Paper","Central","Consumer","Same Day"
12.264,35.04,0,2,6,"Office Supplies","Appliances","South","Consumer","Standard Class"
2.4582,32.776,0.2,1,6,"Office Supplies","Art","South","Consumer","Standard Class"
22.3776,111.888,0.2,7,4,"Furniture","Furnishings","West","Corporate","Standard Class"
42.495,339.96,0.2,5,7,"Technology","Phones","West","Consumer","Standard Class"
-8.2368,11.232,0.7,8,4,"Office Supplies","Binders","South","Consumer","Second Class"
-35.6174,164.388,0.4,2,0,"Technology","Phones","East","Corporate","Same Day"
102.4998,542.646,0.1,3,3,"Furniture","Chairs","East","Consumer","First Class"
82.2906,167.94,0,3,4,"Office Supplies","Paper","East","Consumer","Standard Class"
53.7544,537.544,0.2,7,5,"Technology","Phones","Central","Consumer","Second Class"
5.8914,17.456,0.2,2,4,"Office Supplies","Binders","West","Consumer","Standard Class"
60.5528,137.62,0,2,5,"Office Supplies","Appliances","Central","Consumer","Standard Class"
6.3072,17.52,0,3,4,"Office Supplies","Art","East","Home Office","Second Class"
-9.282,106.08,0.2,6,4,"Technology","Accessories","Central","Consumer","Standard Class"
0.8495,67.96,0.2,5,1,"Technology","Accessories","West","Home Office","First Class"
11.556,25.68,0,6,6,"Office Supplies","Paper","East","Consumer","Standard Class"
-13.7175,8.85,0.8,5,4,"Office Supplies","Binders","Central","Consumer","Standard Class"
16.8237,49.848,0.2,3,4,"Office Supplies","Binders","East","Corporate","Standard Class"
4.3326,11.952,0.2,3,5,"Office Supplies","Paper","West","Home Office","Standard Class"
10.5,50,0,2,7,"Technology","Accessories","West","Consumer","Standard Class"
6.4784,64.784,0.2,1,4,"Furniture","Chairs","South","Consumer","Second Class"
-10.7973,95.976,0.2,3,3,"Technology","Accessories","Central","Corporate","Second Class"
-52.6582,526.582,0.3,2,4,"Furniture","Tables","East","Home Office","Standard Class"
-12.849,899.43,0.3,5,1,"Furniture","Chairs","Central","Consumer","First Class"
16.3842,34.86,0,7,4,"Office Supplies","Paper","East","Corporate","Standard Class"
3.9312,11.232,0.2,3,4,"Office Supplies","Binders","West","Corporate","Standard Class"
-63.996,95.994,0.7,2,1,"Technology","Machines","West","Corporate","First Class"
-8.5794,600.558,0.3,3,5,"Furniture","Chairs","Central","Consumer","Standard Class"
13.572,180.96,0.2,5,5,"Technology","Phones","Central","Corporate","Standard Class"
6.799,108.784,0.2,2,2,"Technology","Phones","South","Consumer","Second Class"
5.6956,15.712,0.2,4,3,"Office Supplies","Labels","Central","Corporate","First Class"
49.3938,146.352,0.2,3,4,"Office Supplies","Envelopes","Central","Home Office","Standard Class"
15.921,43.92,0.2,5,3,"Office Supplies","Envelopes","West","Consumer","Second Class"
11.613,33.18,0,2,4,"Technology","Accessories","West","Corporate","Second Class"
32.2322,65.78,0,11,6,"Office Supplies","Paper","East","Corporate","Standard Class"
-29.4368,147.184,0.2,2,3,"Office Supplies","Storage","West","Home Office","First Class"
16.9312,65.12,0,4,5,"Office Supplies","Storage","East","Corporate","Second Class"
1159.9855,3999.95,0,5,4,"Technology","Machines","East","Consumer","Standard Class"
41.8608,174.42,0,3,2,"Furniture","Bookcases","West","Consumer","Second Class"
45.528,94.85,0,5,2,"Office Supplies","Paper","West","Consumer","Second Class"
9.936,20.7,0,2,6,"Office Supplies","Labels","East","Consumer","Standard Class"
-14.5656,8.568,0.8,3,4,"Office Supplies","Binders","Central","Consumer","Standard Class"
41.993,479.92,0.2,2,4,"Technology","Phones","West","Consumer","Second Class"
-4.641,53.04,0.2,3,2,"Technology","Accessories","West","Consumer","First Class"
39.9234,326.646,0.1,3,4,"Furniture","Chairs","East","Consumer","Standard Class"
-158.102,677.58,0.4,5,6,"Technology","Phones","East","Corporate","Standard Class"
45.9754,97.82,0,2,4,"Office Supplies","Paper","East","Corporate","Standard Class"
-9.223,12.03,0.7,5,6,"Office Supplies","Binders","West","Home Office","Standard Class"
20.9664,43.68,0,6,5,"Office Supplies","Paper","South","Consumer","Standard Class"
5.6644,11.56,0,2,5,"Office Supplies","Paper","East","Consumer","Standard Class"
27.3735,248.85,0,5,2,"Technology","Accessories","West","Consumer","First Class"
6.102,101.7,0,6,3,"Technology","Accessories","South","Corporate","Second Class"
7.745,24.784,0.2,1,4,"Office Supplies","Paper","East","Consumer","Standard Class"
3.597,10.9,0,5,1,"Office Supplies","Fasteners","West","Consumer","First Class"
14.904,31.05,0,3,5,"Office Supplies","Labels","West","Consumer","Standard Class"
15.0696,52.416,0.2,9,5,"Furniture","Furnishings","West","Consumer","Standard Class"
15.9968,199.96,0,4,5,"Technology","Accessories","Central","Consumer","Standard Class"
9.6957,35.91,0,3,5,"Office Supplies","Appliances","East","Consumer","Standard Class"
5.5566,11.34,0,1,6,"Office Supplies","Paper","Central","Home Office","Standard Class"
-77.4732,73.784,0.6,2,6,"Furniture","Furnishings","Central","Corporate","Standard Class"
28.959,68.95,0,5,5,"Furniture","Furnishings","East","Corporate","Standard Class"
17.3376,49.536,0.2,3,6,"Office Supplies","Binders","East","Consumer","Standard Class"
3.772,13.12,0.2,5,4,"Office Supplies","Art","Central","Consumer","Standard Class"
56.2744,643.136,0.2,4,2,"Furniture","Chairs","South","Corporate","First Class"
13.2288,33.92,0,8,5,"Office Supplies","Art","East","Home Office","Second Class"
-25.8174,36.882,0.7,3,4,"Office Supplies","Binders","West","Consumer","Standard Class"
0.3336,4.448,0.2,2,0,"Office Supplies","Art","Central","Consumer","Same Day"
-94.5084,1080.096,0.2,6,5,"Office Supplies","Storage","East","Consumer","Standard Class"
-11.19,13.428,0.7,3,0,"Office Supplies","Binders","South","Consumer","Same Day"
7.884,23.36,0.2,4,4,"Office Supplies","Binders","East","Consumer","Standard Class"
79.794,306.9,0,3,4,"Furniture","Furnishings","Central","Corporate","Standard Class"
11.814,31.504,0.2,11,7,"Office Supplies","Fasteners","South","Corporate","Standard Class"
17.3488,198.272,0.2,8,3,"Office Supplies","Art","East","Home Office","First Class"
5.373,15.92,0.2,5,5,"Office Supplies","Binders","West","Corporate","Standard Class"
6.999,111.984,0.2,2,4,"Technology","Phones","South","Consumer","Standard Class"
220.4853,449.97,0,3,4,"Technology","Phones","Central","Home Office","Second Class"
3.3524,9.248,0.2,2,5,"Office Supplies","Paper","Central","Home Office","Second Class"
25.1979,305.9745,0.15,3,2,"Furniture","Bookcases","West","Corporate","First Class"
50.098,801.568,0.2,2,4,"Furniture","Chairs","West","Corporate","Standard Class"
-16.3183,76.792,0.2,1,4,"Office Supplies","Storage","East","Consumer","Standard Class"
18.96,47.4,0,5,4,"Furniture","Furnishings","East","Corporate","Standard Class"
28.858,61.4,0,5,6,"Office Supplies","Paper","East","Corporate","Standard Class"
15.408,34.24,0,8,7,"Office Supplies","Paper","West","Consumer","Standard Class"
128.6805,791.88,0.2,3,4,"Technology","Accessories","Central","Home Office","Standard Class"
146.388,487.96,0,2,4,"Furniture","Chairs","Central","Home Office","Standard Class"
18.7812,39.96,0,2,2,"Office Supplies","Paper","East","Consumer","First Class"
7.2177,14.73,0,3,4,"Office Supplies","Labels","West","Consumer","Standard Class"
-163.4516,769.184,0.2,4,4,"Office Supplies","Supplies","East","Consumer","Standard Class"
-12.849,899.43,0.3,5,3,"Furniture","Chairs","East","Home Office","First Class"
3.1104,6.48,0,1,4,"Office Supplies","Paper","West","Consumer","Standard Class"
16.7132,35.56,0,7,6,"Office Supplies","Paper","Central","Consumer","Standard Class"
12.0609,44.67,0,3,2,"Furniture","Furnishings","West","Corporate","First Class"
-86.0586,317.058,0.3,3,2,"Furniture","Chairs","East","Corporate","First Class"
22.9885,99.95,0,5,6,"Furniture","Furnishings","Central","Corporate","Standard Class"
73.41,146.82,0,3,5,"Office Supplies","Paper","East","Corporate","Standard Class"
-14.2716,13.592,0.6,2,5,"Furniture","Furnishings","Central","Consumer","Standard Class"
2.6964,30.816,0.2,9,2,"Office Supplies","Art","East","Home Office","First Class"
0.1191,11.91,0,3,4,"Office Supplies","Supplies","West","Consumer","Standard Class"
33.9065,159.56,0.2,5,5,"Technology","Accessories","Central","Home Office","Second Class"
-34.758,185.376,0.2,2,7,"Office Supplies","Supplies","West","Home Office","Standard Class"
7.996,79.96,0.2,5,1,"Technology","Phones","Central","Consumer","Same Day"
35.6613,98.376,0.2,3,4,"Office Supplies","Paper","East","Corporate","Standard Class"
-3.0396,1.788,0.8,3,5,"Office Supplies","Binders","Central","Consumer","Standard Class"
-3.465,4.158,0.7,7,4,"Office Supplies","Binders","West","Corporate","Standard Class"
6.7252,14.62,0,2,5,"Office Supplies","Paper","East","Consumer","Standard Class"
-24.588,98.352,0.2,3,3,"Office Supplies","Storage","South","Corporate","First Class"
21.4032,43.68,0,6,5,"Office Supplies","Binders","East","Consumer","Standard Class"
5.9072,18.176,0.2,4,4,"Office Supplies","Paper","East","Corporate","Standard Class"
3.0084,6.54,0,1,4,"Office Supplies","Paper","South","Home Office","Standard Class"
55.016,137.54,0,2,7,"Furniture","Furnishings","West","Corporate","Standard Class"
8.8062,33.87,0,3,6,"Office Supplies","Storage","West","Consumer","Standard Class"
-16.6848,20.856,0.7,8,5,"Office Supplies","Binders","East","Corporate","Standard Class"
6.8904,19.008,0.2,3,7,"Office Supplies","Paper","West","Corporate","Standard Class"
7.9724,41.96,0,2,5,"Office Supplies","Storage","East","Corporate","Standard Class"
5.346,11.88,0,2,2,"Office Supplies","Binders","South","Corporate","First Class"
-15.245,243.92,0.2,5,5,"Furniture","Chairs","West","Consumer","Second Class"
27.3592,124.36,0,2,6,"Furniture","Furnishings","East","Consumer","Standard Class"
11.376,28.44,0,3,6,"Furniture","Furnishings","East","Consumer","Standard Class"
-44.2782,26.046,0.8,3,2,"Office Supplies","Binders","Central","Corporate","First Class"
3.7996,8.26,0,2,5,"Office Supplies","Envelopes","East","Consumer","Standard Class"
-33.139,21.38,0.8,5,4,"Office Supplies","Binders","Central","Consumer","Standard Class"
24.144,80.48,0,1,4,"Office Supplies","Appliances","South","Consumer","Standard Class"
14.7,35,0,4,1,"Furniture","Furnishings","East","Corporate","First Class"
0.868,2.48,0,1,5,"Office Supplies","Art","Central","Home Office","Standard Class"
5.2773,60.312,0.2,3,2,"Furniture","Furnishings","East","Consumer","First Class"
20.585,44.75,0,5,6,"Office Supplies","Paper","Central","Consumer","Standard Class"
24.936,166.24,0,1,5,"Technology","Accessories","West","Consumer","Standard Class"
50.5632,210.68,0,2,1,"Furniture","Furnishings","East","Corporate","First Class"
-46.3998,191.058,0.3,3,2,"Furniture","Chairs","Central","Consumer","First Class"
-0.5964,0.852,0.7,1,0,"Office Supplies","Binders","East","Consumer","Same Day"
-92.7996,382.116,0.3,6,4,"Furniture","Chairs","Central","Consumer","Standard Class"
58.38,467.04,0.2,4,3,"Technology","Phones","South","Corporate","Second Class"
7.128,15.84,0,3,6,"Office Supplies","Paper","Central","Consumer","Standard Class"
157.0176,541.44,0,6,3,"Office Supplies","Appliances","West","Consumer","Second Class"
14.8752,165.28,0,4,4,"Furniture","Furnishings","East","Corporate","Standard Class"
179.9964,1199.976,0.4,4,5,"Technology","Copiers","East","Consumer","Second Class"
12.178,194.848,0.2,4,1,"Furniture","Chairs","West","Consumer","First Class"
35.6346,131.98,0,2,4,"Technology","Phones","Central","Home Office","Standard Class"
136.2971,469.99,0,1,3,"Technology","Phones","East","Corporate","First Class"
5.796,16.56,0.2,2,4,"Office Supplies","Labels","South","Consumer","Standard Class"
-12.8256,32.064,0.6,3,4,"Furniture","Furnishings","Central","Consumer","Standard Class"
-2.7,24,0.2,2,6,"Technology","Accessories","South","Consumer","Standard Class"
-136.4895,454.965,0.3,5,4,"Furniture","Chairs","Central","Corporate","Standard Class"
4.195,16.78,0,2,4,"Office Supplies","Appliances","East","Corporate","Standard Class"
-28.7964,255.968,0.2,4,5,"Technology","Accessories","East","Corporate","Standard Class"
4.0687,14.03,0,1,4,"Office Supplies","Storage","West","Consumer","Standard Class"
11.7782,25.06,0,2,3,"Office Supplies","Binders","East","Consumer","First Class"
46.7313,274.89,0,11,5,"Technology","Accessories","West","Consumer","Standard Class"
10.9698,23.34,0,3,6,"Office Supplies","Envelopes","South","Consumer","Standard Class"
6.633,20.1,0,3,5,"Office Supplies","Art","West","Corporate","Standard Class"
-33.32,666.4,0.2,7,7,"Technology","Accessories","Central","Home Office","Standard Class"
4.3368,16.68,0,6,2,"Office Supplies","Art","West","Consumer","Second Class"
14.6825,58.73,0,7,4,"Office Supplies","Appliances","East","Home Office","Standard Class"
15.372,54.9,0,5,0,"Office Supplies","Supplies","East","Corporate","Same Day"
4.908,49.08,0,3,5,"Technology","Accessories","East","Home Office","Standard Class"
6.846,54.768,0.2,2,5,"Furniture","Furnishings","East","Corporate","Standard Class"
15.6744,55.98,0,2,1,"Technology","Phones","South","Corporate","First Class"
-6.188,14.56,0.6,5,4,"Furniture","Furnishings","Central","Consumer","Standard Class"
16.1838,47.952,0.2,3,5,"Office Supplies","Paper","East","Consumer","Standard Class"
10.512,29.2,0,5,4,"Office Supplies","Art","Central","Consumer","Standard Class"
5.3116,15.176,0.2,1,2,"Office Supplies","Paper","West","Corporate","Second Class"
34.9965,99.99,0,1,4,"Technology","Accessories","West","Corporate","Standard Class"
18.2,36.4,0,8,2,"Office Supplies","Binders","South","Consumer","Second Class"
6.4206,17.712,0.2,3,1,"Office Supplies","Binders","West","Consumer","First Class"
-304.6653,564.195,0.5,3,6,"Furniture","Tables","West","Home Office","Standard Class"
15.282,40.752,0.2,3,2,"Office Supplies","Envelopes","East","Home Office","First Class"
-1850.9464,1088.792,0.8,4,4,"Office Supplies","Binders","Central","Consumer","Standard Class"
29.988,142.8,0,1,4,"Technology","Accessories","Central","Consumer","Standard Class"
-18.5262,11.228,0.8,7,5,"Office Supplies","Binders","Central","Corporate","Standard Class"
5.4432,15.552,0.2,3,7,"Office Supplies","Paper","South","Consumer","Standard Class"
7.0218,14.94,0,3,7,"Office Supplies","Paper","East","Home Office","Standard Class"
-2.1648,2.952,0.7,2,4,"Office Supplies","Binders","South","Corporate","Standard Class"
169.182,1522.638,0.1,9,5,"Furniture","Chairs","East","Corporate","Standard Class"
-1.476,0.984,0.8,2,3,"Office Supplies","Binders","Central","Consumer","First Class"
152.388,717.12,0.2,9,5,"Technology","Accessories","South","Corporate","Second Class"
2.2302,6.608,0.2,2,0,"Office Supplies","Binders","West","Consumer","Same Day"
31.198,499.168,0.2,4,4,"Technology","Phones","South","Home Office","Standard Class"
0.2334,23.34,0,3,5,"Office Supplies","Fasteners","South","Home Office","Standard Class"
-453.849,177.98,0.8,5,4,"Office Supplies","Appliances","Central","Consumer","Standard Class"
-2.6997,215.976,0.2,3,3,"Furniture","Chairs","West","Consumer","Second Class"
11.6316,193.86,0,2,1,"Office Supplies","Storage","East","Consumer","First Class"
2.8782,8.856,0.2,3,4,"Office Supplies","Envelopes","East","Corporate","Standard Class"
6.8714,14.62,0,2,1,"Office Supplies","Labels","East","Consumer","First Class"
219.4514,447.86,0,7,5,"Office Supplies","Binders","East","Consumer","Standard Class"
7.3132,15.56,0,2,6,"Office Supplies","Envelopes","East","Consumer","Standard Class"
-226.6368,87.168,0.8,8,4,"Office Supplies","Appliances","Central","Corporate","Standard Class"
-13.8278,8.134,0.8,7,4,"Office Supplies","Binders","Central","Consumer","Standard Class"
213.6888,821.88,0,6,4,"Furniture","Furnishings","South","Consumer","Standard Class"
-58.5048,215.544,0.3,4,7,"Furniture","Chairs","East","Consumer","Standard Class"
-2.4564,3.204,0.7,2,5,"Office Supplies","Binders","South","Consumer","Standard Class"
0.6912,6.912,0.2,3,5,"Office Supplies","Art","Central","Consumer","Second Class"
53.2608,110.96,0,2,6,"Office Supplies","Paper","East","Consumer","Standard Class"
0.6156,1.824,0.2,2,4,"Office Supplies","Fasteners","Central","Consumer","Standard Class"
150.984,314.55,0,3,2,"Office Supplies","Paper","Central","Corporate","Second Class"
-27.828,695.7,0.5,2,2,"Technology","Machines","South","Corporate","First Class"
51.8238,153.552,0.2,3,4,"Office Supplies","Binders","West","Corporate","Standard Class"
-250.396,1502.376,0.4,4,5,"Technology","Phones","East","Consumer","Standard Class"
-3.094,35.36,0.2,2,2,"Technology","Accessories","East","Home Office","First Class"
-251.9958,2519.958,0.4,7,2,"Technology","Machines","Central","Corporate","Second Class"
18.0096,37.52,0,4,7,"Office Supplies","Paper","West","Consumer","Standard Class"
34.8128,80.96,0,4,3,"Furniture","Furnishings","West","Consumer","First Class"
2.502,22.24,0.2,2,5,"Office Supplies","Supplies","Central","Corporate","Standard Class"
13.1956,47.984,0.2,2,7,"Technology","Accessories","South","Consumer","Standard Class"
111.3024,1113.024,0.2,8,5,"Office Supplies","Art","West","Corporate","Standard Class"
12.4173,110.376,0.2,3,4,"Technology","Phones","West","Consumer","Standard Class"
13.0095,26.55,0,3,4,"Office Supplies","Binders","East","Consumer","Standard Class"
68.9631,146.73,0,3,3,"Office Supplies","Paper","West","Corporate","Second Class"
17.1828,39.96,0,2,5,"Furniture","Furnishings","West","Consumer","Standard Class"
6.1572,70.368,0.2,2,4,"Office Supplies","Art","Central","Home Office","Second Class"
63.984,199.95,0,5,3,"Technology","Accessories","Central","Consumer","First Class"
70.312,159.8,0,4,6,"Technology","Accessories","South","Corporate","Standard Class"
105.2468,362.92,0,2,4,"Office Supplies","Storage","West","Consumer","Standard Class"
129.5865,479.95,0,5,5,"Technology","Phones","East","Consumer","Standard Class"
0.5004,6.672,0.2,1,2,"Office Supplies","Supplies","Central","Consumer","Second Class"
-3.123,16.656,0.2,6,4,"Office Supplies","Supplies","Central","Corporate","Standard Class"
-24.9624,332.832,0.2,4,2,"Furniture","Furnishings","East","Corporate","Second Class"
-117.882,825.174,0.3,9,2,"Furniture","Bookcases","Central","Corporate","First Class"
13.5626,63.824,0.2,2,2,"Technology","Accessories","West","Home Office","First Class"
6.549,556.665,0.15,5,1,"Furniture","Bookcases","West","Corporate","First Class"
117.1296,418.32,0,7,0,"Office Supplies","Storage","Central","Corporate","Same Day"
27.735,88.752,0.2,3,7,"Office Supplies","Binders","West","Consumer","Standard Class"
45.3696,283.56,0,4,0,"Furniture","Tables","West","Corporate","Same Day"
-11.2806,50.136,0.2,3,7,"Office Supplies","Storage","Central","Consumer","Standard Class"
41.823,92.94,0,3,2,"Office Supplies","Paper","West","Consumer","Second Class"
3.8682,34.384,0.2,1,3,"Office Supplies","Appliances","East","Consumer","First Class"
7.7679,88.776,0.2,3,5,"Technology","Phones","Central","Consumer","Standard Class"
-218.8656,455.97,0.5,6,6,"Furniture","Tables","West","Corporate","Standard Class"
161.19,477.6,0.2,3,5,"Technology","Phones","West","Home Office","Standard Class"
4.89,9.78,0,1,4,"Office Supplies","Envelopes","West","Corporate","Standard Class"
-25.049,2003.92,0.2,5,6,"Furniture","Bookcases","East","Consumer","Standard Class"
3.2832,9.728,0.2,2,4,"Office Supplies","Binders","West","Corporate","Second Class"
-18.222,255.108,0.3,6,4,"Furniture","Chairs","Central","Home Office","Standard Class"
2.604,7.44,0,3,4,"Office Supplies","Art","West","Consumer","Standard Class"
-52.632,30.96,0.8,8,3,"Office Supplies","Binders","Central","Consumer","First Class"
30.4278,64.74,0,13,4,"Office Supplies","Paper","West","Corporate","Standard Class"
8.1168,21.36,0,8,6,"Furniture","Furnishings","South","Corporate","Standard Class"
93.204,258.9,0,10,6,"Technology","Accessories","East","Home Office","Standard Class"
-6.36,4.24,0.8,5,4,"Office Supplies","Binders","Central","Consumer","Standard Class"
22.3888,79.96,0,4,2,"Technology","Phones","Central","Corporate","First Class"
11.7936,43.68,0,3,3,"Office Supplies","Appliances","West","Consumer","First Class"
219.582,731.94,0,3,3,"Furniture","Chairs","South","Consumer","Second Class"
18.6624,38.88,0,6,4,"Office Supplies","Paper","East","Consumer","Standard Class"
0.2952,2.624,0.2,1,7,"Office Supplies","Art","East","Consumer","Standard Class"
9.3312,19.44,0,3,2,"Office Supplies","Paper","East","Consumer","Second Class"
7.605,25.35,0,3,0,"Office Supplies","Supplies","West","Corporate","Same Day"
10.3936,51.968,0.2,2,2,"Furniture","Furnishings","East","Consumer","First Class"
7.4655,39.816,0.2,3,4,"Technology","Accessories","Central","Consumer","Standard Class"
-320.2395,182.994,0.8,3,6,"Office Supplies","Binders","Central","Corporate","Standard Class"
4.4564,17.14,0,2,5,"Office Supplies","Supplies","East","Corporate","Standard Class"
20.6955,183.96,0.2,5,5,"Technology","Phones","West","Corporate","Standard Class"
-22.144,13.84,0.8,4,2,"Office Supplies","Binders","Central","Corporate","Second Class"
89.9548,276.784,0.2,2,1,"Office Supplies","Binders","East","Consumer","First Class"
4.6176,61.568,0.2,2,6,"Office Supplies","Storage","South","Home Office","Standard Class"
1.962,26.16,0.2,3,2,"Office Supplies","Storage","South","Corporate","First Class"
7.6048,21.728,0.2,7,6,"Office Supplies","Envelopes","West","Consumer","Standard Class"
9.396,25.92,0.2,5,5,"Office Supplies","Paper","Central","Consumer","Second Class"
65.9634,227.46,0,6,6,"Technology","Phones","East","Corporate","Standard Class"
213.735,854.94,0,3,4,"Furniture","Chairs","East","Corporate","Standard Class"
0.4264,2.624,0.2,1,2,"Office Supplies","Art","East","Consumer","First Class"
5.0596,19.46,0,7,4,"Office Supplies","Art","Central","Corporate","Standard Class"
19.99,63.968,0.2,2,2,"Office Supplies","Envelopes","East","Home Office","Second Class"
28.8576,60.12,0,9,1,"Office Supplies","Paper","West","Consumer","First Class"
70.9644,545.88,0,6,2,"Furniture","Chairs","South","Corporate","Second Class"
6.552,20.16,0.2,4,5,"Office Supplies","Labels","Central","Corporate","Standard Class"
-6599.978,4499.985,0.7,5,7,"Technology","Machines","East","Consumer","Standard Class"
1.2506,3.38,0,1,4,"Office Supplies","Art","West","Corporate","Standard Class"
-465.568,727.45,0.5,5,4,"Furniture","Tables","West","Corporate","Standard Class"
21.7845,46.35,0,5,2,"Office Supplies","Paper","West","Consumer","Second Class"
2.1476,6.608,0.2,2,7,"Office Supplies","Envelopes","Central","Corporate","Standard Class"
3.052,10.9,0,1,4,"Technology","Phones","Central","Consumer","Standard Class"
19.7714,45.98,0,2,2,"Technology","Accessories","Central","Corporate","First Class"
83.281,4164.05,0,5,5,"Office Supplies","Supplies","Central","Corporate","Second Class"
9.3906,19.98,0,1,2,"Office Supplies","Paper","West","Consumer","Second Class"
0,501.81,0,3,2,"Office Supplies","Storage","Central","Home Office","Second Class"
8.4966,17.34,0,3,7,"Office Supplies","Paper","Central","Corporate","Standard Class"
31.4895,149.95,0,5,5,"Technology","Accessories","West","Corporate","Standard Class"
4.1965,47.96,0.2,5,5,"Office Supplies","Art","South","Corporate","Standard Class"
4.1148,12.192,0.2,4,4,"Office Supplies","Binders","East","Corporate","Standard Class"
11.9988,159.984,0.2,2,5,"Technology","Phones","Central","Consumer","Standard Class"
9.9992,34.48,0,2,4,"Office Supplies","Supplies","South","Corporate","Standard Class"
-17.6607,11.394,0.8,9,5,"Office Supplies","Binders","Central","Corporate","Standard Class"
2.0592,205.92,0,4,4,"Office Supplies","Storage","West","Consumer","Standard Class"
6.992,27.968,0.2,2,4,"Technology","Accessories","East","Consumer","Standard Class"
23.31,51.8,0,4,3,"Office Supplies","Binders","East","Consumer","First Class"
6.0416,60.416,0.2,2,4,"Office Supplies","Storage","Central","Consumer","Second Class"
75.9924,199.98,0,2,0,"Technology","Accessories","West","Consumer","Same Day"
18.4604,87.444,0.1,2,4,"Office Supplies","Appliances","Central","Corporate","Standard Class"
1.764,5.04,0.2,2,4,"Office Supplies","Labels","East","Consumer","Standard Class"
22.9877,48.91,0,1,3,"Office Supplies","Paper","West","Home Office","Second Class"
17.469,38.82,0,6,6,"Office Supplies","Art","East","Consumer","Standard Class"
201.312,419.4,0,4,3,"Office Supplies","Paper","East","Home Office","Second Class"
1.598,31.96,0,2,0,"Furniture","Furnishings","West","Home Office","Same Day"
1.8312,6.976,0.2,4,4,"Office Supplies","Fasteners","Central","Corporate","Standard Class"
21.384,47.52,0,9,7,"Office Supplies","Paper","West","Corporate","Standard Class"
-10.0602,17.496,0.6,3,4,"Furniture","Furnishings","Central","Consumer","Standard Class"
-125.766,670.752,0.2,3,7,"Office Supplies","Storage","Central","Consumer","Standard Class"
60.4632,172.752,0.2,6,1,"Office Supplies","Binders","West","Home Office","First Class"
28.1718,59.94,0,3,1,"Office Supplies","Paper","South","Consumer","First Class"
-1.9344,1.248,0.8,3,2,"Office Supplies","Binders","Central","Corporate","First Class"
1.1596,46.384,0.2,1,4,"Furniture","Bookcases","East","Corporate","Second Class"
4.5816,9.96,0,2,6,"Office Supplies","Labels","East","Corporate","Standard Class"
57.5928,159.98,0,2,5,"Technology","Accessories","East","Corporate","Standard Class"
2.9372,41.96,0,2,5,"Furniture","Furnishings","West","Home Office","Standard Class"
8.25,33,0,6,5,"Technology","Phones","East","Corporate","Standard Class"
18.6624,38.88,0,6,5,"Office Supplies","Paper","West","Consumer","Standard Class"
47.7306,265.17,0,1,5,"Office Supplies","Storage","Central","Consumer","Standard Class"
-1.3584,27.168,0.2,4,4,"Technology","Accessories","Central","Home Office","Standard Class"
6.4128,13.36,0,2,3,"Office Supplies","Paper","South","Consumer","Second Class"
76.5583,162.89,0,13,6,"Office Supplies","Labels","South","Consumer","Standard Class"
4.1031,8.73,0,3,3,"Furniture","Furnishings","West","Home Office","First Class"
88.3932,259.98,0,2,2,"Technology","Accessories","East","Home Office","Second Class"
4.455,14.256,0.2,3,4,"Office Supplies","Binders","West","Consumer","Standard Class"
13.6851,47.19,0,3,7,"Office Supplies","Supplies","West","Corporate","Standard Class"
-51.8272,259.136,0.2,4,3,"Office Supplies","Storage","South","Consumer","Second Class"
44.2425,707.88,0.2,3,4,"Technology","Phones","West","Consumer","Standard Class"
7.3834,20.368,0.2,1,4,"Office Supplies","Binders","East","Corporate","Standard Class"
137.151,279.9,0,5,6,"Office Supplies","Paper","East","Corporate","Standard Class"
1.1808,10.496,0.2,4,2,"Office Supplies","Art","West","Corporate","Second Class"
-2.1885,35.016,0.2,3,5,"Technology","Accessories","Central","Consumer","Standard Class"
1.7901,6.63,0,3,6,"Office Supplies","Art","South","Consumer","Standard Class"
9.9456,35.52,0,4,5,"Office Supplies","Supplies","East","Corporate","Standard Class"
11.2308,32.088,0.2,7,7,"Office Supplies","Binders","East","Consumer","Standard Class"
-64.7748,272.736,0.2,3,4,"Office Supplies","Storage","Central","Home Office","Standard Class"
-7.476,8.544,0.6,2,6,"Furniture","Furnishings","Central","Corporate","Standard Class"
0.7056,9.408,0.2,7,5,"Office Supplies","Art","East","Corporate","Second Class"
-115.3544,494.376,0.4,4,5,"Technology","Phones","East","Consumer","Standard Class"
-2.5256,3.444,0.7,1,2,"Office Supplies","Binders","South","Home Office","Second Class"
1.926,4.28,0,1,2,"Office Supplies","Paper","West","Home Office","First Class"
2.245,7.184,0.2,2,1,"Office Supplies","Binders","West","Corporate","First Class"
2.904,6.6,0,3,6,"Office Supplies","Art","East","Consumer","Standard Class"
258.696,646.74,0,6,2,"Technology","Accessories","South","Corporate","Second Class"
1.6762,4.624,0.2,1,7,"Office Supplies","Paper","South","Consumer","Standard Class"
-73.7061,340.182,0.4,3,6,"Technology","Phones","East","Corporate","Standard Class"
80.6312,310.12,0,2,4,"Office Supplies","Storage","West","Home Office","Standard Class"
19.1646,170.352,0.2,3,2,"Furniture","Tables","West","Consumer","Second Class"
91.056,189.7,0,10,3,"Office Supplies","Paper","East","Consumer","Second Class"
95.7572,435.26,0,7,5,"Furniture","Furnishings","West","Consumer","Standard Class"
125.1432,481.32,0,4,0,"Office Supplies","Storage","West","Home Office","Same Day"
43.5981,111.79,0,7,5,"Technology","Accessories","Central","Consumer","Second Class"
1.0269,3.912,0.2,1,3,"Office Supplies","Art","East","Home Office","Second Class"
-4.0216,5.484,0.7,4,7,"Office Supplies","Binders","East","Consumer","Standard Class"
2.6568,23.616,0.2,9,5,"Office Supplies","Art","Central","Consumer","Standard Class"
80.3208,286.86,0,7,2,"Office Supplies","Appliances","East","Consumer","First Class"
7.2036,15.66,0,6,5,"Office Supplies","Labels","East","Corporate","Standard Class"
-19.9184,174.286,0.3,2,5,"Furniture","Tables","East","Consumer","Standard Class"
13.3245,29.61,0,9,4,"Office Supplies","Fasteners","East","Consumer","Second Class"
30.7776,64.12,0,4,2,"Office Supplies","Binders","South","Corporate","Second Class"
11.998,95.984,0.2,2,4,"Technology","Accessories","West","Home Office","Standard Class"
40.376,82.4,0,5,4,"Office Supplies","Binders","East","Home Office","Standard Class"
30.7008,63.96,0,4,6,"Office Supplies","Binders","South","Corporate","Standard Class"
321.84,1931.04,0.1,9,2,"Furniture","Chairs","East","Consumer","Second Class"
4630.4755,9449.95,0,5,5,"Office Supplies","Binders","Central","Consumer","Standard Class"
-7.1991,63.992,0.2,1,0,"Technology","Accessories","Central","Consumer","Same Day"
-45.3492,87.21,0.5,3,2,"Furniture","Bookcases","East","Consumer","First Class"
-3.272,26.176,0.2,2,4,"Technology","Accessories","Central","Consumer","Standard Class"
15.12,31.5,0,10,5,"Office Supplies","Labels","West","Corporate","Second Class"
-34.38,41.256,0.7,6,4,"Office Supplies","Binders","East","Consumer","Second Class"
8.2901,51.016,0.2,7,5,"Office Supplies","Art","West","Consumer","Standard Class"
-8.316,4.752,0.8,4,5,"Office Supplies","Binders","Central","Consumer","Standard Class"
60.5528,137.62,0,2,2,"Office Supplies","Appliances","East","Corporate","First Class"
-2.7888,3.486,0.7,2,5,"Office Supplies","Binders","East","Corporate","Standard Class"
-39.9528,532.704,0.2,6,7,"Furniture","Chairs","West","Consumer","Standard Class"
22.2,44.4,0,3,7,"Office Supplies","Labels","West","Home Office","Standard Class"
5.346,11.88,0,2,5,"Office Supplies","Binders","Central","Corporate","Standard Class"
-1.8308,2.388,0.7,2,7,"Office Supplies","Binders","West","Consumer","Standard Class"
10.764,23.92,0,4,4,"Office Supplies","Paper","East","Consumer","Second Class"
14.2272,59.904,0.2,2,4,"Office Supplies","Art","East","Consumer","Standard Class"
3.4686,7.38,0,2,5,"Office Supplies","Labels","West","Consumer","Standard Class"
18.144,51.84,0.2,10,4,"Office Supplies","Paper","Central","Corporate","Standard Class"
-18.186,103.92,0.2,10,5,"Technology","Accessories","West","Consumer","Standard Class"
3.2214,9.912,0.2,3,5,"Office Supplies","Envelopes","Central","Corporate","Standard Class"
1.9698,4.02,0,2,6,"Office Supplies","Fasteners","West","Home Office","Standard Class"
2.5488,11.328,0.2,2,1,"Office Supplies","Art","West","Consumer","First Class"
-14.4784,253.372,0.3,2,4,"Furniture","Chairs","Central","Corporate","Second Class"
18.1908,58.68,0,2,6,"Furniture","Furnishings","East","Corporate","Standard Class"
83.7096,579.528,0.1,4,7,"Furniture","Chairs","East","Consumer","Standard Class"
206.316,468.9,0,6,6,"Technology","Accessories","East","Consumer","Standard Class"
50.4711,149.544,0.2,9,5,"Office Supplies","Binders","East","Corporate","Standard Class"
7.78,24.896,0.2,4,6,"Office Supplies","Paper","South","Consumer","Standard Class"
-29.6058,359.499,0.15,3,4,"Furniture","Bookcases","West","Consumer","Standard Class"
2.99,9.568,0.2,2,2,"Office Supplies","Paper","West","Corporate","First Class"
14.7056,56.56,0,4,4,"Furniture","Furnishings","East","Corporate","Standard Class"
-1.8295,91.475,0.5,1,3,"Technology","Machines","South","Home Office","Second Class"
-1.294,1.941,0.7,1,2,"Office Supplies","Binders","East","Corporate","Second Class"
6.7188,134.376,0.2,3,3,"Technology","Accessories","Central","Corporate","Second Class"
-13.3936,18.264,0.7,2,0,"Office Supplies","Binders","East","Consumer","Same Day"
6.6584,22.96,0,7,4,"Office Supplies","Art","West","Consumer","Standard Class"
-2.1756,3.108,0.7,2,4,"Office Supplies","Binders","West","Home Office","Standard Class"
-199.77,998.85,0.4,5,4,"Technology","Machines","Central","Consumer","Standard Class"
12.3234,26.22,0,3,4,"Office Supplies","Envelopes","Central","Consumer","Standard Class"
34.8138,309.456,0.2,9,4,"Office Supplies","Appliances","South","Consumer","Standard Class"
2.0088,17.856,0.2,4,5,"Office Supplies","Art","South","Home Office","Standard Class"
10.048,31.4,0,5,2,"Furniture","Furnishings","Central","Home Office","First Class"
1.5588,12.99,0,1,6,"Furniture","Furnishings","East","Consumer","Standard Class"
74.8098,191.82,0,3,1,"Furniture","Furnishings","South","Consumer","First Class"
12.7008,36.288,0.2,7,6,"Office Supplies","Paper","West","Consumer","Standard Class"
10.7325,23.85,0,5,4,"Office Supplies","Paper","West","Corporate","Standard Class"
15.2712,56.56,0,2,4,"Office Supplies","Storage","West","Home Office","Standard Class"
375.4296,1443.96,0,12,6,"Office Supplies","Storage","South","Home Office","Standard Class"
89.997,479.984,0.2,2,6,"Technology","Copiers","East","Corporate","Standard Class"
135.4068,3610.848,0.2,12,2,"Furniture","Tables","West","Consumer","Second Class"
3.178,63.56,0,2,5,"Office Supplies","Storage","West","Corporate","Standard Class"
-6.286,3.592,0.8,4,5,"Office Supplies","Binders","Central","Home Office","Standard Class"
5.9364,17.46,0,2,4,"Furniture","Furnishings","West","Consumer","Standard Class"
35.156,79.9,0,2,5,"Technology","Accessories","West","Consumer","Standard Class"
32.16,67,0,5,2,"Furniture","Furnishings","Central","Consumer","First Class"
28.41,56.82,0,3,3,"Office Supplies","Binders","Central","Consumer","Second Class"
27.882,61.96,0,2,5,"Office Supplies","Paper","West","Home Office","Standard Class"
70.5564,627.168,0.2,4,1,"Technology","Phones","West","Home Office","First Class"
9.4486,107.984,0.2,1,6,"Technology","Phones","West","Consumer","Standard Class"
7.5284,25.96,0,2,1,"Office Supplies","Appliances","Central","Corporate","First Class"
-22.6842,13.748,0.8,14,4,"Office Supplies","Binders","Central","Consumer","Standard Class"
3.597,10.9,0,5,5,"Office Supplies","Fasteners","West","Consumer","Standard Class"
3.0368,11.68,0,2,1,"Office Supplies","Art","West","Consumer","First Class"
-0.3444,27.552,0.2,3,4,"Technology","Accessories","East","Consumer","Standard Class"
7.4368,21.248,0.2,4,0,"Furniture","Furnishings","East","Home Office","Same Day"
4.8024,10.44,0,1,1,"Office Supplies","Binders","South","Home Office","First Class"
-6.0324,8.226,0.7,3,4,"Office Supplies","Binders","South","Consumer","Standard Class"
6.5164,23.696,0.2,2,4,"Office Supplies","Appliances","South","Corporate","Standard Class"
107.0388,629.64,0,9,6,"Furniture","Furnishings","West","Home Office","Standard Class"
196.6132,427.42,0,14,4,"Office Supplies","Labels","West","Corporate","Second Class"
13.4372,172.764,0.1,2,5,"Furniture","Chairs","East","Home Office","Standard Class"
-4.8048,8.736,0.6,3,4,"Furniture","Furnishings","Central","Home Office","Standard Class"
56.5264,115.36,0,7,4,"Office Supplies","Binders","South","Corporate","Standard Class"
34.96,87.4,0,5,2,"Technology","Accessories","East","Consumer","Second Class"
2.6412,35.216,0.2,2,4,"Office Supplies","Art","South","Corporate","Standard Class"
296.0671,629.93,0,7,7,"Technology","Machines","East","Consumer","Standard Class"
21.3408,89.856,0.2,3,3,"Office Supplies","Art","East","Consumer","First Class"
12.5118,29.79,0,3,4,"Office Supplies","Art","East","Consumer","Standard Class"
18.6624,38.88,0,6,5,"Office Supplies","Paper","West","Corporate","Second Class"
96.3438,196.62,0,2,1,"Office Supplies","Labels","South","Consumer","First Class"
10.896,36.32,0,1,2,"Technology","Accessories","West","Home Office","Second Class"
21.164,81.4,0,5,4,"Office Supplies","Storage","Central","Consumer","Second Class"
5.3964,71.952,0.2,6,5,"Technology","Phones","West","Corporate","Standard Class"
66.3264,236.88,0,6,4,"Office Supplies","Appliances","West","Home Office","Standard Class"
1.3596,54.384,0.2,2,3,"Technology","Accessories","West","Home Office","First Class"
9.5571,25.83,0,3,3,"Furniture","Furnishings","West","Home Office","First Class"
172.4814,638.82,0,9,7,"Furniture","Bookcases","South","Consumer","Standard Class"
7.6146,15.54,0,3,4,"Office Supplies","Paper","West","Consumer","Standard Class"
-2.6997,215.976,0.2,3,2,"Furniture","Chairs","West","Corporate","First Class"
4.086,9.08,0,2,5,"Office Supplies","Paper","Central","Corporate","Standard Class"
8.4071,28.99,0,1,4,"Technology","Phones","South","Corporate","Second Class"
-13.58,5.432,0.8,2,2,"Office Supplies","Appliances","Central","Consumer","Second Class"
7.896,131.6,0,7,6,"Technology","Accessories","West","Consumer","Standard Class"
282.2092,1085.42,0,7,4,"Office Supplies","Storage","West","Corporate","Standard Class"
3.504,28.032,0.2,6,5,"Office Supplies","Art","Central","Consumer","Standard Class"
-1002.7836,2314.116,0.4,7,3,"Furniture","Tables","South","Home Office","First Class"
5.1968,129.92,0,4,4,"Office Supplies","Storage","South","Consumer","Standard Class"
2.0748,7.98,0,3,5,"Office Supplies","Art","South","Consumer","Second Class"
-6.396,51.168,0.2,2,4,"Office Supplies","Storage","East","Corporate","Standard Class"
0.5004,6.672,0.2,6,7,"Office Supplies","Art","Central","Corporate","Standard Class"
7.2,15,0,4,3,"Office Supplies","Labels","South","Corporate","First Class"
1.0336,3.04,0,1,5,"Office Supplies","Art","Central","Corporate","Standard Class"
102.774,274.064,0.2,7,0,"Office Supplies","Paper","Central","Consumer","Same Day"
7.724,77.24,0.2,5,4,"Office Supplies","Storage","East","Corporate","Second Class"
-20.1362,84.784,0.2,2,4,"Technology","Phones","West","Consumer","Standard Class"
-42.4926,94.428,0.6,3,4,"Furniture","Furnishings","Central","Corporate","Standard Class"
9.1296,60.864,0.2,4,2,"Technology","Accessories","East","Corporate","First Class"
238.653,1325.85,0,5,4,"Office Supplies","Storage","West","Consumer","Standard Class"
1.5588,25.98,0,2,2,"Technology","Accessories","South","Corporate","First Class"
158.529,1056.86,0,7,2,"Furniture","Tables","South","Consumer","First Class"
3.3088,7.04,0,2,2,"Office Supplies","Binders","Central","Corporate","Second Class"
0.3168,2.816,0.2,2,4,"Office Supplies","Art","South","Home Office","Standard Class"
6.567,19.9,0,5,2,"Office Supplies","Art","East","Home Office","First Class"
-9.1335,127.869,0.3,3,3,"Furniture","Chairs","Central","Consumer","First Class"
166.1004,572.76,0,6,2,"Furniture","Furnishings","South","Consumer","Second Class"
19.26,42.8,0,10,3,"Office Supplies","Paper","West","Consumer","Second Class"
9.816,98.16,0,6,6,"Technology","Accessories","South","Home Office","Standard Class"
15.552,32.4,0,5,6,"Office Supplies","Paper","West","Consumer","Standard Class"
68.364,227.88,0,6,6,"Office Supplies","Art","East","Home Office","Standard Class"
24.47,48.94,0,1,4,"Office Supplies","Paper","East","Consumer","Standard Class"
-15.992,23.988,0.4,2,5,"Technology","Phones","East","Corporate","Standard Class"
16.6788,222.384,0.2,2,5,"Technology","Phones","Central","Home Office","Second Class"
1.9224,8.544,0.2,4,7,"Furniture","Furnishings","West","Home Office","Standard Class"
13.455,29.9,0,5,2,"Office Supplies","Paper","South","Corporate","First Class"
32.4684,89.568,0.2,2,6,"Office Supplies","Paper","South","Consumer","Standard Class"
2.646,5.88,0,2,6,"Office Supplies","Art","West","Consumer","Standard Class"
1.3104,3.744,0.2,1,5,"Office Supplies","Binders","East","Corporate","Standard Class"
4.239,9.42,0,3,4,"Office Supplies","Paper","South","Consumer","Second Class"
-5.088,3.392,0.8,4,4,"Office Supplies","Binders","Central","Consumer","Standard Class"
11.3148,26.94,0,3,4,"Furniture","Furnishings","Central","Consumer","Standard Class"
-111.4995,265.475,0.5,1,4,"Technology","Machines","South","Corporate","Standard Class"
4.504,45.04,0.2,2,1,"Office Supplies","Art","Central","Consumer","First Class"
5.4432,15.552,0.2,3,4,"Office Supplies","Paper","South","Consumer","Standard Class"
-18.2352,182.352,0.2,3,5,"Furniture","Furnishings","East","Consumer","Second Class"
-8.5794,600.558,0.3,3,2,"Furniture","Chairs","Central","Home Office","Second Class"
4.498,35.984,0.2,2,2,"Technology","Phones","West","Home Office","First Class"
23.235,74.352,0.2,3,5,"Office Supplies","Paper","South","Corporate","Standard Class"
3.1104,6.48,0,1,4,"Office Supplies","Paper","East","Consumer","Standard Class"
1.3416,5.16,0,2,5,"Office Supplies","Art","West","Corporate","Second Class"
62.93,224.75,0,5,3,"Technology","Phones","Central","Consumer","First Class"
3.596,35.96,0.2,1,6,"Technology","Phones","South","Home Office","Standard Class"
4.0383,15.384,0.2,1,5,"Furniture","Furnishings","South","Consumer","Standard Class"
5.04,10.08,0,6,1,"Office Supplies","Art","West","Corporate","Same Day"
5.5616,55.616,0.2,2,5,"Office Supplies","Storage","Central","Home Office","Standard Class"
3.4668,12.84,0,3,1,"Office Supplies","Art","West","Home Office","First Class"
1.5548,5.98,0,1,1,"Office Supplies","Art","West","Corporate","First Class"
10.164,30.8,0,4,4,"Furniture","Furnishings","West","Consumer","Standard Class"
126.3942,274.77,0,9,4,"Office Supplies","Labels","West","Corporate","Standard Class"
-114.3534,331.023,0.45,7,6,"Furniture","Tables","South","Consumer","Standard Class"
17.76,47.36,0.2,4,3,"Office Supplies","Labels","Central","Corporate","First Class"
-7.9068,10.782,0.7,3,7,"Office Supplies","Binders","East","Consumer","Standard Class"
9.6975,193.95,0,3,5,"Office Supplies","Storage","West","Consumer","Standard Class"
2.646,7.56,0.2,3,4,"Office Supplies","Labels","East","Home Office","Standard Class"
25.0938,92.94,0,3,5,"Office Supplies","Art","East","Corporate","Standard Class"
5.3392,11.36,0,2,2,"Office Supplies","Envelopes","South","Corporate","Second Class"
10.68,106.8,0.2,10,5,"Office Supplies","Art","East","Consumer","Standard Class"
21.0128,45.68,0,2,4,"Office Supplies","Paper","East","Consumer","Standard Class"
5.193,17.31,0,3,6,"Furniture","Furnishings","West","Consumer","Standard Class"
21.4776,56.52,0,9,4,"Furniture","Furnishings","East","Home Office","Standard Class"
54.3332,132.52,0,4,3,"Technology","Accessories","West","Consumer","First Class"
15.552,32.4,0,5,5,"Office Supplies","Paper","Central","Corporate","Second Class"
46.9278,161.82,0,9,4,"Office Supplies","Art","Central","Corporate","Standard Class"
176.386,629.95,0,5,5,"Technology","Phones","South","Consumer","Standard Class"
41.76,371.2,0.2,5,4,"Technology","Phones","West","Corporate","Standard Class"
2.3814,8.82,0,3,4,"Office Supplies","Art","West","Consumer","Standard Class"
-10.0196,801.568,0.2,2,3,"Furniture","Bookcases","East","Consumer","First Class"
71.9952,719.952,0.2,6,5,"Technology","Phones","Central","Corporate","Standard Class"
233.2204,832.93,0,7,2,"Technology","Phones","East","Consumer","Second Class"
26.1156,298.464,0.2,6,4,"Office Supplies","Storage","Central","Home Office","Standard Class"
83.646,185.88,0,6,4,"Office Supplies","Paper","West","Corporate","Standard Class"
2.6251,210.008,0.2,1,1,"Furniture","Tables","West","Consumer","First Class"
2.8836,8.544,0.2,2,4,"Office Supplies","Binders","East","Corporate","Second Class"
91.3248,217.44,0,6,7,"Technology","Accessories","West","Consumer","Standard Class"
26.9973,239.976,0.2,3,4,"Technology","Phones","Central","Corporate","Standard Class"
1.9926,5.904,0.2,2,0,"Office Supplies","Labels","East","Home Office","Same Day"
-83.205,99.846,0.7,9,4,"Office Supplies","Binders","East","Consumer","Standard Class"
5.8065,16.59,0,1,2,"Technology","Accessories","West","Corporate","Second Class"
15.8256,56.52,0,3,4,"Office Supplies","Appliances","East","Corporate","Standard Class"
5.434,12.35,0,1,4,"Furniture","Furnishings","West","Consumer","Standard Class"
16.2486,47.79,0,3,2,"Technology","Accessories","South","Consumer","Second Class"
356.0414,1618.37,0,13,3,"Furniture","Tables","West","Consumer","Second Class"
20.6142,43.86,0,6,6,"Office Supplies","Labels","West","Consumer","Standard Class"
37.366,109.9,0,5,6,"Furniture","Furnishings","West","Corporate","Standard Class"
41.013,83.7,0,5,4,"Office Supplies","Binders","Central","Consumer","Standard Class"
4.4312,12.224,0.2,2,3,"Office Supplies","Paper","Central","Corporate","First Class"
3.0654,9.432,0.2,3,5,"Office Supplies","Fasteners","West","Corporate","Second Class"
15.2208,36.24,0,1,4,"Technology","Accessories","West","Consumer","Standard Class"
1.8288,3.81,0,1,5,"Office Supplies","Binders","East","Corporate","Standard Class"
31.4685,69.93,0,7,7,"Office Supplies","Paper","South","Consumer","Standard Class"
-4.7481,6.783,0.7,7,4,"Office Supplies","Binders","West","Consumer","Standard Class"
3.614,13.9,0,5,4,"Office Supplies","Art","Central","Home Office","Second Class"
0,82.64,0.2,2,4,"Furniture","Furnishings","East","Consumer","Standard Class"
75.3732,1256.22,0,6,4,"Furniture","Tables","South","Consumer","Standard Class"
8.0406,29.78,0,2,2,"Furniture","Furnishings","East","Consumer","Second Class"
11.7568,26.72,0,1,4,"Furniture","Furnishings","East","Home Office","Standard Class"
1.9176,4.08,0,2,3,"Office Supplies","Envelopes","West","Corporate","First Class"
5.8233,12.39,0,3,5,"Office Supplies","Binders","Central","Consumer","Standard Class"
150.384,751.92,0,4,4,"Furniture","Chairs","East","Consumer","Second Class"
45.294,603.92,0.2,5,4,"Furniture","Chairs","West","Consumer","Standard Class"
200.49,801.96,0,2,4,"Furniture","Tables","South","Consumer","Standard Class"
3.5752,8.72,0,4,7,"Office Supplies","Fasteners","East","Consumer","Standard Class"
3.4544,10.16,0,2,4,"Furniture","Furnishings","South","Corporate","Second Class"
13.7016,121.792,0.2,4,7,"Office Supplies","Appliances","West","Consumer","Standard Class"
8.983,449.15,0,5,5,"Office Supplies","Storage","East","Consumer","Standard Class"
4.1125,13.16,0.2,5,7,"Office Supplies","Fasteners","Central","Consumer","Standard Class"
15.246,43.56,0,2,3,"Office Supplies","Appliances","West","Corporate","First Class"
4.4604,13.216,0.2,4,4,"Office Supplies","Binders","West","Corporate","Standard Class"
3.36,6.72,0,4,0,"Office Supplies","Art","West","Home Office","Same Day"
1.4456,5.56,0,2,4,"Office Supplies","Art","West","Home Office","Standard Class"
2.87,9.184,0.2,7,2,"Office Supplies","Art","Central","Corporate","First Class"
-7.396,44.376,0.4,2,0,"Technology","Phones","East","Consumer","Same Day"
112.3508,591.32,0,4,5,"Furniture","Tables","South","Corporate","Standard Class"
1.4456,5.56,0,2,4,"Office Supplies","Art","South","Consumer","Standard Class"
40.274,154.9,0,5,6,"Office Supplies","Appliances","South","Consumer","Standard Class"
-36.1764,844.116,0.3,6,4,"Furniture","Chairs","Central","Home Office","Second Class"
150.984,314.55,0,3,5,"Office Supplies","Paper","Central","Corporate","Standard Class"
3.5767,7.61,0,1,5,"Office Supplies","Paper","East","Home Office","Standard Class"
25.424,90.8,0,8,5,"Office Supplies","Storage","West","Home Office","Second Class"
18.528,49.408,0.2,4,3,"Office Supplies","Binders","West","Corporate","First Class"
8.2156,17.48,0,2,6,"Office Supplies","Envelopes","Central","Consumer","Standard Class"
35.3626,121.94,0,2,6,"Office Supplies","Appliances","East","Consumer","Standard Class"
8.409,22.424,0.2,1,6,"Office Supplies","Binders","West","Corporate","Standard Class"
8.714,69.712,0.2,2,6,"Office Supplies","Storage","Central","Consumer","Standard Class"
9.912,132.16,0.2,1,7,"Office Supplies","Storage","Central","Consumer","Standard Class"
-11.439,14.76,0.6,5,6,"Furniture","Furnishings","Central","Corporate","Standard Class"
5.133,14.16,0.2,2,4,"Office Supplies","Binders","East","Corporate","Standard Class"
24.8832,51.84,0,8,4,"Office Supplies","Paper","West","Consumer","Standard Class"
-14.6958,62.982,0.4,3,7,"Technology","Phones","East","Corporate","Standard Class"
23.235,74.352,0.2,3,3,"Office Supplies","Paper","South","Corporate","First Class"
-25.3764,197.372,0.3,2,4,"Furniture","Chairs","Central","Consumer","Standard Class"
105.0228,933.536,0.2,4,0,"Furniture","Chairs","West","Consumer","Same Day"
3.6192,9.984,0.2,4,4,"Office Supplies","Binders","West","Corporate","Standard Class"
-15.1976,20.724,0.7,2,5,"Office Supplies","Binders","West","Consumer","Second Class"
4.2408,14.136,0.2,3,5,"Furniture","Furnishings","South","Consumer","Standard Class"
62.1376,177.536,0.2,4,3,"Office Supplies","Paper","West","Corporate","First Class"
22.0032,45.84,0,8,5,"Office Supplies","Binders","South","Home Office","Second Class"
5.3892,15.968,0.2,2,4,"Office Supplies","Binders","West","Corporate","Standard Class"
1.6308,4.832,0.2,1,2,"Office Supplies","Paper","Central","Consumer","Second Class"
3.5712,47.616,0.2,3,6,"Office Supplies","Art","South","Consumer","Standard Class"
13.078,40.24,0.2,5,5,"Office Supplies","Paper","West","Consumer","Standard Class"
4.1124,8.94,0,3,5,"Office Supplies","Fasteners","West","Home Office","Standard Class"
27.986,79.96,0.2,5,4,"Technology","Phones","South","Corporate","Standard Class"
7.0227,20.808,0.2,9,3,"Office Supplies","Labels","East","Home Office","First Class"
3.9032,27.88,0,2,4,"Technology","Accessories","West","Corporate","Standard Class"
-2.0622,2.946,0.7,2,5,"Office Supplies","Binders","South","Corporate","Second Class"
134.9955,719.976,0.2,3,4,"Technology","Copiers","Central","Corporate","Standard Class"
28.4809,98.21,0,7,5,"Office Supplies","Storage","East","Consumer","Standard Class"
2.3997,239.97,0,3,2,"Technology","Phones","East","Consumer","First Class"
-166.32,75.6,0.8,2,4,"Office Supplies","Appliances","Central","Consumer","Standard Class"
-15.1311,9.762,0.8,3,5,"Office Supplies","Binders","Central","Consumer","Standard Class"
15.552,32.4,0,5,4,"Office Supplies","Paper","South","Consumer","Standard Class"
11.891,25.3,0,5,4,"Office Supplies","Binders","East","Corporate","Standard Class"
9.1312,35.12,0,4,2,"Technology","Phones","East","Consumer","Second Class"
-79.908,399.54,0.4,2,2,"Technology","Machines","Central","Consumer","Second Class"
3.0814,9.94,0,2,5,"Furniture","Furnishings","East","Corporate","Second Class"
-3.3879,4.419,0.7,3,1,"Office Supplies","Binders","East","Corporate","First Class"
4.536,12.96,0.2,3,5,"Office Supplies","Binders","East","Corporate","Standard Class"
86.3892,239.97,0,3,4,"Technology","Accessories","West","Corporate","Standard Class"
5.8604,11.96,0,2,4,"Office Supplies","Paper","West","Consumer","Standard Class"
2.175,34.8,0.2,3,5,"Technology","Accessories","East","Consumer","Standard Class"
7.9086,16.14,0,3,5,"Office Supplies","Binders","East","Consumer","Standard Class"
7.4752,37.376,0.2,8,4,"Office Supplies","Art","South","Consumer","Standard Class"
9.6657,29.29,0,1,3,"Technology","Accessories","West","Home Office","First Class"
1.1946,3.62,0,2,5,"Office Supplies","Fasteners","West","Consumer","Standard Class"
9.9468,29.472,0.2,3,4,"Office Supplies","Paper","West","Home Office","Standard Class"
6.3296,13.76,0,2,6,"Office Supplies","Paper","Central","Consumer","Standard Class"
7.0224,15.96,0,7,6,"Office Supplies","Art","East","Corporate","Standard Class"
4.6812,9.96,0,2,2,"Office Supplies","Paper","East","Consumer","Second Class"
25.06,286.4,0.2,1,5,"Technology","Phones","Central","Home Office","Standard Class"
204.1092,755.96,0,4,4,"Technology","Phones","South","Home Office","Standard Class"
11.0808,41.04,0,6,5,"Office Supplies","Supplies","West","Consumer","Standard Class"
0.84,3.36,0,2,5,"Office Supplies","Art","West","Corporate","Second Class"
35.6238,105.552,0.2,6,4,"Technology","Machines","West","Consumer","Standard Class"
-9.5886,13.698,0.7,3,4,"Office Supplies","Binders","East","Consumer","Standard Class"
13.8915,51.45,0,3,4,"Office Supplies","Storage","East","Corporate","Standard Class"
10.058,21.4,0,5,5,"Office Supplies","Paper","West","Consumer","Standard Class"
210.735,1194.165,0.15,5,2,"Furniture","Bookcases","West","Corporate","Second Class"
9.3312,19.44,0,3,3,"Office Supplies","Paper","South","Consumer","Second Class"
-20.724,31.086,0.7,3,5,"Office Supplies","Binders","South","Corporate","Standard Class"
15.1158,71.98,0,2,0,"Technology","Accessories","South","Consumer","Same Day"
129.9974,499.99,0,1,5,"Technology","Phones","East","Corporate","Standard Class"
12.4416,25.92,0,4,4,"Office Supplies","Paper","West","Corporate","Standard Class"
0.4074,40.74,0,3,4,"Office Supplies","Storage","East","Corporate","Standard Class"
29.7024,91.392,0.2,8,5,"Office Supplies","Binders","West","Consumer","Standard Class"
16.8237,49.848,0.2,3,3,"Office Supplies","Binders","East","Corporate","First Class"
10.896,87.168,0.2,3,6,"Technology","Accessories","South","Consumer","Standard Class"
378.274,1454.9,0,5,4,"Furniture","Chairs","Central","Corporate","Second Class"
7.7,28,0.2,4,3,"Furniture","Furnishings","East","Home Office","Second Class"
-26.9955,107.982,0.4,3,5,"Technology","Phones","East","Consumer","Standard Class"
89.964,428.4,0,3,5,"Technology","Accessories","West","Consumer","Second Class"
7.1864,359.32,0,4,4,"Office Supplies","Storage","West","Home Office","Standard Class"
37.7874,89.97,0,3,4,"Technology","Accessories","West","Home Office","Standard Class"
37.7972,431.968,0.2,4,1,"Technology","Phones","West","Consumer","First Class"
-68.392,547.136,0.2,4,5,"Furniture","Furnishings","East","Home Office","Standard Class"
86.3856,179.97,0,3,4,"Technology","Accessories","West","Corporate","Standard Class"
3.506,28.048,0.2,2,6,"Office Supplies","Supplies","South","Home Office","Standard Class"
6.475,20.72,0.2,2,4,"Office Supplies","Binders","West","Corporate","Standard Class"
2.4192,8.64,0,3,3,"Office Supplies","Art","West","Consumer","First Class"
57.4113,197.97,0,3,4,"Technology","Phones","East","Corporate","Standard Class"
-216.9783,349.965,0.5,7,4,"Furniture","Bookcases","East","Consumer","Second Class"
74.8142,257.98,0,2,5,"Technology","Phones","East","Consumer","Standard Class"
148.845,396.92,0.2,5,4,"Furniture","Furnishings","East","Consumer","Standard Class"
-10.116,12.645,0.7,5,0,"Office Supplies","Binders","South","Consumer","Same Day"
3.9474,11.696,0.2,2,5,"Office Supplies","Labels","Central","Corporate","Second Class"
4.7752,10.16,0,2,2,"Office Supplies","Paper","East","Consumer","Second Class"
15.192,121.536,0.2,4,5,"Office Supplies","Art","Central","Consumer","Standard Class"
331.191,735.98,0,2,6,"Office Supplies","Binders","East","Consumer","Standard Class"
-3701.8928,2177.584,0.8,8,4,"Office Supplies","Binders","Central","Consumer","Standard Class"
33.8517,902.712,0.2,3,5,"Furniture","Tables","West","Corporate","Standard Class"
16.7475,267.96,0.2,5,6,"Technology","Phones","Central","Corporate","Standard Class"
5.4432,15.552,0.2,3,0,"Office Supplies","Paper","South","Corporate","Same Day"
31.374,92.96,0.2,2,2,"Office Supplies","Binders","West","Consumer","Second Class"
8.8624,24.448,0.2,2,6,"Office Supplies","Binders","East","Corporate","Standard Class"
-14.603,68.72,0.2,2,4,"Technology","Phones","West","Corporate","Second Class"
66.1451,755.944,0.2,7,5,"Technology","Phones","Central","Corporate","Standard Class"
6.074,97.184,0.2,2,4,"Furniture","Chairs","South","Consumer","Standard Class"
9.072,25.92,0.2,5,4,"Office Supplies","Paper","Central","Consumer","Standard Class"
-81.3065,517.405,0.3,5,2,"Furniture","Tables","Central","Consumer","First Class"
62.1376,177.536,0.2,4,5,"Office Supplies","Paper","South","Consumer","Standard Class"
75.5424,1007.232,0.2,6,4,"Furniture","Furnishings","East","Home Office","Standard Class"
118.3413,251.79,0,3,4,"Office Supplies","Envelopes","South","Home Office","Standard Class"
1.9698,4.02,0,2,6,"Office Supplies","Fasteners","West","Consumer","Standard Class"
9.3612,25.824,0.2,6,6,"Office Supplies","Binders","West","Consumer","Standard Class"
2.9568,6.16,0,2,3,"Furniture","Furnishings","East","Consumer","First Class"
18.7812,39.96,0,2,7,"Office Supplies","Paper","South","Consumer","Standard Class"
3.3756,11.64,0,3,5,"Office Supplies","Supplies","East","Consumer","Standard Class"
2.772,7.92,0.2,1,4,"Office Supplies","Envelopes","West","Consumer","Standard Class"
-2.5344,3.168,0.7,4,2,"Office Supplies","Binders","West","Consumer","Second Class"
3.4368,7.16,0,2,5,"Office Supplies","Binders","South","Corporate","Second Class"
4.3524,16.74,0,2,5,"Furniture","Furnishings","Central","Corporate","Standard Class"
13,41.6,0.2,4,0,"Technology","Accessories","West","Home Office","Same Day"
-1.0497,83.976,0.2,3,5,"Technology","Accessories","South","Consumer","Standard Class"
9.2568,31.92,0,4,0,"Office Supplies","Supplies","West","Consumer","Same Day"
23.808,79.36,0,4,2,"Office Supplies","Art","West","Consumer","Second Class"
673.8816,2807.84,0,8,2,"Furniture","Chairs","Central","Consumer","First Class"
9.3312,19.44,0,3,0,"Office Supplies","Paper","West","Consumer","Same Day"
4.8588,242.94,0,3,5,"Office Supplies","Storage","Central","Consumer","Standard Class"
-1.9602,1.188,0.8,1,4,"Office Supplies","Binders","Central","Consumer","Standard Class"
17.38,69.52,0,2,3,"Office Supplies","Storage","East","Consumer","First Class"
0.5992,6.848,0.2,2,4,"Office Supplies","Art","West","Corporate","Standard Class"
9.3312,19.44,0,3,5,"Office Supplies","Paper","East","Corporate","Standard Class"
74.975,299.9,0,2,2,"Technology","Phones","Central","Home Office","Second Class"
4.9104,15.84,0,3,4,"Furniture","Furnishings","West","Home Office","Standard Class"
1.728,5.76,0,2,3,"Office Supplies","Art","Central","Consumer","First Class"
22.5732,69.456,0.2,2,4,"Office Supplies","Binders","East","Consumer","Standard Class"
22.4955,119.976,0.2,3,5,"Technology","Accessories","East","Corporate","Standard Class"
6.2208,12.96,0,2,3,"Office Supplies","Paper","West","Consumer","First Class"
16.7972,191.968,0.2,7,5,"Furniture","Chairs","West","Home Office","Second Class"
12.1352,44.128,0.2,4,4,"Furniture","Furnishings","South","Corporate","Standard Class"
-146.1096,899.136,0.2,4,1,"Furniture","Chairs","West","Corporate","First Class"
82.497,1099.96,0.2,5,4,"Technology","Phones","Central","Corporate","Standard Class"
6.3296,13.76,0,2,3,"Office Supplies","Paper","South","Corporate","First Class"
206.8893,440.19,0,9,5,"Office Supplies","Paper","West","Corporate","Standard Class"
22.2,44.4,0,3,3,"Office Supplies","Labels","Central","Home Office","First Class"
305.13,1089.75,0,3,5,"Office Supplies","Appliances","West","Consumer","Second Class"
2.1684,8.34,0,3,4,"Office Supplies","Art","West","Consumer","Standard Class"
-356.728,419.68,0.6,5,5,"Furniture","Furnishings","Central","Consumer","Second Class"
18.267,292.272,0.2,6,5,"Furniture","Chairs","West","Corporate","Standard Class"
6.2208,12.96,0,2,2,"Office Supplies","Paper","East","Corporate","Second Class"
48.5392,105.52,0,4,3,"Office Supplies","Paper","East","Corporate","Second Class"
1.9136,19.136,0.2,2,4,"Technology","Phones","Central","Consumer","Standard Class"
10.984,54.92,0.2,5,5,"Furniture","Furnishings","West","Consumer","Standard Class"
-2287.782,1525.188,0.8,6,2,"Office Supplies","Binders","Central","Consumer","First Class"
23.235,74.352,0.2,3,3,"Office Supplies","Paper","East","Consumer","Second Class"
9.8856,27.46,0,2,5,"Furniture","Furnishings","Central","Home Office","Standard Class"
5.9175,18.936,0.2,3,5,"Office Supplies","Fasteners","South","Home Office","Standard Class"
2.5592,7.312,0.2,1,4,"Office Supplies","Binders","West","Consumer","Standard Class"
6.174,12.6,0,3,5,"Office Supplies","Paper","West","Consumer","Second Class"
22.0472,71.12,0,4,6,"Furniture","Furnishings","Central","Consumer","Standard Class"
10.881,41.85,0,5,1,"Furniture","Furnishings","Central","Consumer","First Class"
1.1988,15.984,0.2,2,3,"Technology","Phones","West","Corporate","Second Class"
371.316,843.9,0,2,4,"Technology","Accessories","West","Corporate","Standard Class"
219.4416,447.84,0,8,5,"Office Supplies","Paper","West","Consumer","Second Class"
-11.937,15.57,0.7,3,2,"Office Supplies","Binders","South","Corporate","First Class"
0.9856,2.816,0.2,2,5,"Office Supplies","Art","South","Corporate","Standard Class"
32.13,151.2,0.2,3,4,"Technology","Accessories","East","Corporate","Standard Class"
-4.7625,5.715,0.7,5,4,"Office Supplies","Binders","East","Consumer","Standard Class"
-50.098,4007.84,0.2,10,5,"Furniture","Bookcases","East","Consumer","Standard Class"
13.7193,156.792,0.2,1,6,"Technology","Phones","West","Consumer","Standard Class"
7.68,15.36,0,2,2,"Office Supplies","Binders","Central","Corporate","Second Class"
21.714,77.55,0,5,3,"Office Supplies","Storage","East","Corporate","Second Class"
-38.2116,436.704,0.2,6,4,"Furniture","Chairs","West","Corporate","Standard Class"
26.3967,239.97,0,3,3,"Technology","Accessories","West","Home Office","Second Class"
5.56,13.9,0,5,5,"Office Supplies","Art","West","Home Office","Standard Class"
-29.2776,1024.716,0.3,6,2,"Furniture","Chairs","Central","Corporate","First Class"
-102.048,233.86,0.45,2,5,"Furniture","Tables","South","Home Office","Standard Class"
18.5136,63.84,0,8,4,"Office Supplies","Supplies","East","Consumer","Standard Class"
-2.7648,1.728,0.8,4,6,"Office Supplies","Binders","Central","Consumer","Standard Class"
31.7512,97.696,0.2,4,3,"Office Supplies","Labels","East","Home Office","First Class"
-2.249,13.494,0.4,1,4,"Technology","Phones","East","Consumer","Standard Class"
6.6584,22.96,0,7,4,"Office Supplies","Art","South","Corporate","Second Class"
26.0568,93.06,0,6,4,"Office Supplies","Storage","West","Consumer","Standard Class"
47.848,478.48,0.2,2,6,"Furniture","Chairs","West","Home Office","Standard Class"
8.5568,48.896,0.2,4,5,"Furniture","Furnishings","East","Consumer","Standard Class"
-58.6347,275.928,0.2,3,4,"Office Supplies","Storage","Central","Consumer","Standard Class"
-122.7816,613.908,0.4,3,4,"Furniture","Tables","East","Corporate","Standard Class"
15.552,32.4,0,5,5,"Office Supplies","Paper","West","Corporate","Standard Class"
144.3546,370.14,0,3,5,"Office Supplies","Appliances","East","Consumer","Standard Class"
43.2234,392.94,0,3,5,"Furniture","Chairs","South","Corporate","Second Class"
9.936,20.7,0,2,5,"Office Supplies","Labels","West","Consumer","Standard Class"
-13.167,7.98,0.8,5,6,"Office Supplies","Binders","Central","Corporate","Standard Class"
-2.245,2.694,0.7,2,4,"Office Supplies","Binders","South","Consumer","Standard Class"
4.6644,17.94,0,3,1,"Office Supplies","Art","West","Consumer","First Class"
45.555,182.22,0,3,6,"Furniture","Chairs","East","Consumer","Standard Class"
249.995,799.984,0.2,2,0,"Technology","Copiers","East","Home Office","Same Day"
3.21,10.272,0.2,3,0,"Office Supplies","Paper","Central","Home Office","Same Day"
5.4432,15.552,0.2,3,5,"Office Supplies","Paper","East","Consumer","Standard Class"
64.6272,646.272,0.2,8,2,"Office Supplies","Appliances","East","Consumer","Second Class"
161.9674,767.214,0.1,14,4,"Furniture","Chairs","East","Home Office","Standard Class"
35.694,285.552,0.2,2,5,"Office Supplies","Storage","East","Consumer","Standard Class"
4.9648,17.12,0,4,3,"Office Supplies","Art","East","Home Office","Second Class"
70.98,283.92,0,4,4,"Furniture","Chairs","South","Consumer","Standard Class"
4.5448,17.48,0,4,6,"Office Supplies","Appliances","East","Consumer","Standard Class"
-10.1178,55.188,0.4,2,4,"Technology","Phones","East","Consumer","Standard Class"
16.302,37.05,0,3,4,"Furniture","Furnishings","West","Consumer","Standard Class"
-46.716,18.32,0.8,5,4,"Office Supplies","Appliances","Central","Consumer","Standard Class"
-10.948,51.52,0.2,5,5,"Office Supplies","Supplies","Central","Consumer","Standard Class"
-10.6068,424.272,0.2,2,4,"Office Supplies","Storage","South","Consumer","Second Class"
2.691,5.98,0,1,1,"Office Supplies","Paper","West","Consumer","First Class"
-0.3398,13.592,0.2,1,4,"Furniture","Furnishings","West","Home Office","Standard Class"
21,100,0,4,0,"Technology","Accessories","South","Consumer","Same Day"
2.0672,6.08,0,2,0,"Office Supplies","Art","West","Consumer","Same Day"
-157.0095,375.4575,0.45,3,5,"Furniture","Tables","South","Consumer","Standard Class"
3.852,8.56,0,2,4,"Office Supplies","Paper","West","Home Office","Standard Class"
8.95,17.9,0,5,4,"Office Supplies","Fasteners","West","Consumer","Standard Class"
1.7248,4.928,0.2,2,4,"Office Supplies","Labels","Central","Consumer","Standard Class"
-115.7156,157.794,0.7,1,5,"Office Supplies","Binders","South","Corporate","Standard Class"
9.9882,332.94,0,3,2,"Office Supplies","Storage","South","Consumer","Second Class"
38.7792,344.704,0.2,2,2,"Technology","Phones","West","Consumer","First Class"
3.1104,6.48,0,1,4,"Office Supplies","Paper","West","Consumer","Standard Class"
13.8684,39.624,0.2,3,4,"Office Supplies","Binders","West","Consumer","Standard Class"
-4.396,2.512,0.8,2,6,"Office Supplies","Binders","Central","Consumer","Standard Class"
81.0474,352.38,0,2,5,"Office Supplies","Storage","Central","Home Office","Standard Class"
601.9699,1399.93,0,7,0,"Technology","Accessories","West","Consumer","Same Day"
1.8354,24.472,0.2,7,7,"Office Supplies","Appliances","South","Consumer","Standard Class"
13.0548,30.36,0,4,4,"Furniture","Furnishings","Central","Corporate","Standard Class"
-56.996,797.944,0.3,4,6,"Furniture","Chairs","Central","Corporate","Standard Class"
-35.2152,156.512,0.2,4,2,"Office Supplies","Storage","East","Consumer","First Class"
12.4416,25.92,0,4,5,"Office Supplies","Paper","East","Home Office","Standard Class"
8.048,64.384,0.2,1,6,"Office Supplies","Appliances","South","Corporate","Standard Class"
388.8128,2430.08,0,8,4,"Furniture","Tables","South","Consumer","Standard Class"
8.671,23.92,0.2,5,5,"Office Supplies","Paper","East","Corporate","Standard Class"
33.831,100.24,0.2,10,4,"Office Supplies","Labels","Central","Home Office","Standard Class"
15.6332,91.96,0,2,5,"Furniture","Furnishings","West","Consumer","Standard Class"
124.485,398.352,0.2,3,0,"Office Supplies","Binders","West","Consumer","Same Day"
-192.0468,523.764,0.4,3,1,"Furniture","Tables","South","Corporate","First Class"
-12.796,19.194,0.7,7,7,"Office Supplies","Binders","West","Consumer","Standard Class"
39.6879,453.576,0.2,3,6,"Technology","Phones","West","Home Office","Standard Class"
3.792,15.168,0.2,2,4,"Furniture","Furnishings","East","Corporate","Second Class"
26.9024,76.864,0.2,2,1,"Office Supplies","Paper","Central","Consumer","First Class"
149.382,331.96,0,2,7,"Office Supplies","Binders","Central","Home Office","Standard Class"
-24.392,390.272,0.2,8,6,"Furniture","Chairs","South","Corporate","Standard Class"
2.9568,6.16,0,2,2,"Furniture","Furnishings","West","Home Office","Second Class"
-7.85,9.42,0.7,5,6,"Office Supplies","Binders","East","Home Office","Standard Class"
7.9896,33.29,0,1,3,"Office Supplies","Storage","West","Consumer","First Class"
-1181.2824,463.248,0.8,8,4,"Office Supplies","Appliances","Central","Consumer","Standard Class"
152.495,487.984,0.2,2,4,"Office Supplies","Binders","West","Consumer","Standard Class"
-99.2664,145.98,0.5,2,2,"Furniture","Tables","West","Consumer","Second Class"
43.1976,575.968,0.2,4,3,"Technology","Phones","Central","Consumer","First Class"
2.5974,7.992,0.2,1,3,"Technology","Phones","Central","Corporate","First Class"
8.763,19.05,0,3,3,"Office Supplies","Paper","Central","Consumer","Second Class"
13.8915,51.45,0,3,0,"Office Supplies","Storage","West","Consumer","Same Day"
1.6896,3.52,0,2,4,"Office Supplies","Art","West","Corporate","Second Class"
6.0368,17.248,0.2,2,2,"Office Supplies","Binders","East","Consumer","Second Class"
3.3488,11.648,0.2,2,5,"Furniture","Furnishings","East","Consumer","Standard Class"
-300.735,601.47,0.5,3,6,"Furniture","Tables","Central","Consumer","Standard Class"
3.04,6.08,0,1,6,"Office Supplies","Fasteners","Central","Corporate","Standard Class"
-69.4722,347.361,0.3,7,6,"Furniture","Tables","Central","Corporate","Standard Class"
13.92,29,0,5,5,"Office Supplies","Binders","East","Consumer","Second Class"
374.9925,1199.976,0.2,3,2,"Technology","Copiers","West","Corporate","First Class"
27.3528,113.97,0,3,3,"Technology","Accessories","East","Home Office","First Class"
1.0296,102.96,0,2,2,"Office Supplies","Storage","West","Consumer","Second Class"
9.072,18.9,0,6,5,"Office Supplies","Labels","West","Home Office","Standard Class"
17.9592,239.456,0.2,7,4,"Office Supplies","Storage","East","Consumer","Standard Class"
-4.1762,17.584,0.2,7,2,"Office Supplies","Supplies","West","Corporate","Second Class"
7.3008,32.448,0.2,2,5,"Furniture","Furnishings","East","Corporate","Standard Class"
-191.619,70.97,0.8,5,0,"Office Supplies","Appliances","Central","Home Office","Same Day"
44.4,88.8,0,6,5,"Office Supplies","Labels","West","Consumer","Standard Class"
74.8142,257.98,0,2,5,"Technology","Phones","Central","Consumer","Standard Class"
-13.6488,8.272,0.8,4,6,"Office Supplies","Binders","Central","Corporate","Standard Class"
38.3572,438.368,0.2,4,5,"Technology","Phones","West","Corporate","Standard Class"
-115.4958,494.982,0.4,3,5,"Technology","Phones","East","Consumer","Standard Class"
0.444,3.552,0.2,2,4,"Office Supplies","Appliances","East","Consumer","Standard Class"
-14.081,492.835,0.3,5,6,"Furniture","Chairs","East","Consumer","Standard Class"
-17.0352,170.352,0.2,3,5,"Furniture","Chairs","West","Consumer","Standard Class"
-3399.98,2549.985,0.7,5,6,"Technology","Machines","West","Home Office","Standard Class"
0.7392,4.928,0.2,2,5,"Furniture","Furnishings","South","Corporate","Second Class"
3.4086,13.11,0,3,2,"Office Supplies","Appliances","East","Corporate","Second Class"
29.9808,111.04,0,4,7,"Office Supplies","Appliances","East","Home Office","Standard Class"
18.5976,55.104,0.2,6,5,"Office Supplies","Fasteners","South","Consumer","Standard Class"
24.2919,71.976,0.2,3,7,"Technology","Machines","West","Consumer","Standard Class"
5.1184,14.624,0.2,2,6,"Office Supplies","Binders","East","Consumer","Standard Class"
29.808,62.1,0,6,4,"Office Supplies","Labels","South","Corporate","Standard Class"
21.7728,45.36,0,7,5,"Office Supplies","Paper","East","Consumer","Standard Class"
624.9875,1999.96,0.2,5,4,"Technology","Copiers","Central","Consumer","Standard Class"
-292.9872,266.352,0.6,6,0,"Furniture","Furnishings","Central","Consumer","Same Day"
20.6976,43.12,0,14,6,"Furniture","Furnishings","West","Consumer","Standard Class"
70.0336,269.36,0,7,6,"Office Supplies","Storage","West","Home Office","Standard Class"
9.1269,304.23,0,3,6,"Office Supplies","Storage","West","Consumer","Standard Class"
17.3712,62.04,0,4,5,"Office Supplies","Storage","South","Corporate","Second Class"
23.9984,239.984,0.2,2,4,"Technology","Phones","West","Consumer","Standard Class"
114.9385,244.55,0,5,4,"Office Supplies","Paper","West","Home Office","Standard Class"
112.422,274.2,0,10,5,"Furniture","Furnishings","East","Corporate","Standard Class"
-225.0976,956.6648,0.32,7,4,"Furniture","Bookcases","Central","Consumer","Standard Class"
34.6296,73.68,0,6,3,"Office Supplies","Paper","West","Consumer","First Class"
22.653,83.9,0,2,2,"Technology","Machines","Central","Consumer","Second Class"
31.198,249.584,0.2,2,4,"Technology","Phones","South","Consumer","Standard Class"
55.745,445.96,0.2,5,4,"Technology","Phones","West","Consumer","Standard Class"
177.5889,479.97,0,3,5,"Technology","Accessories","West","Consumer","Standard Class"
6.4428,19.824,0.2,6,4,"Office Supplies","Labels","Central","Consumer","Standard Class"
176.7864,519.96,0,4,4,"Technology","Accessories","West","Consumer","Standard Class"
-15.1767,82.782,0.4,3,5,"Technology","Phones","East","Consumer","Standard Class"
2.0064,4.56,0,2,2,"Office Supplies","Art","East","Corporate","Second Class"
-49.5516,19.432,0.8,2,5,"Office Supplies","Appliances","Central","Consumer","Standard Class"
151.47,605.88,0,6,7,"Furniture","Chairs","East","Home Office","Standard Class"
-19.8144,12.384,0.8,3,4,"Office Supplies","Binders","Central","Consumer","Standard Class"
12.1068,242.136,0.2,3,6,"Furniture","Chairs","West","Consumer","Standard Class"
4.42,17,0,2,2,"Office Supplies","Supplies","East","Consumer","Second Class"
-4.7685,2.89,0.8,1,3,"Office Supplies","Binders","Central","Consumer","First Class"
4.4604,13.216,0.2,4,2,"Office Supplies","Binders","West","Home Office","First Class"
34.9825,139.93,0,7,3,"Technology","Accessories","West","Consumer","First Class"
11.8206,35.82,0,9,7,"Office Supplies","Art","West","Corporate","Standard Class"
16.3215,60.45,0,3,5,"Office Supplies","Art","West","Consumer","Standard Class"
2.0358,6.264,0.2,3,7,"Office Supplies","Labels","Central","Corporate","Standard Class"
8.733,21.3,0,5,4,"Office Supplies","Art","East","Corporate","Standard Class"
37.236,102.72,0.2,3,4,"Office Supplies","Binders","West","Consumer","Standard Class"
6.512,16.28,0,2,0,"Office Supplies","Art","Central","Consumer","Same Day"
-12.7302,72.744,0.2,7,4,"Technology","Accessories","South","Corporate","Standard Class"
46.1968,177.68,0,2,6,"Furniture","Furnishings","South","Corporate","Standard Class"
-13.896,9.264,0.8,3,5,"Office Supplies","Binders","Central","Home Office","Standard Class"
-31.6204,135.516,0.4,1,5,"Technology","Phones","East","Consumer","Second Class"
4.3624,22.96,0,2,2,"Technology","Accessories","South","Home Office","First Class"
63.7392,132.79,0,7,2,"Office Supplies","Paper","East","Corporate","First Class"
3.4086,13.11,0,3,5,"Office Supplies","Appliances","Central","Home Office","Standard Class"
55.9984,559.984,0.2,2,3,"Technology","Phones","West","Consumer","Second Class"
12.691,25.9,0,5,5,"Office Supplies","Binders","Central","Home Office","Standard Class"
6.3504,12.96,0,2,4,"Office Supplies","Paper","South","Corporate","Standard Class"
7.7004,68.448,0.2,4,1,"Office Supplies","Storage","West","Home Office","First Class"
-45.9333,59.913,0.7,7,6,"Office Supplies","Binders","East","Consumer","Standard Class"
9.072,25.92,0.2,5,4,"Office Supplies","Paper","Central","Consumer","Standard Class"
95.76,212.8,0,2,6,"Technology","Accessories","East","Consumer","Standard Class"
214.164,713.88,0,4,4,"Office Supplies","Storage","East","Corporate","Standard Class"
38.025,121.68,0.2,13,4,"Office Supplies","Binders","West","Consumer","Standard Class"
17.8152,54.816,0.2,3,5,"Office Supplies","Paper","East","Corporate","Standard Class"
4.4352,12.672,0.2,3,2,"Office Supplies","Binders","East","Corporate","First Class"
136.08,378,0,2,5,"Office Supplies","Appliances","Central","Consumer","Standard Class"
96.8544,403.56,0,4,3,"Furniture","Chairs","Central","Corporate","Second Class"
100.656,209.7,0,2,6,"Office Supplies","Paper","Central","Corporate","Standard Class"
4.872,13.92,0.2,3,4,"Office Supplies","Binders","East","Consumer","Standard Class"
2.6892,7.968,0.2,2,0,"Office Supplies","Paper","South","Home Office","Same Day"
-10.1736,22.608,0.6,3,3,"Furniture","Furnishings","Central","Consumer","First Class"
4.4792,89.584,0.2,2,6,"Technology","Accessories","West","Consumer","Standard Class"
33.4584,123.92,0,4,2,"Office Supplies","Art","West","Consumer","First Class"
118.9965,1359.96,0.2,5,1,"Technology","Phones","South","Corporate","First Class"
1.116,17.856,0.2,4,4,"Office Supplies","Art","East","Corporate","Second Class"
38.08,238,0,2,4,"Technology","Accessories","East","Consumer","Standard Class"
5.397,86.352,0.2,3,5,"Office Supplies","Art","Central","Consumer","Standard Class"
11.703,24.9,0,5,5,"Office Supplies","Paper","Central","Consumer","Second Class"
4.1151,11.352,0.2,3,0,"Office Supplies","Paper","East","Consumer","Same Day"
6.2208,12.96,0,2,4,"Office Supplies","Paper","East","Corporate","Second Class"
4.4004,18.528,0.2,2,7,"Technology","Accessories","Central","Consumer","Standard Class"
14.425,28.85,0,5,0,"Office Supplies","Binders","Central","Consumer","Same Day"
68.976,143.7,0,3,3,"Office Supplies","Paper","East","Consumer","First Class"
-57.951,772.68,0.2,5,5,"Office Supplies","Storage","Central","Corporate","Standard Class"
56.5662,196.752,0.2,6,3,"Technology","Accessories","West","Consumer","First Class"
130.87,523.48,0,4,4,"Office Supplies","Storage","Central","Corporate","Standard Class"
8.771,17.9,0,5,4,"Office Supplies","Fasteners","East","Consumer","Standard Class"
7.3528,28.28,0,2,2,"Furniture","Furnishings","West","Corporate","Second Class"
64.518,322.59,0,3,4,"Furniture","Furnishings","East","Home Office","Standard Class"
44.975,179.9,0,5,4,"Office Supplies","Art","West","Corporate","Standard Class"
1.4418,6.408,0.2,3,5,"Furniture","Furnishings","South","Corporate","Standard Class"
5.928,19.76,0.2,2,3,"Furniture","Furnishings","South","Home Office","First Class"
-5.784,7.23,0.7,5,5,"Office Supplies","Binders","South","Corporate","Second Class"
2.6568,9.84,0,3,2,"Office Supplies","Art","East","Corporate","Second Class"
-9.594,76.752,0.2,3,4,"Office Supplies","Storage","East","Consumer","Standard Class"
6.2208,12.96,0,2,5,"Office Supplies","Paper","West","Consumer","Standard Class"
12.6,26.25,0,7,4,"Office Supplies","Labels","West","Consumer","Second Class"
3.799,10.48,0.2,1,7,"Office Supplies","Paper","South","Corporate","Standard Class"
10.5728,37.76,0,1,0,"Office Supplies","Storage","Central","Corporate","Same Day"
73.321,215.65,0,5,4,"Furniture","Furnishings","West","Consumer","Standard Class"
94.0702,1075.088,0.2,14,5,"Technology","Phones","West","Corporate","Standard Class"
50.5848,180.66,0,3,5,"Office Supplies","Appliances","South","Consumer","Second Class"
0.5097,40.776,0.2,3,4,"Technology","Accessories","East","Consumer","Standard Class"
31.494,83.984,0.2,2,4,"Technology","Phones","West","Corporate","Standard Class"
7.264,58.112,0.2,2,5,"Technology","Accessories","Central","Consumer","Standard Class"
30.9504,119.04,0,6,5,"Office Supplies","Art","West","Home Office","Standard Class"
-7.896,45.12,0.2,3,7,"Technology","Accessories","West","Corporate","Standard Class"
3.7642,12.98,0,1,4,"Office Supplies","Appliances","East","Corporate","Standard Class"
33.0368,113.92,0,2,2,"Office Supplies","Appliances","East","Consumer","Second Class"
-71.994,359.97,0.4,5,6,"Technology","Phones","East","Consumer","Standard Class"
-2.9566,236.528,0.2,2,4,"Furniture","Tables","West","Consumer","Standard Class"
15.525,124.2,0.2,3,4,"Furniture","Furnishings","East","Consumer","Standard Class"
217.767,659.9,0,2,6,"Technology","Accessories","West","Corporate","Standard Class"
456.588,1217.568,0.2,2,5,"Office Supplies","Binders","East","Consumer","Standard Class"
17.2224,35.88,0,6,7,"Office Supplies","Binders","Central","Consumer","Standard Class"
5.0596,19.46,0,7,6,"Office Supplies","Art","West","Home Office","Standard Class"
10.6232,30.352,0.2,2,2,"Office Supplies","Paper","East","Consumer","First Class"
-48.9549,230.376,0.2,3,5,"Office Supplies","Storage","Central","Home Office","Standard Class"
89.9548,276.784,0.2,2,2,"Office Supplies","Binders","West","Consumer","Second Class"
12.5928,46.64,0,4,2,"Office Supplies","Art","Central","Consumer","First Class"
8.7285,30.36,0.2,5,2,"Furniture","Furnishings","East","Consumer","First Class"
15.0984,41.94,0,2,5,"Technology","Accessories","West","Corporate","Second Class"
-26.196,523.92,0.2,5,4,"Furniture","Bookcases","East","Consumer","Standard Class"
42.9914,99.98,0,2,4,"Technology","Accessories","South","Corporate","Standard Class"
-43.9056,195.136,0.2,4,5,"Office Supplies","Storage","Central","Corporate","Standard Class"
118.3704,319.92,0,8,5,"Technology","Machines","East","Corporate","Standard Class"
23.384,63.2,0,5,3,"Furniture","Furnishings","East","Home Office","First Class"
47.0376,470.376,0.2,3,4,"Technology","Phones","Central","Consumer","Standard Class"
3.6288,10.368,0.2,2,3,"Office Supplies","Paper","Central","Consumer","First Class"
29.692,91.36,0.2,5,5,"Office Supplies","Paper","East","Consumer","Standard Class"
9.2988,27.552,0.2,3,2,"Office Supplies","Fasteners","West","Corporate","First Class"
0.1548,2.064,0.2,1,5,"Office Supplies","Art","South","Consumer","Second Class"
5.3352,15.808,0.2,8,2,"Office Supplies","Fasteners","Central","Corporate","Second Class"
2.4012,5.22,0,2,6,"Office Supplies","Labels","West","Corporate","Standard Class"
7.1372,81.568,0.2,2,5,"Office Supplies","Appliances","South","Corporate","Standard Class"
-29.1528,113.372,0.3,2,1,"Furniture","Chairs","East","Consumer","First Class"
102.2784,213.08,0,7,6,"Office Supplies","Binders","East","Corporate","Standard Class"
49.9704,106.32,0,3,6,"Office Supplies","Paper","Central","Home Office","Standard Class"
12.72,25.44,0,6,4,"Office Supplies","Binders","East","Home Office","Second Class"
6.9368,19.136,0.2,4,6,"Office Supplies","Paper","Central","Consumer","Standard Class"
5.6994,12.39,0,3,5,"Office Supplies","Labels","East","Consumer","Standard Class"
9.6936,27.696,0.2,3,5,"Office Supplies","Paper","West","Consumer","Standard Class"
109.7544,391.98,0,2,0,"Technology","Phones","East","Corporate","Same Day"
16.6764,64.14,0,3,6,"Office Supplies","Art","East","Consumer","Standard Class"
16.5984,63.84,0,8,3,"Office Supplies","Storage","East","Home Office","First Class"
6.2208,12.96,0,2,2,"Office Supplies","Paper","East","Corporate","First Class"
23.7864,139.92,0,2,3,"Furniture","Furnishings","West","Consumer","First Class"
0.6516,1.81,0,1,4,"Office Supplies","Fasteners","West","Home Office","Standard Class"
20.0851,40.99,0,1,5,"Office Supplies","Paper","East","Corporate","Standard Class"
5.4432,15.552,0.2,3,2,"Office Supplies","Paper","East","Consumer","First Class"
-77.625,103.5,0.6,5,2,"Furniture","Furnishings","Central","Home Office","Second Class"
-62.7725,295.4,0.2,5,3,"Office Supplies","Storage","East","Consumer","Second Class"
5.3214,10.86,0,2,4,"Office Supplies","Paper","West","Corporate","Standard Class"
6.4216,13.96,0,4,7,"Office Supplies","Fasteners","East","Consumer","Standard Class"
4.0203,14.89,0,1,4,"Furniture","Furnishings","East","Consumer","Standard Class"
5.4432,15.552,0.2,3,2,"Office Supplies","Paper","South","Consumer","First Class"
160.623,535.41,0,3,5,"Office Supplies","Storage","Central","Corporate","Standard Class"
99.9408,212.64,0,6,2,"Office Supplies","Paper","West","Consumer","Second Class"
14.4596,39.08,0,4,6,"Furniture","Furnishings","East","Home Office","Standard Class"
7.1994,287.976,0.2,3,5,"Furniture","Bookcases","East","Corporate","Standard Class"
-1.4413,1.988,0.6,1,1,"Furniture","Furnishings","Central","Consumer","First Class"
-18.1808,132.224,0.2,4,5,"Furniture","Furnishings","South","Corporate","Standard Class"
4.9104,10.23,0,3,1,"Office Supplies","Fasteners","West","Consumer","First Class"
-146.16,58.464,0.8,9,3,"Office Supplies","Appliances","Central","Corporate","First Class"
8.352,74.24,0.2,1,2,"Technology","Phones","South","Corporate","First Class"
9.072,25.92,0.2,5,2,"Office Supplies","Paper","South","Consumer","Second Class"
-34.9536,63.552,0.6,6,4,"Furniture","Furnishings","Central","Consumer","Standard Class"
104.568,348.56,0,8,2,"Office Supplies","Storage","South","Consumer","First Class"
84.294,477.666,0.15,2,2,"Furniture","Bookcases","West","Corporate","First Class"
41.952,91.2,0,3,7,"Office Supplies","Binders","South","Home Office","Standard Class"
-8.8038,39.128,0.2,1,2,"Office Supplies","Storage","South","Consumer","First Class"
81.1314,579.51,0,3,5,"Office Supplies","Storage","East","Corporate","Standard Class"
4.8804,9.96,0,2,4,"Office Supplies","Paper","West","Home Office","Standard Class"
1.0904,3.76,0,2,4,"Office Supplies","Art","East","Consumer","Standard Class"
10.5072,23.88,0,3,5,"Furniture","Furnishings","West","Consumer","Second Class"
2.5137,22.344,0.2,3,4,"Office Supplies","Supplies","Central","Consumer","Standard Class"
23.6808,60.72,0,3,5,"Furniture","Furnishings","East","Corporate","Standard Class"
30.098,240.784,0.2,1,5,"Furniture","Bookcases","East","Consumer","Standard Class"
118.293,946.344,0.2,7,4,"Technology","Phones","Central","Corporate","Standard Class"
148.138,871.4,0,4,4,"Furniture","Tables","West","Consumer","Second Class"
-356.9643,209.979,0.7,7,2,"Furniture","Bookcases","West","Corporate","First Class"
27.3096,151.72,0,4,2,"Furniture","Furnishings","West","Consumer","First Class"
62.82,837.6,0.2,3,2,"Technology","Machines","West","Corporate","First Class"
6.3336,17.472,0.2,3,2,"Office Supplies","Binders","East","Consumer","Second Class"
5.775,21,0.2,3,3,"Furniture","Furnishings","South","Consumer","First Class"
2.4864,7.104,0.2,6,5,"Office Supplies","Fasteners","Central","Consumer","Standard Class"
9.3228,27.42,0,3,4,"Furniture","Furnishings","East","Corporate","Standard Class"
111.1035,653.55,0,3,2,"Furniture","Tables","Central","Home Office","Second Class"
67.2742,231.98,0,2,5,"Technology","Phones","East","Corporate","Standard Class"
17.3488,49.568,0.2,2,4,"Office Supplies","Binders","West","Corporate","Second Class"
3.3408,9.216,0.2,4,4,"Office Supplies","Labels","East","Home Office","Standard Class"
6.4128,13.36,0,2,2,"Office Supplies","Paper","East","Home Office","First Class"
28.7856,59.97,0,3,5,"Technology","Phones","East","Consumer","Second Class"
0.336,8.4,0,5,7,"Office Supplies","Fasteners","West","Corporate","Standard Class"
9.7092,86.304,0.2,6,5,"Office Supplies","Art","West","Consumer","Standard Class"
-52.3365,136.53,0.4,1,7,"Furniture","Tables","East","Consumer","Standard Class"
2.2194,8.22,0,3,5,"Office Supplies","Art","East","Consumer","Standard Class"
78.9412,167.96,0,2,7,"Office Supplies","Envelopes","East","Consumer","Standard Class"
9.63,30.816,0.2,9,2,"Office Supplies","Paper","Central","Corporate","Second Class"
-8.6457,11.277,0.7,3,4,"Office Supplies","Binders","South","Consumer","Standard Class"
2.6892,7.968,0.2,2,5,"Office Supplies","Paper","East","Home Office","Standard Class"
-2.0568,47.992,0.3,2,4,"Furniture","Chairs","East","Consumer","Standard Class"
60.2553,122.97,0,3,0,"Office Supplies","Paper","South","Home Office","Same Day"
3.2004,9.144,0.2,3,4,"Office Supplies","Binders","East","Corporate","Second Class"
160.623,535.41,0,3,5,"Office Supplies","Storage","East","Consumer","Standard Class"
38.725,123.92,0.2,5,0,"Office Supplies","Paper","East","Corporate","Same Day"
7.9704,23.616,0.2,8,2,"Office Supplies","Labels","East","Consumer","First Class"
-20.7306,75.384,0.6,9,3,"Furniture","Furnishings","Central","Consumer","First Class"
12.6077,40.67,0,7,4,"Office Supplies","Fasteners","East","Consumer","Standard Class"
107.46,318.4,0.2,2,3,"Technology","Phones","West","Corporate","First Class"
18.94,37.88,0,2,7,"Office Supplies","Binders","East","Home Office","Standard Class"
0.5904,7.872,0.2,3,4,"Office Supplies","Art","East","Consumer","Standard Class"
25.176,67.136,0.2,4,4,"Office Supplies","Binders","West","Home Office","Standard Class"
3.5948,15.136,0.2,4,2,"Furniture","Furnishings","West","Corporate","Second Class"
6.8714,14.62,0,2,2,"Office Supplies","Labels","West","Corporate","First Class"
3.2868,9.96,0,2,4,"Furniture","Furnishings","East","Corporate","Standard Class"
41.2237,87.71,0,7,6,"Office Supplies","Labels","East","Consumer","Standard Class"
5.5177,23.99,0,1,5,"Furniture","Furnishings","West","Home Office","Standard Class"
12.8316,37.74,0,3,3,"Furniture","Furnishings","West","Home Office","Second Class"
59.4816,594.816,0.2,2,6,"Furniture","Chairs","West","Consumer","Standard Class"
1.46,4.672,0.2,2,3,"Office Supplies","Fasteners","West","Corporate","First Class"
53.7504,223.96,0,4,4,"Technology","Accessories","South","Consumer","Standard Class"
163.787,629.95,0,5,3,"Technology","Phones","East","Corporate","First Class"
300.735,1202.94,0,3,2,"Furniture","Tables","South","Corporate","First Class"
-57.1152,285.576,0.4,4,5,"Technology","Phones","East","Consumer","Standard Class"
59.0372,159.56,0,4,3,"Technology","Accessories","West","Corporate","Second Class"
3.348,83.7,0,5,7,"Office Supplies","Storage","West","Consumer","Standard Class"
111.774,429.9,0,5,6,"Furniture","Tables","Central","Home Office","Standard Class"
15.9348,45.528,0.2,3,6,"Office Supplies","Paper","East","Home Office","Standard Class"
2.14,6.848,0.2,2,2,"Office Supplies","Paper","East","Corporate","Second Class"
16.2,90,0,5,5,"Technology","Accessories","East","Corporate","Standard Class"
6.8724,14.94,0,3,6,"Office Supplies","Labels","Central","Consumer","Standard Class"
2.9346,146.73,0,3,4,"Office Supplies","Storage","West","Home Office","Second Class"
6.9258,20.37,0,3,2,"Technology","Accessories","East","Consumer","Second Class"
41.823,92.94,0,3,4,"Office Supplies","Paper","West","Consumer","Standard Class"
0.5299,52.99,0,1,2,"Technology","Phones","East","Home Office","First Class"
17.472,36.4,0,5,6,"Office Supplies","Paper","East","Home Office","Standard Class"
6.8908,14.98,0,1,2,"Furniture","Furnishings","East","Consumer","Second Class"
0.7348,5.344,0.2,2,7,"Office Supplies","Art","West","Home Office","Standard Class"
93.6988,360.38,0,2,4,"Office Supplies","Storage","West","Consumer","Standard Class"
92.4399,273.896,0.2,7,3,"Office Supplies","Paper","Central","Corporate","Second Class"
54.215,173.488,0.2,7,4,"Office Supplies","Paper","South","Corporate","Standard Class"
3.798,30.384,0.2,1,4,"Office Supplies","Art","Central","Home Office","Second Class"
-145.3508,189.588,0.7,2,6,"Office Supplies","Binders","South","Home Office","Standard Class"
1.8144,5.184,0.2,1,1,"Office Supplies","Paper","West","Corporate","First Class"
55.764,123.92,0,4,7,"Office Supplies","Paper","West","Consumer","Standard Class"
22.9488,65.568,0.2,2,7,"Office Supplies","Binders","West","Corporate","Standard Class"
3.8844,11.952,0.2,3,3,"Office Supplies","Labels","Central","Corporate","Second Class"
28.008,62.24,0,8,6,"Office Supplies","Paper","West","Consumer","Standard Class"
8.502,32.7,0,3,4,"Office Supplies","Storage","East","Corporate","Standard Class"
19.596,195.96,0.2,5,4,"Technology","Phones","Central","Consumer","Standard Class"
21.792,72.64,0,2,6,"Technology","Accessories","East","Consumer","Standard Class"
8.763,19.05,0,3,7,"Office Supplies","Paper","West","Consumer","Standard Class"
-7.3015,34.36,0.2,1,0,"Technology","Phones","Central","Home Office","Same Day"
-169.372,254.058,0.7,7,2,"Office Supplies","Binders","South","Corporate","Second Class"
70.441,242.9,0,5,5,"Office Supplies","Appliances","East","Consumer","Standard Class"
17.6391,156.792,0.2,1,4,"Technology","Phones","West","Home Office","Standard Class"
10.3974,63.984,0.2,2,4,"Technology","Accessories","Central","Home Office","Second Class"
3.1752,11.76,0,4,4,"Office Supplies","Art","West","Consumer","Standard Class"
-67.5435,91.275,0.5,1,4,"Furniture","Tables","Central","Consumer","Standard Class"
1.3514,4.66,0,2,4,"Office Supplies","Art","East","Home Office","Standard Class"
-56.0592,21.984,0.8,6,2,"Office Supplies","Appliances","Central","Corporate","Second Class"
1.2006,2.61,0,1,2,"Office Supplies","Labels","West","Consumer","First Class"
-251.9874,179.991,0.7,3,2,"Technology","Machines","West","Consumer","First Class"
12.9792,40.56,0,2,7,"Furniture","Furnishings","Central","Home Office","Standard Class"
100.1403,296.712,0.2,13,4,"Office Supplies","Binders","East","Home Office","Standard Class"
64.7856,134.97,0,3,4,"Technology","Phones","Central","Corporate","Standard Class"
48.5392,105.52,0,4,4,"Office Supplies","Paper","West","Corporate","Standard Class"
494.9725,1979.89,0,11,4,"Technology","Phones","East","Corporate","Standard Class"
-7.92,11.88,0.7,5,5,"Office Supplies","Binders","South","Home Office","Standard Class"
11.7,26,0,2,4,"Technology","Accessories","East","Corporate","Standard Class"
9.3312,19.44,0,3,1,"Office Supplies","Paper","West","Corporate","First Class"
12.5762,628.81,0,7,6,"Office Supplies","Storage","South","Corporate","Standard Class"
11.7208,23.92,0,4,2,"Office Supplies","Paper","West","Home Office","First Class"
47.0979,109.53,0,3,3,"Technology","Accessories","West","Corporate","Second Class"
17.352,154.24,0.2,4,4,"Office Supplies","Art","Central","Consumer","Standard Class"
2.73,7.28,0.2,2,0,"Office Supplies","Binders","West","Consumer","Same Day"
5.6784,17.472,0.2,3,4,"Office Supplies","Paper","Central","Home Office","Standard Class"
1.6632,5.544,0.2,7,4,"Technology","Accessories","Central","Corporate","Standard Class"
362.8404,1395.54,0,9,4,"Office Supplies","Storage","East","Consumer","Second Class"
32.4342,432.456,0.2,3,4,"Office Supplies","Storage","South","Home Office","Standard Class"
260.6112,1628.82,0,9,3,"Furniture","Chairs","East","Consumer","First Class"
15.387,33.45,0,5,6,"Office Supplies","Paper","Central","Consumer","Standard Class"
0.6102,61.02,0,3,2,"Office Supplies","Storage","West","Consumer","Second Class"
20.1558,230.352,0.2,3,2,"Furniture","Chairs","West","Corporate","First Class"
-4.9005,43.56,0.2,3,4,"Technology","Accessories","Central","Consumer","Standard Class"
71.928,199.8,0,10,0,"Furniture","Furnishings","West","Consumer","Same Day"
56.9772,116.28,0,3,6,"Office Supplies","Paper","East","Consumer","Standard Class"
64.3678,279.86,0,14,4,"Technology","Accessories","South","Home Office","Standard Class"
15.2208,36.24,0,1,2,"Technology","Accessories","West","Consumer","First Class"
-1.4988,119.904,0.2,6,4,"Office Supplies","Storage","West","Corporate","Standard Class"
10.3936,51.968,0.2,2,3,"Furniture","Furnishings","East","Corporate","First Class"
2.19,7.3,0,2,4,"Office Supplies","Supplies","West","Consumer","Second Class"
25.186,71.96,0.2,5,7,"Technology","Phones","West","Corporate","Standard Class"
28.6182,381.576,0.2,3,2,"Technology","Phones","Central","Corporate","Second Class"
135.98,543.92,0,8,1,"Technology","Phones","Central","Home Office","First Class"
8.619,66.3,0,3,4,"Technology","Accessories","South","Consumer","Standard Class"
5.1435,15.24,0.2,5,4,"Office Supplies","Binders","West","Consumer","Standard Class"
-11.322,25.16,0.6,5,0,"Furniture","Furnishings","Central","Consumer","Same Day"
0,446.068,0.3,4,2,"Furniture","Tables","East","Home Office","Second Class"
3.0861,9.144,0.2,3,5,"Office Supplies","Binders","West","Corporate","Standard Class"
4.8118,9.82,0,2,7,"Office Supplies","Labels","East","Consumer","Standard Class"
7.56,24.192,0.2,9,4,"Office Supplies","Binders","West","Home Office","Standard Class"
16.17,57.75,0,5,5,"Office Supplies","Art","Central","Consumer","Standard Class"
210.4936,725.84,0,4,5,"Office Supplies","Storage","West","Corporate","Second Class"
12.8744,45.98,0,2,6,"Office Supplies","Art","West","Consumer","Standard Class"
41.88,558.4,0.2,2,4,"Technology","Machines","West","Consumer","Standard Class"
5.1552,10.74,0,3,0,"Office Supplies","Binders","Central","Home Office","Same Day"
14.2758,43.26,0,3,5,"Office Supplies","Appliances","South","Corporate","Standard Class"
2.6814,6.54,0,3,4,"Office Supplies","Fasteners","Central","Corporate","Standard Class"
7.4256,22.848,0.2,2,4,"Office Supplies","Binders","West","Home Office","Second Class"
8.8704,25.344,0.2,6,6,"Office Supplies","Binders","East","Corporate","Standard Class"
6.24,24.96,0,4,5,"Furniture","Furnishings","South","Home Office","Standard Class"
-135.765,724.08,0.2,14,4,"Office Supplies","Storage","Central","Consumer","Standard Class"
22.4448,46.76,0,7,1,"Office Supplies","Paper","West","Consumer","First Class"
105.2468,362.92,0,2,4,"Office Supplies","Storage","East","Consumer","Standard Class"
-12.075,6.9,0.8,3,4,"Office Supplies","Binders","Central","Consumer","Standard Class"
5.382,11.96,0,2,4,"Office Supplies","Paper","West","Corporate","Standard Class"
-643.71,449.1,0.7,3,2,"Technology","Machines","East","Corporate","Second Class"
5.4432,15.552,0.2,3,4,"Office Supplies","Paper","East","Consumer","Standard Class"
-14.773,8.69,0.8,5,5,"Office Supplies","Binders","Central","Consumer","Standard Class"
89.2224,892.224,0.2,3,2,"Furniture","Chairs","West","Home Office","Second Class"
-3.5224,2.072,0.8,2,5,"Office Supplies","Binders","Central","Consumer","Standard Class"
-5.688,11.376,0.6,3,4,"Furniture","Furnishings","Central","Consumer","Standard Class"
36.4736,227.96,0,2,4,"Furniture","Chairs","East","Consumer","Standard Class"
7.9128,18.84,0,3,4,"Furniture","Furnishings","West","Consumer","Standard Class"
-0.812,12.992,0.2,1,6,"Office Supplies","Storage","Central","Corporate","Standard Class"
0.8385,5.16,0.2,3,5,"Office Supplies","Art","South","Consumer","Standard Class"
27.93,55.86,0,7,4,"Office Supplies","Paper","West","Consumer","Standard Class"
7.056,14.4,0,5,0,"Office Supplies","Labels","East","Consumer","Same Day"
11.0704,40.256,0.2,4,5,"Furniture","Furnishings","West","Consumer","Standard Class"
-28.9764,257.568,0.2,2,1,"Furniture","Bookcases","East","Consumer","First Class"
3.2472,9.84,0,3,6,"Office Supplies","Art","West","Consumer","Standard Class"
-1.8848,4.712,0.6,2,4,"Furniture","Furnishings","Central","Consumer","Second Class"
3.1032,41.376,0.2,6,4,"Office Supplies","Appliances","East","Corporate","Standard Class"
47.9385,177.55,0,5,4,"Office Supplies","Storage","South","Consumer","Standard Class"
8.694,18.9,0,3,6,"Office Supplies","Labels","West","Consumer","Standard Class"
1.4976,4.608,0.2,2,1,"Office Supplies","Labels","South","Consumer","First Class"
141.723,377.928,0.2,9,6,"Technology","Phones","West","Corporate","Standard Class"
0.9048,2.496,0.2,1,1,"Office Supplies","Binders","West","Home Office","First Class"
5.6994,12.39,0,3,6,"Office Supplies","Art","West","Consumer","Standard Class"
1.0668,3.048,0.2,1,2,"Office Supplies","Binders","East","Home Office","First Class"
1.4364,12.768,0.2,2,6,"Office Supplies","Supplies","South","Consumer","Standard Class"
-383.031,957.5775,0.45,5,7,"Furniture","Tables","South","Consumer","Standard Class"
15.2544,54.48,0,1,2,"Office Supplies","Appliances","Central","Home Office","Second Class"
30.499,243.992,0.2,7,7,"Office Supplies","Storage","West","Consumer","Standard Class"
5.7672,21.36,0,2,5,"Office Supplies","Storage","East","Consumer","Standard Class"
14.501,85.3,0,2,0,"Furniture","Furnishings","East","Home Office","Same Day"
69.993,199.98,0,2,4,"Technology","Accessories","West","Corporate","Standard Class"
133.8624,478.08,0,8,4,"Office Supplies","Storage","East","Corporate","Standard Class"
0.3384,3.008,0.2,2,2,"Office Supplies","Art","East","Corporate","Second Class"
1.3365,2.97,0,3,4,"Technology","Accessories","East","Corporate","Second Class"
0.7398,2.74,0,1,6,"Office Supplies","Art","South","Consumer","Standard Class"
100.24,1145.6,0.2,4,4,"Technology","Phones","West","Corporate","Standard Class"
6.2208,12.96,0,2,4,"Office Supplies","Paper","West","Corporate","Standard Class"
43.4646,1159.056,0.2,9,4,"Furniture","Chairs","West","Corporate","Standard Class"
0,31.984,0.2,1,5,"Furniture","Furnishings","South","Consumer","Standard Class"
3.8655,128.85,0,3,2,"Technology","Phones","East","Consumer","First Class"
55.896,1117.92,0,4,5,"Office Supplies","Storage","Central","Home Office","Standard Class"
3.6018,7.83,0,3,3,"Office Supplies","Labels","East","Consumer","Second Class"
2.5641,29.304,0.2,3,2,"Office Supplies","Storage","West","Consumer","Second Class"
50.9208,181.86,0,7,7,"Office Supplies","Art","Central","Consumer","Standard Class"
13.0284,46.53,0,3,5,"Office Supplies","Storage","West","Home Office","Standard Class"
-3.465,4.158,0.7,7,2,"Office Supplies","Binders","West","Consumer","First Class"
7.4872,15.28,0,2,5,"Office Supplies","Envelopes","West","Consumer","Standard Class"
1.008,2.688,0.2,2,4,"Office Supplies","Art","Central","Consumer","Standard Class"
16.945,67.78,0,2,4,"Office Supplies","Storage","West","Corporate","Second Class"
20.1544,57.584,0.2,2,5,"Office Supplies","Binders","West","Consumer","Standard Class"
83.2097,229.544,0.2,7,4,"Office Supplies","Paper","South","Consumer","Second Class"
22.2384,222.384,0.2,2,7,"Technology","Phones","West","Corporate","Standard Class"
4.2,8.4,0,5,4,"Office Supplies","Art","East","Corporate","Standard Class"
1.1656,2.48,0,2,4,"Office Supplies","Fasteners","West","Home Office","Standard Class"
0.8088,10.784,0.2,1,2,"Office Supplies","Storage","Central","Consumer","First Class"
3.108,11.84,0.2,4,6,"Furniture","Furnishings","West","Consumer","Standard Class"
156.429,601.65,0,5,4,"Office Supplies","Storage","East","Corporate","Standard Class"
56.9772,116.28,0,3,5,"Office Supplies","Paper","West","Consumer","Standard Class"
1.4208,2.96,0,2,3,"Office Supplies","Fasteners","West","Consumer","First Class"
1.5312,5.28,0,3,7,"Office Supplies","Art","West","Corporate","Standard Class"
-3.6212,4.938,0.7,2,4,"Office Supplies","Binders","West","Home Office","Standard Class"
15.3952,45.28,0,4,2,"Office Supplies","Appliances","West","Consumer","First Class"
90.972,1212.96,0.2,7,3,"Furniture","Chairs","West","Consumer","First Class"
52.532,114.2,0,5,4,"Office Supplies","Paper","West","Home Office","Second Class"
0.2016,5.04,0,3,6,"Office Supplies","Fasteners","West","Consumer","Standard Class"
13.0112,130.112,0.2,2,5,"Office Supplies","Appliances","East","Consumer","Standard Class"
130.752,435.84,0,12,2,"Technology","Accessories","West","Consumer","Second Class"
4.2717,11.784,0.2,3,6,"Office Supplies","Labels","South","Corporate","Standard Class"
4.8392,387.136,0.2,4,5,"Furniture","Chairs","West","Corporate","Standard Class"
-8.1822,50.352,0.2,3,5,"Office Supplies","Storage","Central","Consumer","Standard Class"
14.4648,29.52,0,4,4,"Office Supplies","Binders","Central","Consumer","Standard Class"
0.7728,25.76,0,2,3,"Office Supplies","Supplies","South","Corporate","First Class"
-43.8336,219.168,0.2,2,4,"Technology","Phones","West","Home Office","Standard Class"
168.4704,701.96,0,2,3,"Furniture","Chairs","South","Consumer","First Class"
1.0284,13.712,0.2,2,5,"Office Supplies","Supplies","East","Consumer","Standard Class"
-3839.9904,7999.98,0.5,4,0,"Technology","Machines","South","Corporate","Same Day"
-54.5958,181.986,0.3,2,2,"Furniture","Chairs","East","Consumer","Second Class"
134.56,464,0,5,2,"Technology","Phones","East","Corporate","First Class"
2.5344,5.28,0,3,4,"Office Supplies","Art","South","Consumer","Standard Class"
-18.0385,12.585,0.7,1,1,"Technology","Machines","East","Consumer","First Class"
-240.784,180.588,0.7,2,6,"Furniture","Bookcases","West","Consumer","Standard Class"
-104.673,273.06,0.4,2,5,"Furniture","Tables","East","Consumer","Standard Class"
9.3312,19.44,0,3,5,"Office Supplies","Paper","East","Consumer","Standard Class"
9.3312,19.44,0,3,2,"Office Supplies","Paper","West","Consumer","Second Class"
3.6432,13.248,0.2,4,3,"Office Supplies","Art","East","Consumer","First Class"
140.5957,286.93,0,7,4,"Office Supplies","Paper","South","Consumer","Standard Class"
843.1706,1793.98,0,2,6,"Office Supplies","Binders","East","Corporate","Standard Class"
0.4068,40.68,0,2,6,"Office Supplies","Storage","West","Corporate","Standard Class"
10.5072,23.88,0,3,2,"Furniture","Furnishings","West","Corporate","Second Class"
2.376,5.28,0,1,2,"Office Supplies","Paper","West","Corporate","First Class"
3.363,11.21,0,1,4,"Office Supplies","Storage","East","Corporate","Second Class"
3.84,8,0,2,6,"Office Supplies","Paper","West","Corporate","Standard Class"
92.2368,192.16,0,4,5,"Office Supplies","Paper","West","Home Office","Standard Class"
318.3016,691.96,0,4,1,"Office Supplies","Binders","South","Consumer","First Class"
9.352,26.72,0.2,5,5,"Office Supplies","Paper","South","Consumer","Standard Class"
-69.3952,43.372,0.8,7,5,"Office Supplies","Binders","Central","Home Office","Standard Class"
72.5754,250.26,0,6,2,"Office Supplies","Appliances","West","Consumer","First Class"
6.0416,60.416,0.2,2,5,"Office Supplies","Storage","Central","Corporate","Standard Class"
157.4685,449.91,0,9,4,"Technology","Accessories","East","Home Office","Standard Class"
2.2908,4.98,0,1,6,"Office Supplies","Labels","West","Consumer","Standard Class"
-8.5974,11.214,0.7,2,4,"Office Supplies","Binders","South","Consumer","Standard Class"
286.3836,1591.02,0,6,5,"Office Supplies","Storage","East","Consumer","Second Class"
178.8,715.2,0,3,2,"Furniture","Chairs","East","Consumer","Second Class"
14.418,32.04,0,4,5,"Office Supplies","Paper","West","Corporate","Standard Class"
35.3295,104.68,0.2,5,4,"Office Supplies","Envelopes","East","Home Office","Standard Class"
-3.8646,16.272,0.2,1,4,"Office Supplies","Storage","South","Corporate","Standard Class"
2.632,7.52,0.2,5,2,"Office Supplies","Binders","West","Corporate","Second Class"
8.8784,443.92,0,4,3,"Office Supplies","Storage","West","Consumer","First Class"
36.4473,323.976,0.2,3,6,"Technology","Phones","Central","Consumer","Standard Class"
131.355,437.85,0,3,4,"Technology","Phones","East","Consumer","Standard Class"
12.3256,39.76,0,8,5,"Furniture","Furnishings","East","Consumer","Standard Class"
65.355,217.85,0,5,4,"Office Supplies","Storage","West","Consumer","Standard Class"
829.3754,1928.78,0,7,5,"Technology","Accessories","Central","Home Office","Standard Class"
6.2376,13.56,0,2,4,"Office Supplies","Paper","Central","Corporate","Standard Class"
11.8272,24.64,0,8,6,"Office Supplies","Labels","East","Home Office","Standard Class"
15.552,32.4,0,5,5,"Office Supplies","Paper","Central","Consumer","Standard Class"
3.6288,10.368,0.2,2,6,"Office Supplies","Paper","Central","Consumer","Standard Class"
0.307,4.912,0.2,2,4,"Office Supplies","Art","East","Corporate","Standard Class"
7.2576,20.736,0.2,4,5,"Office Supplies","Paper","South","Consumer","Standard Class"
3.6855,32.76,0.2,7,7,"Office Supplies","Art","East","Consumer","Standard Class"
32.098,256.784,0.2,1,5,"Furniture","Chairs","West","Consumer","Standard Class"
-0.7566,2.328,0.6,2,5,"Furniture","Furnishings","Central","Consumer","Standard Class"
-2.0988,55.968,0.2,1,0,"Furniture","Furnishings","South","Corporate","Same Day"
-512.1468,310.392,0.8,4,6,"Office Supplies","Binders","Central","Consumer","Standard Class"
12.549,26.7,0,5,6,"Office Supplies","Binders","Central","Home Office","Standard Class"
24.219,53.82,0,9,4,"Office Supplies","Paper","West","Consumer","Standard Class"
0.1188,5.94,0,3,4,"Office Supplies","Fasteners","West","Consumer","Standard Class"
25.0536,96.36,0,6,4,"Office Supplies","Storage","East","Corporate","Second Class"
15.9348,45.528,0.2,3,4,"Office Supplies","Paper","South","Consumer","Second Class"
-53.0088,20.388,0.8,2,6,"Office Supplies","Appliances","Central","Corporate","Standard Class"
20.6816,44.96,0,2,5,"Office Supplies","Paper","South","Corporate","Second Class"
66.5088,138.56,0,4,5,"Office Supplies","Binders","Central","Corporate","Standard Class"
1.3728,4.992,0.2,3,2,"Furniture","Furnishings","South","Corporate","First Class"
5.4432,15.552,0.2,3,0,"Office Supplies","Paper","Central","Consumer","Same Day"
-4.6764,20.784,0.2,2,5,"Technology","Phones","West","Consumer","Second Class"
34.2925,118.25,0,5,4,"Office Supplies","Storage","West","Consumer","Standard Class"
10.4985,167.976,0.2,3,3,"Technology","Phones","West","Corporate","Second Class"
107.955,863.64,0.2,9,2,"Technology","Phones","Central","Corporate","Second Class"
43.4352,434.352,0.2,3,1,"Office Supplies","Appliances","East","Consumer","First Class"
5.8708,22.58,0,2,4,"Office Supplies","Storage","East","Consumer","Standard Class"
6.4944,19.68,0,6,6,"Office Supplies","Art","West","Home Office","Standard Class"
51.8,103.6,0,7,3,"Office Supplies","Labels","South","Consumer","First Class"
8.4784,211.96,0,4,5,"Office Supplies","Storage","Central","Consumer","Second Class"
31.0059,65.97,0,3,6,"Technology","Machines","East","Consumer","Standard Class"
6.7116,14.28,0,7,6,"Office Supplies","Envelopes","West","Corporate","Standard Class"
764.3818,2939.93,0,7,5,"Technology","Phones","South","Consumer","Standard Class"
55.845,186.15,0,3,7,"Office Supplies","Appliances","West","Corporate","Standard Class"
-3.7196,8.752,0.6,4,2,"Furniture","Furnishings","Central","Consumer","Second Class"
3.1096,11.96,0,2,4,"Office Supplies","Art","East","Home Office","Standard Class"
-1.3464,5.984,0.2,2,4,"Office Supplies","Fasteners","East","Consumer","Standard Class"
77.714,239.12,0.2,5,2,"Office Supplies","Binders","West","Consumer","Second Class"
22.4316,62.31,0,3,5,"Technology","Accessories","West","Corporate","Standard Class"
-6.8992,4.312,0.8,2,4,"Office Supplies","Binders","Central","Consumer","Standard Class"
197.9208,706.86,0,7,4,"Office Supplies","Appliances","Central","Home Office","Second Class"
13.128,35.008,0.2,4,6,"Office Supplies","Envelopes","South","Consumer","Standard Class"
3.285,10.95,0,3,6,"Office Supplies","Supplies","East","Consumer","Standard Class"
4.752,10.56,0,2,4,"Office Supplies","Paper","Central","Corporate","Standard Class"
41.5773,369.576,0.2,3,3,"Technology","Phones","Central","Corporate","First Class"
33.3124,1665.62,0,2,2,"Office Supplies","Supplies","South","Consumer","First Class"
39.4255,135.95,0,1,7,"Technology","Phones","South","Consumer","Standard Class"
-304.392,456.588,0.7,2,7,"Office Supplies","Binders","East","Consumer","Standard Class"
-378.4,302.72,0.6,5,4,"Furniture","Furnishings","Central","Home Office","Standard Class"
2.6811,23.832,0.2,3,7,"Office Supplies","Storage","Central","Consumer","Standard Class"
5.4432,15.552,0.2,3,2,"Office Supplies","Paper","Central","Consumer","Second Class"
7.6154,46.864,0.2,2,6,"Technology","Accessories","Central","Consumer","Standard Class"
-30.392,303.92,0.2,5,2,"Furniture","Furnishings","East","Consumer","Second Class"
10.5714,281.904,0.2,2,4,"Office Supplies","Storage","East","Consumer","Standard Class"
8.7138,18.54,0,2,4,"Office Supplies","Paper","Central","Home Office","Standard Class"
-37.7332,177.568,0.2,2,5,"Office Supplies","Storage","East","Corporate","Standard Class"
394.212,1516.2,0,7,5,"Furniture","Chairs","Central","Consumer","Standard Class"
8.0997,27.93,0,3,4,"Office Supplies","Supplies","West","Consumer","Standard Class"
24.3824,87.08,0,7,7,"Office Supplies","Storage","West","Consumer","Standard Class"
-8.6058,12.294,0.7,1,5,"Office Supplies","Binders","East","Home Office","Standard Class"
31.996,255.968,0.2,4,0,"Technology","Accessories","South","Home Office","Same Day"
189.4046,860.93,0,7,4,"Furniture","Chairs","Central","Consumer","Standard Class"
16.5888,61.44,0,3,4,"Office Supplies","Appliances","West","Corporate","Second Class"
89.9548,276.784,0.2,2,2,"Office Supplies","Binders","East","Consumer","First Class"
-32.3673,863.128,0.2,7,5,"Furniture","Tables","West","Corporate","Standard Class"
4.36,43.6,0.2,5,5,"Technology","Phones","West","Consumer","Standard Class"
-9.8724,15.588,0.4,2,2,"Technology","Phones","East","Home Office","Second Class"
10.434,22.2,0,5,7,"Office Supplies","Fasteners","East","Consumer","Standard Class"
14.0438,30.53,0,1,0,"Office Supplies","Labels","East","Home Office","Same Day"
17.766,157.92,0.2,5,3,"Office Supplies","Appliances","West","Home Office","First Class"
5.6,16,0.2,4,5,"Office Supplies","Fasteners","Central","Home Office","Second Class"
5.8233,12.39,0,3,2,"Office Supplies","Binders","South","Corporate","Second Class"
11.9988,254.9745,0.15,3,2,"Furniture","Bookcases","West","Consumer","Second Class"
-94.6605,172.11,0.4,1,4,"Furniture","Tables","East","Consumer","Standard Class"
412.5394,1586.69,0,7,3,"Furniture","Chairs","Central","Consumer","First Class"
19.0386,217.584,0.2,2,5,"Technology","Phones","West","Consumer","Standard Class"
-2.838,1.72,0.8,1,5,"Office Supplies","Binders","Central","Consumer","Second Class"
-68.1856,42.616,0.8,7,3,"Office Supplies","Binders","Central","Corporate","First Class"
6.5736,19.92,0,4,6,"Furniture","Furnishings","East","Consumer","Standard Class"
30.432,95.1,0,5,5,"Technology","Accessories","East","Consumer","Standard Class"
3.9248,8.92,0,4,4,"Furniture","Furnishings","South","Corporate","Standard Class"
46.9764,626.352,0.2,3,2,"Furniture","Bookcases","East","Home Office","First Class"
2.0388,27.184,0.2,2,3,"Technology","Phones","Central","Home Office","Second Class"
-4.4946,6.129,0.7,3,2,"Office Supplies","Binders","South","Corporate","First Class"
18.8937,89.97,0,3,3,"Technology","Accessories","East","Corporate","First Class"
-7.098,99.372,0.3,2,2,"Furniture","Chairs","East","Consumer","First Class"
25.245,403.92,0.2,5,2,"Furniture","Chairs","West","Home Office","First Class"
3.4216,10.528,0.2,4,6,"Office Supplies","Paper","South","Home Office","Standard Class"
28.65,91.68,0.2,5,6,"Office Supplies","Binders","West","Consumer","Standard Class"
11.9196,45.408,0.2,2,4,"Technology","Accessories","South","Home Office","Standard Class"
35.196,125.7,0,6,6,"Technology","Phones","Central","Consumer","Standard Class"
-25.109,118.16,0.2,2,1,"Office Supplies","Storage","Central","Consumer","First Class"
48.993,279.96,0.2,5,4,"Technology","Accessories","East","Corporate","Standard Class"
2.3686,14.576,0.2,2,5,"Office Supplies","Art","West","Consumer","Second Class"
45.84,91.68,0,3,4,"Office Supplies","Binders","Central","Home Office","Standard Class"
3.389,54.224,0.2,2,2,"Office Supplies","Storage","East","Consumer","First Class"
3.9474,11.696,0.2,2,2,"Office Supplies","Labels","West","Consumer","Second Class"
-87.1488,34.176,0.8,3,4,"Office Supplies","Appliances","Central","Corporate","Standard Class"
17.3376,49.536,0.2,3,1,"Office Supplies","Binders","West","Corporate","First Class"
41.496,186.732,0.1,1,3,"Office Supplies","Appliances","Central","Home Office","First Class"
9.5081,20.23,0,7,6,"Office Supplies","Labels","Central","Consumer","Standard Class"
17.9955,159.96,0.2,5,6,"Technology","Phones","West","Consumer","Standard Class"
117.432,335.52,0.2,4,4,"Office Supplies","Paper","East","Consumer","Standard Class"
18.396,98.112,0.2,7,5,"Office Supplies","Appliances","East","Home Office","Standard Class"
-114.3912,831.936,0.2,8,6,"Furniture","Chairs","South","Consumer","Standard Class"
259.8896,1367.84,0,8,6,"Furniture","Bookcases","West","Corporate","Standard Class"
23.3163,333.09,0,3,0,"Office Supplies","Storage","Central","Consumer","Same Day"
-191.646,127.764,0.7,6,5,"Furniture","Bookcases","West","Consumer","Second Class"
8.381,23.12,0.2,5,5,"Office Supplies","Paper","Central","Consumer","Standard Class"
-91.7586,328.3992,0.32,3,5,"Furniture","Bookcases","Central","Consumer","Standard Class"
20.84,83.36,0,1,5,"Office Supplies","Storage","East","Consumer","Standard Class"
635.495,1270.99,0,1,6,"Office Supplies","Binders","South","Home Office","Standard Class"
117.0104,900.08,0,4,5,"Office Supplies","Storage","South","Consumer","Standard Class"
19.791,52.776,0.2,3,4,"Office Supplies","Binders","East","Consumer","Standard Class"
15.1188,201.584,0.2,2,1,"Technology","Phones","West","Corporate","First Class"
-1.3952,6.976,0.2,4,6,"Office Supplies","Supplies","Central","Corporate","Standard Class"
85.904,330.4,0,2,4,"Office Supplies","Storage","West","Consumer","Second Class"
-22.62,33.93,0.7,3,5,"Office Supplies","Binders","East","Home Office","Standard Class"
77.8635,235.95,0,3,2,"Office Supplies","Appliances","East","Corporate","First Class"
25.2936,93.68,0,4,2,"Office Supplies","Storage","West","Consumer","Second Class"
1.4796,5.48,0,2,4,"Office Supplies","Art","South","Home Office","Standard Class"
15.6978,148.257,0.15,3,2,"Furniture","Bookcases","West","Home Office","Second Class"
4.5318,13.944,0.2,3,3,"Office Supplies","Binders","West","Corporate","Second Class"
62.1544,221.98,0,2,2,"Technology","Phones","Central","Consumer","First Class"
32.392,647.84,0,8,6,"Furniture","Chairs","Central","Consumer","Standard Class"
-33.636,50.454,0.7,6,4,"Office Supplies","Binders","South","Home Office","Standard Class"
1.068,17.088,0.2,2,5,"Furniture","Furnishings","South","Corporate","Standard Class"
329.994,879.984,0.2,2,4,"Technology","Copiers","East","Consumer","Standard Class"
743.988,2479.96,0,4,4,"Technology","Phones","Central","Consumer","Standard Class"
12.936,46.2,0,4,4,"Office Supplies","Art","South","Home Office","Standard Class"
38.6848,110.528,0.2,4,6,"Office Supplies","Binders","West","Home Office","Standard Class"
-181.265,776.85,0.4,5,5,"Technology","Phones","East","Home Office","Standard Class"
7.392,15.4,0,5,4,"Furniture","Furnishings","South","Consumer","Second Class"
0,63.968,0.2,2,0,"Furniture","Furnishings","South","Consumer","Same Day"
4.95,45,0,3,4,"Technology","Accessories","West","Corporate","Standard Class"
-17.046,11.364,0.8,3,2,"Office Supplies","Binders","Central","Corporate","Second Class"
6.9664,24.88,0,2,5,"Office Supplies","Storage","East","Corporate","Standard Class"
-31.647,253.176,0.2,3,5,"Furniture","Tables","West","Consumer","Standard Class"
7.1628,15.24,0,3,7,"Office Supplies","Paper","South","Corporate","Standard Class"
6.888,19.68,0.2,5,5,"Office Supplies","Binders","West","Corporate","Standard Class"
54.3966,255.984,0.2,2,4,"Technology","Accessories","East","Home Office","Second Class"
7.098,319.41,0.1,5,1,"Furniture","Chairs","East","Consumer","First Class"
53.997,899.95,0,5,5,"Technology","Accessories","East","Consumer","Second Class"
26.64,71.04,0.2,6,7,"Office Supplies","Labels","West","Home Office","Standard Class"
9.3504,31.168,0.2,4,5,"Furniture","Furnishings","South","Corporate","Standard Class"
2.132,13.12,0.2,5,4,"Office Supplies","Art","South","Home Office","Standard Class"
-77.333,318.43,0.3,5,7,"Furniture","Chairs","Central","Corporate","Standard Class"
4.6746,53.424,0.2,3,5,"Office Supplies","Storage","West","Consumer","Second Class"
21.4074,101.94,0,6,6,"Technology","Accessories","South","Consumer","Standard Class"
2.0574,6.096,0.2,2,5,"Office Supplies","Binders","East","Consumer","Standard Class"
8.997,71.976,0.2,3,0,"Technology","Phones","West","Home Office","Same Day"
150.984,314.55,0,3,5,"Office Supplies","Paper","West","Consumer","Standard Class"
-38.85,194.25,0.3,2,5,"Furniture","Tables","East","Consumer","Standard Class"
-9.8208,13.392,0.7,8,5,"Office Supplies","Binders","South","Corporate","Standard Class"
2.1736,7.904,0.2,2,5,"Furniture","Furnishings","South","Consumer","Standard Class"
22.2352,85.52,0,2,2,"Office Supplies","Storage","East","Corporate","Second Class"
2.6068,5.32,0,2,3,"Office Supplies","Envelopes","South","Corporate","Second Class"
-110.0232,366.744,0.3,4,4,"Furniture","Chairs","Central","Consumer","Standard Class"
8.88,17.76,0,2,2,"Office Supplies","Binders","South","Consumer","Second Class"
8.7906,17.94,0,3,4,"Office Supplies","Paper","East","Corporate","Standard Class"
9.1845,146.952,0.2,3,1,"Technology","Phones","West","Home Office","Same Day"
2.3968,23.968,0.2,2,6,"Office Supplies","Storage","Central","Consumer","Standard Class"
29.302,334.88,0.2,4,4,"Office Supplies","Appliances","East","Home Office","Standard Class"
-51.296,32.06,0.8,10,5,"Office Supplies","Binders","Central","Consumer","Standard Class"
6.7966,19.99,0,1,7,"Technology","Accessories","Central","Consumer","Standard Class"
-53.7088,33.568,0.8,8,3,"Office Supplies","Binders","Central","Consumer","First Class"
-66.2302,209.148,0.4,2,5,"Furniture","Tables","East","Consumer","Second Class"
-173.3472,933.408,0.3,4,4,"Furniture","Tables","Central","Consumer","Standard Class"
20.724,55.264,0.2,2,2,"Office Supplies","Binders","West","Corporate","Second Class"
9.3312,19.44,0,3,3,"Office Supplies","Paper","East","Consumer","Second Class"
-27.7158,118.782,0.4,3,4,"Technology","Phones","East","Consumer","Standard Class"
9.3312,19.44,0,3,1,"Office Supplies","Paper","East","Home Office","First Class"
3.7584,10.368,0.2,2,4,"Office Supplies","Paper","Central","Home Office","Standard Class"
48.9942,435.504,0.2,3,4,"Office Supplies","Storage","Central","Consumer","Standard Class"
6.2208,12.96,0,2,4,"Office Supplies","Paper","West","Consumer","Standard Class"
-36.2352,205.3328,0.32,2,4,"Furniture","Bookcases","Central","Corporate","Standard Class"
16.296,54.32,0,4,4,"Office Supplies","Appliances","West","Consumer","Standard Class"
4.9616,49.616,0.2,2,3,"Technology","Phones","Central","Corporate","Second Class"
-2.2134,10.416,0.2,7,5,"Office Supplies","Fasteners","East","Corporate","Standard Class"
6.2496,17.856,0.2,4,4,"Office Supplies","Binders","West","Consumer","Standard Class"
12.0276,46.26,0,3,7,"Office Supplies","Storage","East","Home Office","Standard Class"
9.5526,26.352,0.2,3,2,"Office Supplies","Binders","West","Corporate","Second Class"
0.364,4.16,0.2,2,5,"Office Supplies","Art","East","Consumer","Standard Class"
18.504,92.52,0,9,5,"Technology","Accessories","West","Consumer","Standard Class"
12.8574,114.288,0.2,1,4,"Office Supplies","Storage","West","Corporate","Standard Class"
-248.166,364.95,0.5,5,5,"Furniture","Tables","West","Consumer","Standard Class"
-12.196,195.136,0.2,4,5,"Furniture","Chairs","West","Consumer","Standard Class"
13.348,28.4,0,5,3,"Office Supplies","Envelopes","Central","Consumer","Second Class"
-93.99,657.93,0.3,5,7,"Furniture","Chairs","East","Consumer","Standard Class"
39.066,114.9,0,5,4,"Furniture","Furnishings","East","Consumer","Second Class"
-6.089,85.246,0.3,2,2,"Furniture","Chairs","Central","Consumer","Second Class"
2.2412,8.62,0,1,4,"Office Supplies","Appliances","West","Home Office","Standard Class"
0.7228,2.78,0,2,2,"Office Supplies","Art","East","Consumer","Second Class"
-77.1267,324.744,0.2,3,5,"Office Supplies","Storage","East","Consumer","Standard Class"
129.7725,393.25,0,5,4,"Office Supplies","Appliances","East","Consumer","Standard Class"
19.755,52.68,0.2,3,5,"Technology","Phones","West","Consumer","Standard Class"
-80.178,104.58,0.7,6,4,"Office Supplies","Binders","East","Corporate","Standard Class"
22.6782,302.376,0.2,3,2,"Technology","Phones","West","Consumer","First Class"
16.7832,47.952,0.2,3,2,"Office Supplies","Paper","West","Corporate","Second Class"
2.2824,15.216,0.2,1,5,"Technology","Accessories","South","Corporate","Standard Class"
28.1718,59.94,0,3,2,"Office Supplies","Paper","East","Home Office","Second Class"
-3.2406,1.964,0.8,2,3,"Office Supplies","Binders","Central","Consumer","First Class"
5.999,95.984,0.2,2,2,"Technology","Phones","Central","Consumer","First Class"
11.5432,24.56,0,2,2,"Office Supplies","Paper","East","Home Office","First Class"
54.0876,386.34,0,2,3,"Office Supplies","Storage","Central","Corporate","First Class"
15.8256,37.68,0,2,5,"Furniture","Furnishings","East","Home Office","Second Class"
12.6348,210.58,0,2,5,"Furniture","Furnishings","West","Corporate","Standard Class"
0.8856,7.872,0.2,3,5,"Office Supplies","Art","South","Corporate","Second Class"
20.0928,71.76,0,6,2,"Technology","Phones","East","Home Office","First Class"
10.0772,28.792,0.2,1,7,"Office Supplies","Binders","West","Consumer","Standard Class"
7.7896,23.968,0.2,2,4,"Furniture","Furnishings","East","Corporate","Second Class"
-1.9791,32.985,0.5,3,1,"Technology","Machines","South","Consumer","First Class"
-18.8728,12.176,0.8,4,7,"Office Supplies","Binders","Central","Consumer","Standard Class"
185.2578,638.82,0,9,3,"Furniture","Bookcases","East","Corporate","First Class"
16.3172,68.704,0.2,2,2,"Furniture","Furnishings","East","Corporate","First Class"
459.9875,1471.96,0.2,5,0,"Office Supplies","Binders","West","Consumer","Same Day"
-13.938,18.18,0.7,4,6,"Office Supplies","Binders","West","Consumer","Standard Class"
51.996,415.968,0.2,4,4,"Technology","Phones","West","Consumer","Standard Class"
4.95,45,0,3,4,"Technology","Accessories","East","Consumer","Standard Class"
1.4112,2.88,0,1,4,"Office Supplies","Labels","West","Home Office","Standard Class"
13.428,29.84,0,2,4,"Office Supplies","Binders","South","Home Office","Standard Class"
-4.5696,6.528,0.7,4,5,"Office Supplies","Binders","East","Corporate","Standard Class"
140.5482,540.57,0,3,7,"Office Supplies","Storage","West","Corporate","Standard Class"
-15.147,212.058,0.3,3,4,"Furniture","Chairs","Central","Home Office","Standard Class"
-1.2558,33.488,0.2,7,6,"Office Supplies","Storage","Central","Corporate","Standard Class"
11.9586,62.94,0,3,6,"Office Supplies","Storage","Central","Consumer","Standard Class"
15.552,32.4,0,5,5,"Office Supplies","Paper","Central","Home Office","Standard Class"
44.868,336.51,0.4,3,6,"Technology","Machines","Central","Home Office","Standard Class"
-50.6688,38.976,0.6,3,7,"Furniture","Furnishings","Central","Consumer","Standard Class"
49.5552,170.88,0,3,3,"Office Supplies","Appliances","East","Consumer","First Class"
71.9928,319.968,0.2,4,2,"Technology","Accessories","Central","Home Office","Second Class"
6.9795,111.672,0.2,9,3,"Office Supplies","Storage","South","Consumer","Second Class"
21.7728,45.36,0,7,0,"Office Supplies","Paper","South","Corporate","Same Day"
35.982,79.96,0,2,2,"Office Supplies","Envelopes","East","Consumer","Second Class"
26.6616,76.176,0.2,3,6,"Office Supplies","Binders","West","Consumer","Standard Class"
41.986,149.95,0,5,5,"Technology","Phones","South","Home Office","Second Class"
-6.0196,204.6664,0.32,1,4,"Furniture","Bookcases","Central","Consumer","Second Class"
4.9056,14.016,0.2,4,3,"Office Supplies","Binders","West","Corporate","First Class"
25.47,50.94,0,3,2,"Office Supplies","Envelopes","South","Corporate","Second Class"
3.6288,10.368,0.2,2,4,"Office Supplies","Paper","East","Consumer","Standard Class"
0.4264,2.624,0.2,1,4,"Office Supplies","Art","South","Consumer","Standard Class"
0,170.786,0.3,1,2,"Furniture","Chairs","East","Consumer","First Class"
48.288,160.96,0,2,7,"Office Supplies","Appliances","West","Consumer","Standard Class"
7.0173,62.376,0.2,3,5,"Office Supplies","Art","Central","Consumer","Standard Class"
51.8,103.6,0,7,6,"Office Supplies","Labels","Central","Consumer","Standard Class"
315.8118,671.94,0,3,4,"Office Supplies","Binders","East","Consumer","Standard Class"
46.3185,137.24,0.2,5,2,"Office Supplies","Binders","West","Corporate","First Class"
6.003,13.05,0,5,4,"Office Supplies","Labels","East","Corporate","Second Class"
7.1592,18.84,0,3,0,"Furniture","Furnishings","South","Home Office","Same Day"
-11.5176,307.136,0.2,4,5,"Furniture","Chairs","West","Corporate","Standard Class"
86.3856,179.97,0,3,1,"Technology","Accessories","West","Consumer","Same Day"
-24.2352,70.686,0.3,1,0,"Furniture","Chairs","East","Consumer","Same Day"
19.95,39.9,0,5,3,"Office Supplies","Paper","East","Consumer","First Class"
10.8836,23.66,0,7,4,"Office Supplies","Paper","East","Consumer","Standard Class"
-2.244,3.366,0.7,3,0,"Office Supplies","Binders","West","Consumer","Same Day"
219.6546,477.51,0,11,2,"Office Supplies","Binders","South","Home Office","Second Class"
-7.9984,39.992,0.2,1,4,"Technology","Phones","West","Corporate","Standard Class"
4.9728,17.76,0,2,5,"Office Supplies","Supplies","West","Corporate","Standard Class"
4.2392,105.98,0,7,2,"Office Supplies","Storage","South","Home Office","First Class"
20.155,69.5,0,5,0,"Office Supplies","Supplies","South","Home Office","Same Day"
7.5087,22.248,0.2,3,4,"Office Supplies","Paper","East","Home Office","Standard Class"
1.0346,11.824,0.2,2,0,"Technology","Phones","South","Consumer","Same Day"
-17.5651,22.911,0.7,7,4,"Office Supplies","Binders","South","Consumer","Standard Class"
-25.9136,129.568,0.2,2,4,"Office Supplies","Storage","Central","Consumer","Standard Class"
6.8768,24.56,0,2,7,"Office Supplies","Storage","South","Consumer","Standard Class"
6.8992,21.56,0,7,3,"Furniture","Furnishings","West","Corporate","First Class"
15.599,249.584,0.2,2,4,"Technology","Phones","West","Consumer","Standard Class"
-25.9136,259.136,0.2,4,0,"Furniture","Chairs","West","Home Office","Same Day"
-2.5248,12.624,0.2,2,6,"Office Supplies","Storage","West","Consumer","Standard Class"
449.991,999.98,0,2,6,"Technology","Copiers","West","Consumer","Standard Class"
180.7659,368.91,0,9,4,"Office Supplies","Paper","West","Corporate","Standard Class"
2.7166,5.78,0,2,5,"Office Supplies","Labels","West","Home Office","Standard Class"
94.4937,629.958,0.4,7,2,"Technology","Phones","East","Consumer","First Class"
74.8098,191.82,0,3,6,"Furniture","Furnishings","West","Home Office","Standard Class"
16.875,33.75,0,5,3,"Office Supplies","Binders","South","Corporate","First Class"
19.4688,60.84,0,3,4,"Furniture","Furnishings","West","Home Office","Standard Class"
15.5092,42.784,0.2,7,3,"Office Supplies","Paper","Central","Corporate","First Class"
175.5156,1350.12,0,6,2,"Office Supplies","Storage","South","Consumer","First Class"
874.9875,2799.96,0.2,5,4,"Technology","Copiers","Central","Corporate","Standard Class"
5.369,16.52,0.2,5,7,"Office Supplies","Labels","East","Home Office","Standard Class"
68.3332,361.764,0.1,2,6,"Furniture","Chairs","East","Consumer","Standard Class"
36.4473,134.99,0,1,6,"Technology","Phones","East","Corporate","Standard Class"
-47.2542,540.048,0.2,3,6,"Office Supplies","Storage","Central","Consumer","Standard Class"
84.51,704.25,0,5,4,"Office Supplies","Storage","East","Corporate","Standard Class"
15.8756,48.848,0.2,2,4,"Office Supplies","Labels","Central","Home Office","Standard Class"
89.7792,320.64,0,4,5,"Office Supplies","Appliances","South","Consumer","Standard Class"
18.4464,65.88,0,6,6,"Office Supplies","Supplies","West","Consumer","Standard Class"
112.392,899.136,0.2,4,2,"Furniture","Bookcases","East","Home Office","First Class"
111.591,619.95,0,5,4,"Technology","Accessories","South","Consumer","Standard Class"
12.0609,44.67,0,3,1,"Furniture","Furnishings","West","Home Office","First Class"
27.783,56.7,0,5,4,"Office Supplies","Paper","West","Home Office","Standard Class"
-11.9616,14.952,0.7,2,5,"Office Supplies","Binders","West","Corporate","Standard Class"
7.7728,48.58,0,1,2,"Furniture","Bookcases","West","Consumer","Second Class"
-112.6216,519.792,0.4,4,4,"Technology","Phones","East","Corporate","Standard Class"
60.9552,812.736,0.2,8,4,"Technology","Phones","Central","Home Office","Second Class"
1.7472,4.16,0,2,7,"Furniture","Furnishings","West","Consumer","Standard Class"
-42.747,598.458,0.3,3,4,"Furniture","Chairs","East","Corporate","Standard Class"
10.744,107.44,0.2,10,5,"Office Supplies","Storage","Central","Corporate","Standard Class"
153.1152,437.472,0.2,14,4,"Office Supplies","Binders","West","Home Office","Standard Class"
133.152,277.4,0,5,6,"Office Supplies","Paper","East","Home Office","Standard Class"
21.9945,199.95,0,5,4,"Technology","Accessories","East","Consumer","Standard Class"
193.32,716,0,2,1,"Technology","Phones","East","Corporate","First Class"
6.603,88.04,0.2,5,1,"Office Supplies","Art","West","Home Office","First Class"
-2.01,2.412,0.7,1,6,"Office Supplies","Binders","East","Consumer","Standard Class"
-5.264,30.08,0.2,2,5,"Technology","Accessories","Central","Corporate","Standard Class"
-12.098,205.666,0.15,2,5,"Furniture","Bookcases","West","Consumer","Standard Class"
-55.256,221.024,0.2,2,2,"Office Supplies","Storage","East","Consumer","Second Class"
-45.24,67.86,0.7,6,0,"Office Supplies","Binders","West","Consumer","Same Day"
225.264,866.4,0,4,7,"Furniture","Chairs","South","Consumer","Standard Class"
7.8176,22.336,0.2,4,4,"Furniture","Furnishings","East","Home Office","Standard Class"
3.7376,18.688,0.2,4,5,"Office Supplies","Art","Central","Consumer","Standard Class"
2.7028,9.32,0,4,5,"Office Supplies","Art","West","Corporate","Standard Class"
3.0996,7.56,0,3,4,"Office Supplies","Art","East","Consumer","Standard Class"
105.275,421.1,0,2,4,"Office Supplies","Storage","West","Consumer","Standard Class"
2.3521,5.47,0,1,5,"Furniture","Furnishings","Central","Consumer","Standard Class"
9.48,30.336,0.2,4,0,"Furniture","Furnishings","East","Home Office","Same Day"
-82.99,99.588,0.7,2,4,"Office Supplies","Binders","East","Home Office","Standard Class"
175.136,547.3,0,13,2,"Furniture","Furnishings","East","Corporate","First Class"
-19.5492,53.316,0.4,2,4,"Furniture","Tables","East","Corporate","Standard Class"
5.1648,10.76,0,2,4,"Office Supplies","Binders","East","Consumer","Standard Class"
-6.534,58.08,0.2,4,5,"Technology","Accessories","West","Consumer","Standard Class"
89.3142,307.98,0,2,5,"Technology","Phones","East","Consumer","Second Class"
32.4688,405.86,0,7,4,"Furniture","Bookcases","Central","Consumer","Standard Class"
9.3228,27.42,0,3,6,"Furniture","Furnishings","South","Corporate","Standard Class"
-53.7096,76.728,0.6,3,5,"Furniture","Furnishings","Central","Consumer","Standard Class"
135.456,637.44,0.2,8,5,"Technology","Accessories","Central","Home Office","Second Class"
84.0512,182.72,0,8,3,"Office Supplies","Paper","East","Consumer","First Class"
2.64,8.448,0.2,2,3,"Office Supplies","Paper","Central","Home Office","First Class"
41.993,335.944,0.2,7,2,"Technology","Accessories","South","Consumer","Second Class"
227.205,908.82,0,9,2,"Furniture","Chairs","East","Consumer","First Class"
165.3496,635.96,0,4,6,"Technology","Phones","Central","Consumer","Standard Class"
-1.3128,1.641,0.7,1,2,"Office Supplies","Binders","East","Consumer","First Class"
31.5372,76.92,0,4,4,"Furniture","Furnishings","South","Home Office","Standard Class"
-48.7839,310.443,0.3,3,4,"Furniture","Tables","East","Consumer","Standard Class"
2.5056,8.64,0,3,7,"Office Supplies","Art","Central","Consumer","Standard Class"
11.2752,31.104,0.2,6,6,"Office Supplies","Paper","West","Corporate","Standard Class"
22.764,108.4,0,2,4,"Furniture","Furnishings","East","Home Office","Standard Class"
59.0112,122.94,0,3,4,"Office Supplies","Binders","South","Corporate","Standard Class"
148.491,494.97,0,3,2,"Technology","Phones","South","Corporate","Second Class"
93.5816,247.716,0.1,4,6,"Office Supplies","Appliances","Central","Consumer","Standard Class"
83.9916,199.98,0,2,3,"Technology","Accessories","East","Home Office","Second Class"
0.73,5.84,0.2,2,5,"Office Supplies","Supplies","West","Home Office","Standard Class"
114.6285,545.85,0,9,7,"Furniture","Furnishings","West","Consumer","Standard Class"
-64.7748,272.736,0.2,3,5,"Office Supplies","Storage","West","Consumer","Second Class"
0.2992,14.96,0,4,2,"Office Supplies","Fasteners","East","Consumer","First Class"
1.6324,18.656,0.2,2,2,"Office Supplies","Art","East","Consumer","Second Class"
7.5768,22.96,0,7,4,"Office Supplies","Art","South","Corporate","Second Class"
3.7128,14.28,0,4,4,"Office Supplies","Art","South","Home Office","Standard Class"
10.5504,37.68,0,2,4,"Office Supplies","Appliances","East","Corporate","Standard Class"
6.36,12.72,0,3,4,"Office Supplies","Binders","Central","Consumer","Standard Class"
80.4839,279.944,0.2,7,5,"Technology","Accessories","West","Consumer","Standard Class"
23.028,230.28,0.2,3,7,"Furniture","Chairs","West","Corporate","Standard Class"
1.3584,13.584,0.2,1,6,"Office Supplies","Art","South","Corporate","Standard Class"
21.7515,127.95,0,3,4,"Furniture","Furnishings","Central","Consumer","Standard Class"
-16.0784,321.568,0.2,2,7,"Furniture","Bookcases","East","Consumer","Standard Class"
1.0904,3.76,0,2,4,"Office Supplies","Art","South","Home Office","Standard Class"
-22.512,12.864,0.8,8,2,"Office Supplies","Binders","Central","Corporate","First Class"
3.4552,9.872,0.2,2,4,"Office Supplies","Binders","West","Consumer","Standard Class"
2.2098,6.096,0.2,2,5,"Office Supplies","Binders","West","Home Office","Standard Class"
4.3524,11.16,0,2,4,"Office Supplies","Art","East","Home Office","Standard Class"
0.5904,5.248,0.2,2,4,"Office Supplies","Art","Central","Home Office","Standard Class"
3.389,54.224,0.2,2,0,"Office Supplies","Storage","East","Consumer","Same Day"
5.796,12.6,0,2,5,"Office Supplies","Labels","West","Corporate","Standard Class"
-172.1172,634.116,0.3,6,4,"Furniture","Chairs","Central","Home Office","Standard Class"
-241.176,301.47,0.5,3,2,"Furniture","Bookcases","East","Consumer","Second Class"
8.0712,21.24,0,3,2,"Office Supplies","Art","Central","Home Office","Second Class"
97.88,195.76,0,4,4,"Office Supplies","Paper","West","Home Office","Standard Class"
57.5016,221.16,0,4,5,"Office Supplies","Storage","Central","Consumer","Standard Class"
-13.392,66.96,0.2,5,2,"Office Supplies","Storage","Central","Corporate","Second Class"
8.8704,25.344,0.2,6,2,"Office Supplies","Paper","South","Home Office","Second Class"
12.3123,89.544,0.2,7,5,"Technology","Accessories","West","Consumer","Standard Class"
4.914,10.92,0,6,2,"Office Supplies","Art","Central","Consumer","Second Class"
-199.5076,630.024,0.4,4,0,"Furniture","Tables","South","Corporate","Same Day"
16.6788,222.384,0.2,2,4,"Technology","Phones","Central","Consumer","Standard Class"
10.5534,76.752,0.2,6,3,"Technology","Accessories","West","Consumer","Second Class"
34.539,119.1,0,3,4,"Office Supplies","Storage","East","Home Office","Standard Class"
17.9982,239.976,0.2,3,4,"Technology","Phones","Central","Consumer","Standard Class"
7.5528,151.056,0.2,9,3,"Office Supplies","Storage","Central","Home Office","First Class"
13.0375,41.72,0.2,5,6,"Office Supplies","Binders","West","Home Office","Standard Class"
9.352,26.72,0.2,5,4,"Office Supplies","Paper","Central","Consumer","Standard Class"
223.9936,2239.936,0.2,8,5,"Technology","Phones","South","Corporate","Standard Class"
48.5392,105.52,0,4,2,"Office Supplies","Paper","West","Corporate","First Class"
42.0714,155.82,0,7,2,"Office Supplies","Storage","West","Corporate","First Class"
104.7528,581.96,0,2,4,"Furniture","Tables","Central","Consumer","Standard Class"
134.5302,498.26,0,7,0,"Furniture","Chairs","Central","Consumer","Same Day"
5.5328,14.56,0,2,1,"Furniture","Furnishings","West","Home Office","First Class"
0.1744,4.36,0,2,2,"Office Supplies","Supplies","Central","Consumer","First Class"
353.5792,1087.936,0.2,8,3,"Office Supplies","Binders","East","Corporate","First Class"
-0.0895,7.16,0.2,1,3,"Technology","Accessories","West","Corporate","First Class"
85.787,527.92,0.2,2,2,"Technology","Accessories","East","Consumer","First Class"
-51.5154,67.194,0.7,1,6,"Office Supplies","Binders","South","Corporate","Standard Class"
105.8316,377.97,0,3,4,"Technology","Phones","Central","Consumer","Standard Class"
13.9152,173.94,0,3,6,"Furniture","Bookcases","East","Home Office","Standard Class"
-1.1196,89.568,0.2,4,4,"Technology","Accessories","South","Consumer","Standard Class"
-55.256,221.024,0.2,2,4,"Office Supplies","Storage","Central","Consumer","Standard Class"
30.445,121.78,0,2,2,"Furniture","Chairs","South","Home Office","First Class"
50.2425,200.97,0,3,0,"Technology","Phones","South","Home Office","Same Day"
3.894,77.88,0,2,0,"Office Supplies","Storage","West","Consumer","Same Day"
31.5776,315.776,0.2,8,6,"Furniture","Furnishings","South","Consumer","Standard Class"
12.096,161.28,0.2,2,3,"Furniture","Tables","West","Corporate","First Class"
1.816,18.16,0.2,2,1,"Office Supplies","Storage","Central","Consumer","First Class"
1.6704,4.608,0.2,2,5,"Office Supplies","Labels","South","Corporate","Standard Class"
7.9548,795.48,0,7,3,"Office Supplies","Storage","West","Corporate","First Class"
58.1796,775.728,0.2,6,4,"Technology","Phones","West","Consumer","Standard Class"
5.0232,17.472,0.2,3,5,"Furniture","Furnishings","East","Consumer","Second Class"
-6.723,9.96,0.6,5,4,"Furniture","Furnishings","Central","Corporate","Second Class"
394.268,1408.1,0,10,4,"Furniture","Chairs","Central","Home Office","Standard Class"
15.49,49.568,0.2,2,3,"Office Supplies","Paper","South","Consumer","Second Class"
0,422.625,0.3,7,1,"Furniture","Chairs","East","Corporate","First Class"
9.039,19.65,0,3,6,"Office Supplies","Paper","East","Consumer","Standard Class"
13.941,30.98,0,1,0,"Office Supplies","Paper","West","Consumer","Same Day"
4.5612,12.67,0,7,4,"Office Supplies","Fasteners","South","Corporate","Standard Class"
3.1104,6.48,0,1,2,"Office Supplies","Paper","West","Home Office","Second Class"
-6.104,9.156,0.7,2,5,"Office Supplies","Binders","West","Home Office","Standard Class"
124.929,999.432,0.2,7,4,"Office Supplies","Storage","Central","Consumer","Standard Class"
23.0965,263.96,0.2,5,4,"Technology","Phones","West","Corporate","Standard Class"
43.5981,111.79,0,7,6,"Technology","Accessories","West","Consumer","Standard Class"
56.2032,208.16,0,1,4,"Office Supplies","Appliances","East","Consumer","Standard Class"
29.3412,104.79,0,7,4,"Office Supplies","Storage","West","Consumer","Standard Class"
4.3008,8.96,0,2,5,"Office Supplies","Envelopes","West","Corporate","Second Class"
88.074,251.64,0.2,3,2,"Office Supplies","Paper","South","Consumer","First Class"
9.7608,19.92,0,4,4,"Office Supplies","Paper","West","Consumer","Second Class"
28.965,579.3,0,5,5,"Office Supplies","Supplies","West","Corporate","Standard Class"
-2.3276,3.036,0.7,2,4,"Office Supplies","Binders","East","Corporate","Standard Class"
29.6,59.2,0,4,2,"Office Supplies","Labels","East","Consumer","First Class"
2.338,18.704,0.2,7,4,"Office Supplies","Art","East","Corporate","Standard Class"
-302.72,242.176,0.6,4,5,"Furniture","Furnishings","Central","Home Office","Second Class"
1.6472,4.544,0.2,2,1,"Office Supplies","Binders","West","Corporate","First Class"
5.955,79.4,0.2,5,4,"Office Supplies","Storage","West","Corporate","Standard Class"
3.0814,9.94,0,2,3,"Furniture","Furnishings","East","Consumer","First Class"
0.556,2.224,0.2,1,2,"Office Supplies","Art","West","Home Office","First Class"
35.9976,359.976,0.2,3,4,"Technology","Phones","Central","Consumer","Second Class"
0.4706,2.896,0.2,2,5,"Office Supplies","Fasteners","Central","Consumer","Standard Class"
11.5136,115.136,0.2,8,3,"Technology","Phones","Central","Consumer","First Class"
2.9682,8.73,0,1,5,"Furniture","Furnishings","West","Consumer","Standard Class"
15.5856,45.84,0,3,2,"Furniture","Furnishings","East","Consumer","First Class"
7.0218,14.94,0,3,5,"Office Supplies","Paper","Central","Consumer","Standard Class"
36.3972,207.984,0.2,2,3,"Technology","Accessories","Central","Corporate","First Class"
-7.7292,32.544,0.2,2,6,"Office Supplies","Storage","East","Corporate","Standard Class"
1.3068,2.97,0,3,4,"Technology","Accessories","Central","Corporate","Standard Class"
16.146,35.88,0,6,4,"Office Supplies","Paper","East","Corporate","Standard Class"
-2.0622,2.946,0.7,2,0,"Office Supplies","Binders","East","Consumer","Same Day"
12.993,129.93,0,3,5,"Furniture","Furnishings","East","Corporate","Standard Class"
41.952,104.88,0,6,2,"Technology","Accessories","Central","Consumer","Second Class"
49.761,597.132,0.4,3,3,"Technology","Machines","Central","Corporate","Second Class"
-4.3584,2.724,0.8,2,5,"Office Supplies","Binders","Central","Home Office","Standard Class"
11.1294,41.22,0,1,1,"Technology","Phones","East","Home Office","First Class"
15.196,41.92,0.2,4,6,"Office Supplies","Paper","Central","Corporate","Standard Class"
6.624,14.4,0,5,4,"Office Supplies","Labels","South","Corporate","Standard Class"
6.9088,20.32,0,4,4,"Furniture","Furnishings","South","Corporate","Standard Class"
11.5971,39.99,0,1,6,"Technology","Phones","East","Corporate","Standard Class"
-27.6936,37.764,0.7,6,2,"Office Supplies","Binders","East","Consumer","First Class"
11.7208,23.92,0,4,5,"Office Supplies","Paper","South","Consumer","Standard Class"
1.4602,20.86,0,7,6,"Office Supplies","Storage","Central","Consumer","Standard Class"
-108.8304,53.088,0.8,7,5,"Office Supplies","Appliances","Central","Consumer","Standard Class"
5.1816,15.24,0,3,4,"Furniture","Furnishings","West","Home Office","Standard Class"
2.0271,6.99,0,3,5,"Office Supplies","Art","East","Corporate","Standard Class"
69.705,154.9,0,5,5,"Office Supplies","Paper","South","Consumer","Standard Class"
53.8608,109.92,0,2,3,"Office Supplies","Paper","South","Consumer","Second Class"
20.1584,201.584,0.2,2,4,"Technology","Phones","West","Consumer","Standard Class"
-103.9882,215.148,0.4,2,3,"Furniture","Tables","East","Home Office","Second Class"
2.552,8.8,0,5,4,"Office Supplies","Art","Central","Consumer","Standard Class"
4.3372,61.96,0,2,5,"Furniture","Bookcases","South","Home Office","Second Class"
1.8144,5.184,0.2,1,5,"Office Supplies","Paper","South","Consumer","Standard Class"
1.002,8.016,0.2,3,7,"Office Supplies","Art","Central","Consumer","Standard Class"
-231.4116,661.176,0.4,2,5,"Furniture","Tables","East","Corporate","Standard Class"
26.5905,139.95,0,5,4,"Technology","Accessories","Central","Corporate","Standard Class"
47.495,379.96,0.2,5,2,"Technology","Accessories","East","Corporate","Second Class"
19.3932,258.576,0.2,2,5,"Technology","Phones","West","Consumer","Standard Class"
19.6328,42.68,0,4,0,"Office Supplies","Envelopes","South","Corporate","Same Day"
4.9686,70.98,0,1,6,"Furniture","Chairs","South","Consumer","Standard Class"
21.4368,64.96,0,2,5,"Furniture","Furnishings","West","Corporate","Standard Class"
2.9346,146.73,0,3,2,"Office Supplies","Storage","South","Corporate","First Class"
16.2342,44.784,0.2,1,5,"Office Supplies","Paper","West","Home Office","Standard Class"
1.683,7.92,0.2,5,4,"Office Supplies","Fasteners","East","Corporate","Standard Class"
33.0648,71.88,0,6,0,"Office Supplies","Envelopes","West","Corporate","Same Day"
2.208,27.6,0,4,5,"Technology","Accessories","West","Corporate","Standard Class"
-17.9964,119.976,0.2,3,1,"Technology","Accessories","South","Consumer","First Class"
-24.7086,9.324,0.8,6,5,"Office Supplies","Appliances","Central","Home Office","Second Class"
21.8352,436.704,0.2,6,5,"Furniture","Chairs","West","Corporate","Standard Class"
34.3896,74.76,0,3,4,"Office Supplies","Binders","Central","Home Office","Standard Class"
-11.5938,48.816,0.2,3,4,"Office Supplies","Storage","Central","Consumer","Standard Class"
0.9468,23.67,0,3,4,"Office Supplies","Storage","West","Consumer","Standard Class"
5.265,28.08,0.2,3,4,"Office Supplies","Appliances","South","Consumer","Standard Class"
10.35,165.6,0.2,3,7,"Technology","Phones","West","Consumer","Standard Class"
68.8464,245.88,0,6,5,"Office Supplies","Appliances","Central","Consumer","Standard Class"
-8.1312,11.088,0.7,7,6,"Office Supplies","Binders","East","Consumer","Standard Class"
12.987,39.96,0.2,5,5,"Technology","Phones","West","Consumer","Second Class"
12.2247,26.01,0,9,1,"Office Supplies","Labels","West","Consumer","First Class"
9.9652,113.888,0.2,2,4,"Furniture","Chairs","West","Home Office","Standard Class"
125.198,1001.584,0.2,2,6,"Technology","Phones","West","Consumer","Standard Class"
16.1838,47.952,0.2,3,1,"Office Supplies","Paper","Central","Consumer","First Class"
21.0288,80.88,0,6,2,"Office Supplies","Storage","West","Corporate","First Class"
19.968,53.248,0.2,2,3,"Office Supplies","Binders","West","Consumer","First Class"
-20.1362,84.784,0.2,2,2,"Technology","Phones","West","Consumer","Second Class"
15.552,32.4,0,5,5,"Office Supplies","Paper","East","Consumer","Standard Class"
30.0957,69.99,0,1,1,"Technology","Machines","East","Home Office","First Class"
44.4768,444.768,0.2,4,5,"Technology","Phones","West","Consumer","Standard Class"
3.8272,38.272,0.2,4,6,"Technology","Phones","Central","Home Office","Standard Class"
-14.9877,399.672,0.2,7,0,"Furniture","Tables","West","Corporate","Same Day"
-1.3984,1.824,0.7,1,4,"Office Supplies","Binders","East","Corporate","Second Class"
7.4824,15.92,0,4,2,"Office Supplies","Binders","South","Consumer","First Class"
5.0286,13.872,0.2,3,4,"Office Supplies","Paper","East","Corporate","Standard Class"
91.9954,319.984,0.2,2,4,"Technology","Accessories","East","Home Office","Second Class"
2.065,16.52,0.2,5,5,"Office Supplies","Art","Central","Home Office","Standard Class"
81.5949,383.976,0.2,3,7,"Technology","Accessories","South","Consumer","Standard Class"
22.2516,79.47,0,3,1,"Office Supplies","Appliances","West","Corporate","Same Day"
119.4742,411.98,0,2,4,"Technology","Phones","South","Corporate","Standard Class"
124.485,398.352,0.2,3,7,"Office Supplies","Binders","East","Consumer","Standard Class"
-164.9538,224.937,0.7,3,2,"Technology","Machines","East","Consumer","First Class"
-24.843,347.802,0.3,7,6,"Furniture","Chairs","Central","Corporate","Standard Class"
0.4768,4.768,0.2,2,3,"Office Supplies","Art","East","Consumer","First Class"
50.328,104.85,0,1,5,"Office Supplies","Paper","West","Consumer","Standard Class"
-9.56,38.24,0.2,4,5,"Technology","Phones","West","Consumer","Standard Class"
1379.977,2999.95,0,5,5,"Technology","Copiers","West","Home Office","Standard Class"
32.893,234.95,0,5,5,"Technology","Accessories","West","Consumer","Second Class"
-0.6265,50.12,0.2,7,5,"Technology","Accessories","Central","Consumer","Standard Class"
199.2606,474.43,0,11,4,"Furniture","Furnishings","West","Consumer","Standard Class"
-10.7973,95.976,0.2,3,6,"Technology","Accessories","West","Consumer","Standard Class"
-36.2136,241.424,0.2,2,7,"Furniture","Chairs","West","Home Office","Standard Class"
-28.5978,207.984,0.2,2,3,"Furniture","Chairs","South","Corporate","First Class"
-12.6882,119.833,0.15,1,5,"Furniture","Bookcases","West","Consumer","Second Class"
12.8256,26.72,0,4,3,"Office Supplies","Paper","West","Corporate","First Class"
29.95,119.8,0.2,5,5,"Technology","Accessories","East","Corporate","Standard Class"
3.852,8.56,0,2,4,"Office Supplies","Paper","West","Corporate","Standard Class"
162.0948,704.76,0,4,2,"Office Supplies","Storage","Central","Consumer","Second Class"
-7.0532,9.618,0.7,2,4,"Office Supplies","Binders","East","Consumer","Standard Class"
4.3956,39.072,0.2,6,6,"Office Supplies","Supplies","West","Consumer","Standard Class"
-16.6012,22.638,0.7,7,6,"Office Supplies","Binders","West","Consumer","Standard Class"
14.1728,32.96,0,2,2,"Technology","Accessories","South","Corporate","Second Class"
95.586,764.688,0.2,6,2,"Furniture","Tables","West","Consumer","Second Class"
9.3312,19.44,0,3,4,"Office Supplies","Paper","Central","Home Office","Standard Class"
5.4444,16.752,0.2,6,4,"Office Supplies","Fasteners","East","Consumer","Standard Class"
5.3703,19.89,0,9,4,"Office Supplies","Art","South","Consumer","Standard Class"
9.6975,193.95,0,3,5,"Office Supplies","Storage","South","Corporate","Standard Class"
334.4985,2973.32,0.2,7,4,"Technology","Machines","West","Consumer","Standard Class"
26.3912,59.98,0,2,0,"Technology","Accessories","West","Home Office","Same Day"
944.9865,2799.96,0.2,5,0,"Technology","Copiers","West","Consumer","Same Day"
1.168,9.344,0.2,2,4,"Office Supplies","Art","South","Consumer","Standard Class"
57.385,124.75,0,5,5,"Office Supplies","Binders","South","Consumer","Standard Class"
5.6376,15.552,0.2,3,5,"Office Supplies","Paper","Central","Corporate","Standard Class"
-383.9904,479.988,0.7,4,3,"Technology","Machines","East","Consumer","First Class"
24.316,194.528,0.2,2,2,"Office Supplies","Appliances","South","Corporate","Second Class"
64.2,128.4,0,3,4,"Office Supplies","Binders","Central","Consumer","Standard Class"
19.7316,68.04,0,7,3,"Technology","Phones","East","Consumer","First Class"
10.5144,40.44,0,3,3,"Office Supplies","Storage","East","Consumer","First Class"
66.6272,141.76,0,4,4,"Office Supplies","Paper","East","Corporate","Standard Class"
22.156,61.12,0.2,5,0,"Office Supplies","Binders","West","Consumer","Same Day"
13.7931,59.97,0,3,5,"Technology","Accessories","West","Home Office","Second Class"
51.8238,153.552,0.2,3,7,"Office Supplies","Binders","West","Consumer","Standard Class"
-6.9965,7.996,0.6,1,6,"Furniture","Furnishings","Central","Home Office","Standard Class"
6.3504,12.96,0,2,5,"Office Supplies","Paper","West","Consumer","Standard Class"
176.386,629.95,0,5,6,"Technology","Phones","East","Home Office","Standard Class"
11.565,37.008,0.2,6,3,"Office Supplies","Binders","East","Home Office","First Class"
92.3936,355.36,0,4,2,"Furniture","Furnishings","West","Consumer","Second Class"
4.2336,8.64,0,3,4,"Office Supplies","Labels","West","Consumer","Standard Class"
-99.2664,145.98,0.5,2,6,"Furniture","Tables","Central","Consumer","Standard Class"
12.7008,36.288,0.2,7,4,"Office Supplies","Paper","South","Consumer","Standard Class"
-28.224,493.92,0.3,7,4,"Furniture","Tables","East","Corporate","Standard Class"
14.9744,30.56,0,4,3,"Office Supplies","Envelopes","West","Corporate","Second Class"
3.564,7.92,0,4,5,"Office Supplies","Binders","East","Corporate","Standard Class"
3.6848,10.528,0.2,7,5,"Office Supplies","Binders","East","Home Office","Second Class"
15.5904,77.952,0.2,3,2,"Furniture","Furnishings","South","Consumer","Second Class"
0.6786,2.088,0.2,1,5,"Office Supplies","Labels","Central","Consumer","Standard Class"
24.4758,103.056,0.2,3,5,"Furniture","Furnishings","East","Consumer","Standard Class"
15.092,43.12,0.2,5,3,"Office Supplies","Binders","East","Corporate","Second Class"
4.331,43.31,0,1,5,"Furniture","Furnishings","West","Consumer","Standard Class"
5.6376,15.552,0.2,3,0,"Office Supplies","Paper","Central","Home Office","Same Day"
3.7224,37.224,0.2,3,6,"Office Supplies","Storage","Central","Corporate","Standard Class"
28.7064,85.056,0.2,3,2,"Office Supplies","Paper","Central","Corporate","Second Class"
29,116,0,8,5,"Technology","Accessories","West","Corporate","Standard Class"
1351.9896,5199.96,0,4,4,"Technology","Machines","East","Corporate","Standard Class"
29.692,91.36,0.2,5,2,"Office Supplies","Paper","South","Consumer","First Class"
13.932,41.28,0.2,6,3,"Office Supplies","Binders","East","Home Office","First Class"
314.0586,1652.94,0,3,5,"Furniture","Tables","South","Consumer","Standard Class"
7.2177,14.73,0,3,0,"Office Supplies","Labels","South","Consumer","Same Day"
57.5928,159.98,0,2,4,"Technology","Accessories","East","Corporate","Standard Class"
1.3284,11.808,0.2,2,3,"Furniture","Furnishings","South","Home Office","First Class"
5.0856,15.648,0.2,2,3,"Office Supplies","Envelopes","Central","Consumer","Second Class"
226.3626,838.38,0,2,6,"Office Supplies","Storage","Central","Home Office","Standard Class"
8.6744,99.136,0.2,4,2,"Office Supplies","Art","East","Corporate","First Class"
77.7438,287.94,0,3,4,"Furniture","Chairs","South","Consumer","Standard Class"
51.8292,191.96,0,2,7,"Furniture","Chairs","South","Consumer","Standard Class"
8.0766,30.768,0.2,2,5,"Furniture","Furnishings","South","Home Office","Standard Class"
1.9712,6.16,0,2,4,"Furniture","Furnishings","West","Consumer","Second Class"
-56.3108,259.896,0.4,2,7,"Technology","Phones","East","Consumer","Standard Class"
38.08,238,0,2,2,"Technology","Accessories","West","Consumer","Second Class"
-56.3108,259.896,0.4,2,4,"Technology","Phones","East","Corporate","Standard Class"
7.56,15.75,0,5,4,"Office Supplies","Labels","South","Home Office","Standard Class"
14.3952,143.952,0.2,3,5,"Office Supplies","Appliances","East","Corporate","Second Class"
-2.1896,10.304,0.2,1,2,"Office Supplies","Supplies","East","Home Office","First Class"
38.532,101.4,0,5,5,"Furniture","Furnishings","East","Consumer","Second Class"
68.04,189,0,1,4,"Office Supplies","Appliances","West","Home Office","Second Class"
4.2224,11.648,0.2,2,4,"Office Supplies","Binders","West","Consumer","Second Class"
6.5538,23.832,0.2,3,4,"Office Supplies","Art","Central","Consumer","Standard Class"
2.3814,8.82,0,3,7,"Office Supplies","Art","West","Home Office","Standard Class"
316.8825,1267.53,0,3,6,"Furniture","Chairs","East","Consumer","Standard Class"
3.7694,8.02,0,1,0,"Office Supplies","Binders","Central","Home Office","Same Day"
22.5296,225.296,0.2,2,2,"Furniture","Chairs","South","Consumer","Second Class"
27.9936,58.32,0,9,5,"Office Supplies","Paper","West","Consumer","Standard Class"
-13.93,7.96,0.8,2,5,"Office Supplies","Appliances","Central","Consumer","Standard Class"
61.3824,409.216,0.2,8,6,"Furniture","Furnishings","West","Corporate","Standard Class"
11.8584,43.92,0,4,6,"Office Supplies","Appliances","West","Home Office","Standard Class"
1.4952,5.34,0,2,5,"Office Supplies","Art","East","Corporate","Standard Class"
29.95,119.8,0.2,5,2,"Technology","Accessories","West","Consumer","Second Class"
131.355,437.85,0,3,0,"Technology","Phones","East","Corporate","Same Day"
3.2064,6.68,0,1,0,"Office Supplies","Paper","West","Consumer","Same Day"
3.668,41.92,0.2,5,2,"Office Supplies","Storage","Central","Consumer","Second Class"
33.636,89.696,0.2,4,1,"Office Supplies","Binders","West","Corporate","First Class"
34.0704,212.94,0,3,1,"Furniture","Furnishings","Central","Consumer","First Class"
-1.049,83.92,0.2,5,4,"Office Supplies","Storage","South","Consumer","Second Class"
4.176,11.52,0.2,5,1,"Office Supplies","Labels","Central","Consumer","First Class"
46.602,129.45,0,5,6,"Technology","Accessories","West","Corporate","Standard Class"
2.64,8.448,0.2,2,7,"Office Supplies","Paper","Central","Corporate","Standard Class"
6.7008,13.96,0,2,4,"Furniture","Furnishings","East","Corporate","Standard Class"
6.8714,14.62,0,2,4,"Office Supplies","Labels","Central","Consumer","Standard Class"
310.9872,1295.78,0,2,4,"Office Supplies","Storage","West","Corporate","Second Class"
198.46,396.92,0,4,5,"Furniture","Furnishings","East","Consumer","Standard Class"
2.9568,8.448,0.2,2,6,"Office Supplies","Paper","Central","Corporate","Standard Class"
0.444,3.552,0.2,2,1,"Office Supplies","Appliances","East","Consumer","First Class"
-2.588,3.882,0.7,2,5,"Office Supplies","Binders","South","Consumer","Standard Class"
7.056,14.4,0,5,6,"Office Supplies","Binders","Central","Home Office","Standard Class"
8.3916,71.928,0.4,12,4,"Technology","Phones","East","Corporate","Second Class"
8.7672,26.976,0.2,4,4,"Office Supplies","Binders","West","Corporate","Standard Class"
8.694,18.9,0,3,2,"Office Supplies","Labels","West","Corporate","First Class"
29.7408,167.292,0.1,6,3,"Office Supplies","Appliances","Central","Corporate","First Class"
13.365,49.5,0,5,1,"Office Supplies","Supplies","West","Home Office","First Class"
38.396,383.96,0.2,5,5,"Technology","Phones","South","Home Office","Standard Class"
2.436,6.72,0.2,2,2,"Office Supplies","Paper","East","Corporate","First Class"
3.7412,7.96,0,2,2,"Office Supplies","Binders","East","Consumer","Second Class"
-331.96,398.352,0.7,8,2,"Office Supplies","Binders","South","Home Office","First Class"
1.8612,24.816,0.2,2,4,"Office Supplies","Storage","Central","Corporate","Second Class"
65.3256,580.672,0.2,4,4,"Office Supplies","Storage","South","Home Office","Standard Class"
0.438,10.95,0,1,0,"Technology","Phones","Central","Consumer","Same Day"
-120.513,177.225,0.5,5,5,"Furniture","Tables","West","Corporate","Standard Class"
2.808,8.32,0.2,5,3,"Office Supplies","Binders","West","Consumer","First Class"
1.1556,10.272,0.2,3,7,"Office Supplies","Art","East","Home Office","Standard Class"
15.525,34.5,0,3,5,"Office Supplies","Binders","South","Corporate","Standard Class"
16.5888,61.44,0,3,3,"Office Supplies","Appliances","Central","Consumer","First Class"
38.988,324.9,0,5,5,"Office Supplies","Storage","East","Consumer","Standard Class"
-14.475,19.3,0.6,5,5,"Furniture","Furnishings","Central","Consumer","Second Class"
11.7936,34.944,0.2,6,2,"Office Supplies","Binders","East","Corporate","First Class"
13.064,28.4,0,4,1,"Office Supplies","Binders","Central","Consumer","First Class"
30.0234,272.94,0,3,6,"Furniture","Furnishings","Central","Consumer","Standard Class"
27.735,88.752,0.2,3,6,"Office Supplies","Binders","West","Consumer","Standard Class"
-29.4368,147.184,0.2,2,6,"Office Supplies","Storage","South","Home Office","Standard Class"
2.19,7.3,0,2,0,"Office Supplies","Supplies","West","Consumer","Same Day"
3.7408,10.688,0.2,2,6,"Office Supplies","Paper","Central","Consumer","Standard Class"
-106.393,455.97,0.4,5,3,"Furniture","Tables","East","Home Office","First Class"
15.1158,71.98,0,2,2,"Technology","Accessories","West","Consumer","First Class"
-110.0232,366.744,0.3,4,4,"Furniture","Chairs","Central","Home Office","Standard Class"
2365.9818,9099.93,0,7,4,"Technology","Machines","East","Corporate","Standard Class"
11.3288,23.12,0,4,3,"Office Supplies","Paper","East","Consumer","First Class"
19.9665,177.48,0.2,3,0,"Technology","Phones","West","Home Office","Same Day"
0.8064,2.88,0,1,7,"Office Supplies","Art","East","Consumer","Standard Class"
86.25,345,0,5,5,"Technology","Phones","East","Consumer","Standard Class"
15.552,32.4,0,5,1,"Office Supplies","Paper","West","Consumer","First Class"
5.4801,48.712,0.2,1,1,"Furniture","Chairs","West","Consumer","First Class"
3.2214,9.912,0.2,3,3,"Office Supplies","Labels","South","Consumer","First Class"
9.3812,19.96,0,2,5,"Office Supplies","Binders","East","Consumer","Standard Class"
377.9946,1119.984,0.2,2,5,"Technology","Copiers","West","Consumer","Standard Class"
14.6157,33.99,0,3,5,"Office Supplies","Appliances","Central","Consumer","Second Class"
-7.0146,31.176,0.2,3,1,"Technology","Phones","West","Home Office","First Class"
33.2704,332.704,0.2,1,3,"Office Supplies","Storage","East","Corporate","First Class"
7.4,23.68,0.2,4,6,"Office Supplies","Paper","Central","Consumer","Standard Class"
-15.5904,77.952,0.2,3,6,"Office Supplies","Storage","Central","Home Office","Standard Class"
87.7443,186.69,0,3,4,"Office Supplies","Envelopes","West","Consumer","Standard Class"
49.8042,276.69,0,3,4,"Furniture","Furnishings","West","Consumer","Standard Class"
4.6812,9.96,0,2,3,"Office Supplies","Paper","East","Consumer","First Class"
3.2256,11.52,0,4,2,"Office Supplies","Art","West","Consumer","Second Class"
-85.2384,32.784,0.8,4,0,"Office Supplies","Appliances","Central","Consumer","Same Day"
41.2237,87.71,0,7,5,"Office Supplies","Labels","West","Consumer","Standard Class"
9.936,20.7,0,2,4,"Office Supplies","Labels","East","Corporate","Standard Class"
40.3536,115.296,0.2,3,5,"Office Supplies","Paper","South","Consumer","Standard Class"
31.198,249.584,0.2,2,4,"Technology","Phones","West","Home Office","Standard Class"
8.8608,27.264,0.2,2,6,"Office Supplies","Binders","West","Consumer","Standard Class"
1.5008,15.008,0.2,2,2,"Furniture","Furnishings","East","Consumer","Second Class"
34.182,113.94,0,3,4,"Office Supplies","Art","South","Corporate","Standard Class"
60.392,301.96,0,2,5,"Furniture","Bookcases","East","Home Office","Standard Class"
-23.548,13.456,0.8,1,4,"Office Supplies","Binders","Central","Home Office","Standard Class"
18.1764,302.94,0,3,6,"Furniture","Chairs","East","Consumer","Standard Class"
22.9068,84.84,0,3,4,"Office Supplies","Storage","West","Consumer","Second Class"
11.2752,31.104,0.2,6,5,"Office Supplies","Paper","Central","Corporate","Standard Class"
294.671,1133.35,0,5,2,"Furniture","Chairs","East","Corporate","Second Class"
3.6792,10.512,0.2,3,3,"Office Supplies","Binders","East","Consumer","Second Class"
13.2,42.24,0.2,10,4,"Office Supplies","Paper","Central","Corporate","Standard Class"
6.74,13.48,0,2,4,"Office Supplies","Paper","East","Consumer","Standard Class"
12.7008,36.288,0.2,7,6,"Office Supplies","Paper","Central","Corporate","Standard Class"
37.1812,106.232,0.2,7,5,"Office Supplies","Paper","West","Consumer","Standard Class"
-18.4624,25.176,0.7,4,4,"Office Supplies","Binders","East","Home Office","Standard Class"
1.2006,2.61,0,1,6,"Office Supplies","Labels","South","Consumer","Standard Class"
-49.4376,247.188,0.4,2,4,"Technology","Phones","East","Corporate","Standard Class"
-448.896,801.6,0.5,5,5,"Furniture","Tables","West","Consumer","Standard Class"
12.7008,25.92,0,4,7,"Office Supplies","Paper","South","Home Office","Standard Class"
5.7768,15.936,0.2,4,2,"Office Supplies","Paper","East","Consumer","Second Class"
71.772,717.72,0.2,3,2,"Furniture","Chairs","West","Corporate","First Class"
37.4144,101.12,0,8,7,"Furniture","Furnishings","West","Corporate","Standard Class"
12.2715,36.36,0.2,3,5,"Office Supplies","Binders","West","Corporate","Standard Class"
2.7192,108.768,0.2,4,4,"Technology","Accessories","Central","Consumer","Standard Class"
171.93,390.75,0,5,4,"Technology","Accessories","East","Consumer","Standard Class"
209.993,599.98,0,2,0,"Technology","Copiers","Central","Consumer","Same Day"
1.375,22,0.2,5,3,"Technology","Phones","South","Consumer","Second Class"
11.452,114.52,0,7,4,"Technology","Accessories","Central","Home Office","Standard Class"
5.6376,15.552,0.2,3,4,"Office Supplies","Paper","Central","Home Office","Second Class"
-68.1302,251.006,0.3,2,0,"Furniture","Tables","Central","Consumer","Same Day"
9.3312,19.44,0,3,3,"Office Supplies","Paper","West","Consumer","Second Class"
2.934,7.824,0.2,1,4,"Office Supplies","Envelopes","Central","Consumer","Second Class"
-6.445,51.56,0.2,5,5,"Technology","Accessories","East","Consumer","Standard Class"
1.5876,6.048,0.2,3,4,"Office Supplies","Art","East","Consumer","Standard Class"
6.132,17.52,0.2,5,2,"Office Supplies","Binders","East","Consumer","Second Class"
3.7128,11.424,0.2,1,5,"Office Supplies","Binders","East","Consumer","Second Class"
4.6764,38.97,0,3,2,"Furniture","Furnishings","East","Home Office","Second Class"
2.8536,9.84,0,3,2,"Office Supplies","Art","East","Consumer","Second Class"
15.743,125.944,0.2,7,3,"Technology","Phones","West","Consumer","First Class"
103.9992,1039.992,0.2,1,4,"Technology","Machines","West","Consumer","Standard Class"
20.1408,83.92,0,4,3,"Office Supplies","Storage","East","Corporate","First Class"
238.653,1325.85,0,5,5,"Office Supplies","Storage","West","Consumer","Standard Class"
-100.92,121.104,0.7,6,3,"Office Supplies","Binders","East","Consumer","Second Class"
8.983,449.15,0,5,5,"Office Supplies","Storage","West","Corporate","Second Class"
28.7904,95.968,0.2,4,4,"Technology","Accessories","East","Consumer","Standard Class"
15.49,49.568,0.2,2,4,"Office Supplies","Paper","East","Home Office","Standard Class"
105.297,842.376,0.2,3,7,"Furniture","Chairs","West","Home Office","Standard Class"
9.75,31.2,0.2,3,4,"Technology","Accessories","Central","Consumer","Standard Class"
7.196,71.96,0.2,5,4,"Office Supplies","Art","South","Consumer","Standard Class"
79.692,219.84,0.2,5,4,"Office Supplies","Paper","Central","Consumer","Second Class"
-16.5528,73.568,0.2,4,6,"Technology","Phones","South","Corporate","Standard Class"
-264.9208,836.592,0.4,8,4,"Furniture","Tables","East","Consumer","Standard Class"
16.7875,67.15,0,5,2,"Office Supplies","Storage","Central","Corporate","Second Class"
55.896,1117.92,0,4,7,"Office Supplies","Storage","West","Corporate","Standard Class"
1.9602,26.136,0.2,3,0,"Office Supplies","Appliances","East","Consumer","Same Day"
239.9058,2665.62,0,9,2,"Furniture","Tables","West","Consumer","Second Class"
0.7336,8.384,0.2,1,4,"Office Supplies","Storage","East","Corporate","Standard Class"
257.712,991.2,0,6,4,"Office Supplies","Storage","East","Consumer","Standard Class"
25.5968,127.984,0.2,2,2,"Technology","Accessories","East","Consumer","First Class"
43.8408,389.696,0.2,8,5,"Furniture","Chairs","South","Consumer","Standard Class"
-2.97,3.564,0.7,2,4,"Office Supplies","Binders","South","Consumer","Standard Class"
23.1093,68.472,0.2,3,2,"Office Supplies","Binders","East","Home Office","Second Class"
47.952,99.9,0,5,6,"Office Supplies","Paper","East","Home Office","Standard Class"
1.1996,95.968,0.2,4,6,"Technology","Accessories","Central","Corporate","Standard Class"
15.8631,55.176,0.2,3,5,"Technology","Accessories","East","Home Office","Standard Class"
3.185,10.192,0.2,7,4,"Office Supplies","Art","Central","Consumer","Standard Class"
171.9914,399.98,0,2,4,"Technology","Accessories","South","Consumer","Standard Class"
6.5,20.8,0.2,2,4,"Technology","Accessories","Central","Corporate","Second Class"
-149.9058,666.248,0.2,1,4,"Office Supplies","Supplies","East","Consumer","Standard Class"
83.9944,299.98,0,2,4,"Technology","Phones","Central","Consumer","Standard Class"
-42.4638,27.396,0.8,9,4,"Office Supplies","Binders","Central","Home Office","Standard Class"
8.694,24.84,0.2,3,4,"Office Supplies","Labels","East","Corporate","Standard Class"
2.9568,9.24,0,3,0,"Furniture","Furnishings","West","Corporate","Same Day"
179.1888,1023.936,0.2,8,4,"Technology","Accessories","West","Consumer","Standard Class"
81.432,180.96,0,2,4,"Office Supplies","Envelopes","Central","Consumer","Standard Class"
-6.549,589.41,0.1,5,2,"Furniture","Chairs","East","Home Office","First Class"
67.0644,257.94,0,3,5,"Furniture","Tables","Central","Home Office","Standard Class"
9.3312,19.44,0,3,4,"Office Supplies","Paper","South","Corporate","Standard Class"
25.2315,56.07,0,7,2,"Office Supplies","Paper","Central","Consumer","Second Class"
143.6288,512.96,0,4,4,"Furniture","Chairs","East","Corporate","Standard Class"
7.7035,24.85,0,5,3,"Furniture","Furnishings","West","Consumer","Second Class"
9.3296,19.04,0,4,6,"Office Supplies","Paper","East","Consumer","Standard Class"
6.398,18.28,0.2,5,4,"Office Supplies","Binders","East","Consumer","Standard Class"
-110.49,883.92,0.2,5,2,"Furniture","Bookcases","East","Consumer","First Class"
5.4144,11.52,0,4,4,"Office Supplies","Fasteners","East","Home Office","Standard Class"
5.8653,52.136,0.2,7,4,"Office Supplies","Supplies","South","Consumer","Standard Class"
76.6395,408.744,0.2,7,5,"Technology","Accessories","Central","Home Office","Standard Class"
3.4686,7.38,0,2,0,"Office Supplies","Labels","West","Consumer","Same Day"
5.056,15.8,0,4,5,"Office Supplies","Fasteners","East","Consumer","Standard Class"
-116.844,166.92,0.7,13,5,"Office Supplies","Binders","East","Corporate","Standard Class"
13.428,29.84,0,2,6,"Office Supplies","Binders","East","Home Office","Standard Class"
11.025,26.25,0,3,4,"Furniture","Furnishings","West","Home Office","Standard Class"
152.0883,350.973,0.1,3,6,"Technology","Machines","Central","Home Office","Standard Class"
5.6,16,0.2,4,6,"Office Supplies","Fasteners","Central","Corporate","Standard Class"
5.4432,15.552,0.2,3,7,"Office Supplies","Paper","South","Corporate","Standard Class"
4.6221,14.91,0,3,4,"Furniture","Furnishings","West","Corporate","Standard Class"
172.3384,662.84,0,4,5,"Office Supplies","Appliances","East","Consumer","Standard Class"
7.553,23.24,0.2,5,4,"Office Supplies","Binders","West","Home Office","Standard Class"
1.6116,21.488,0.2,2,4,"Office Supplies","Storage","Central","Corporate","Standard Class"
63.7536,175.872,0.2,4,2,"Office Supplies","Paper","Central","Corporate","Second Class"
68.198,1091.168,0.2,4,4,"Technology","Phones","West","Consumer","Standard Class"
23.028,230.28,0.2,3,5,"Furniture","Chairs","West","Corporate","Standard Class"
5.2029,11.07,0,3,3,"Office Supplies","Labels","East","Consumer","Second Class"
-10.336,6.08,0.8,1,5,"Office Supplies","Binders","Central","Consumer","Standard Class"
3.9072,52.096,0.2,4,2,"Office Supplies","Storage","Central","Corporate","First Class"
226.7946,3023.928,0.2,9,5,"Technology","Phones","West","Home Office","Standard Class"
63.107,286.85,0,1,2,"Furniture","Tables","West","Home Office","First Class"
84.0512,182.72,0,8,6,"Office Supplies","Paper","West","Corporate","Standard Class"
306.4894,1056.86,0,7,4,"Furniture","Chairs","South","Consumer","Standard Class"
17.253,38.34,0,3,4,"Office Supplies","Envelopes","Central","Home Office","Standard Class"
160.1766,696.42,0,2,4,"Furniture","Tables","West","Corporate","Standard Class"
1.7995,143.96,0.2,5,4,"Technology","Accessories","Central","Corporate","Standard Class"
7.2144,24.048,0.2,9,1,"Furniture","Furnishings","East","Consumer","First Class"
19.692,52.512,0.2,6,4,"Office Supplies","Envelopes","East","Corporate","Standard Class"
5.0274,44.688,0.2,7,7,"Office Supplies","Supplies","Central","Consumer","Standard Class"
28.7712,79.92,0,4,5,"Furniture","Furnishings","West","Consumer","Standard Class"
28.5984,79.44,0,3,7,"Furniture","Furnishings","West","Corporate","Standard Class"
-25.4772,127.386,0.3,2,5,"Furniture","Chairs","Central","Consumer","Standard Class"
34.1784,455.712,0.2,2,3,"Technology","Phones","West","Consumer","First Class"
-21.1068,28.782,0.7,6,7,"Office Supplies","Binders","South","Consumer","Standard Class"
19.176,63.92,0.2,2,4,"Technology","Accessories","East","Consumer","Standard Class"
-38.1114,24.588,0.8,3,6,"Office Supplies","Binders","Central","Consumer","Standard Class"
8.4966,17.34,0,3,4,"Office Supplies","Paper","Central","Consumer","Standard Class"
-14.8704,520.464,0.3,2,2,"Furniture","Chairs","Central","Consumer","First Class"
-3.8208,9.552,0.6,3,2,"Furniture","Furnishings","Central","Corporate","Second Class"
-24.858,1740.06,0.3,9,4,"Furniture","Chairs","Central","Consumer","Standard Class"
225.264,866.4,0,4,2,"Furniture","Chairs","South","Consumer","Second Class"
-2.6544,3.318,0.7,2,6,"Office Supplies","Binders","East","Consumer","Standard Class"
7.056,14.4,0,5,4,"Office Supplies","Labels","East","Corporate","Standard Class"
11.2476,69.216,0.2,6,4,"Office Supplies","Appliances","South","Consumer","Standard Class"
84.495,675.96,0.2,5,5,"Technology","Phones","West","Consumer","Standard Class"
10.2245,62.92,0.2,1,4,"Office Supplies","Appliances","South","Corporate","Standard Class"
3.246,43.28,0.2,1,5,"Office Supplies","Storage","East","Home Office","Standard Class"
247.996,1983.968,0.2,4,6,"Technology","Phones","West","Consumer","Standard Class"
-10.284,239.96,0.3,10,5,"Furniture","Chairs","East","Corporate","Standard Class"
83.5128,742.336,0.2,8,3,"Technology","Phones","West","Consumer","Second Class"
17.52,46.72,0.2,5,2,"Office Supplies","Envelopes","East","Consumer","Second Class"
5.484,14.624,0.2,2,2,"Office Supplies","Binders","East","Consumer","First Class"
3.14,10.048,0.2,4,4,"Office Supplies","Paper","East","Corporate","Standard Class"
56.1752,122.12,0,4,4,"Office Supplies","Labels","East","Consumer","Standard Class"
69.705,154.9,0,5,5,"Office Supplies","Paper","West","Consumer","Standard Class"
21.228,73.2,0,5,1,"Office Supplies","Art","South","Consumer","First Class"
-4.704,3.136,0.8,2,4,"Office Supplies","Binders","Central","Home Office","Standard Class"
5.6644,11.56,0,2,3,"Office Supplies","Paper","West","Consumer","Second Class"
12.53,25.06,0,7,4,"Office Supplies","Fasteners","South","Consumer","Standard Class"
-6.0324,8.226,0.7,3,0,"Office Supplies","Binders","West","Consumer","Same Day"
6.2208,12.96,0,2,4,"Office Supplies","Paper","West","Corporate","Standard Class"
-28.9674,128.744,0.2,7,4,"Technology","Phones","West","Consumer","Standard Class"
3.475,11.12,0.2,2,3,"Technology","Phones","Central","Consumer","First Class"
38.9975,623.96,0.2,5,3,"Technology","Phones","West","Corporate","Second Class"
91.968,191.6,0,4,0,"Office Supplies","Paper","South","Home Office","Same Day"
116.48,232.96,0,7,5,"Office Supplies","Binders","South","Corporate","Standard Class"
13.071,43.57,0,1,5,"Office Supplies","Storage","East","Home Office","Standard Class"
117.0104,900.08,0,4,2,"Office Supplies","Storage","East","Home Office","Second Class"
0.4641,5.304,0.2,3,4,"Office Supplies","Art","Central","Corporate","Standard Class"
11.3288,23.12,0,4,2,"Office Supplies","Paper","West","Home Office","Second Class"
18.1146,43.13,0,1,7,"Furniture","Furnishings","West","Corporate","Standard Class"
11.1132,22.68,0,2,4,"Office Supplies","Paper","East","Consumer","Second Class"
-13.6832,8.552,0.8,2,4,"Office Supplies","Binders","Central","Corporate","Second Class"
9.828,29.12,0.2,5,5,"Office Supplies","Binders","West","Home Office","Standard Class"
7.2576,20.736,0.2,4,6,"Office Supplies","Paper","Central","Home Office","Standard Class"
11.9412,38.52,0,9,2,"Office Supplies","Art","East","Corporate","Second Class"
-0.99,1.188,0.7,2,3,"Office Supplies","Binders","East","Corporate","First Class"
166.0698,638.73,0,9,5,"Office Supplies","Appliances","Central","Consumer","Standard Class"
0.8162,9.328,0.2,1,4,"Office Supplies","Art","Central","Corporate","Standard Class"
-12.9987,59.994,0.4,1,6,"Technology","Phones","East","Home Office","Standard Class"
23.7742,65.584,0.2,2,5,"Office Supplies","Paper","East","Corporate","Standard Class"
47.243,539.92,0.2,5,4,"Technology","Phones","West","Consumer","Standard Class"
15.552,32.4,0,5,5,"Office Supplies","Paper","West","Consumer","Standard Class"
6.6352,20.416,0.2,4,5,"Office Supplies","Binders","West","Corporate","Standard Class"
2.9302,5.98,0,1,3,"Office Supplies","Paper","West","Consumer","Second Class"
48.94,97.88,0,2,3,"Office Supplies","Paper","West","Corporate","Second Class"
1.5548,4.784,0.2,1,4,"Office Supplies","Binders","West","Home Office","Standard Class"
21.897,116.784,0.2,2,2,"Technology","Accessories","East","Home Office","First Class"
12.5118,29.79,0,3,6,"Office Supplies","Art","Central","Home Office","Standard Class"
-5.5338,7.218,0.7,3,3,"Office Supplies","Binders","East","Consumer","First Class"
-14.0928,17.616,0.7,4,7,"Office Supplies","Binders","South","Corporate","Standard Class"
-120.372,214.95,0.5,5,4,"Furniture","Tables","Central","Consumer","Standard Class"
14.4096,60.672,0.2,2,4,"Office Supplies","Appliances","West","Corporate","Standard Class"
-21.1596,28.854,0.7,6,2,"Office Supplies","Binders","South","Corporate","First Class"
1.7248,4.928,0.2,2,4,"Office Supplies","Labels","South","Consumer","Standard Class"
0.897,14.352,0.2,3,5,"Office Supplies","Art","East","Consumer","Standard Class"
0,454.9,0,5,5,"Office Supplies","Storage","East","Consumer","Standard Class"
2.8322,5.78,0,1,4,"Office Supplies","Paper","South","Corporate","Standard Class"
83.868,289.2,0,6,5,"Office Supplies","Art","East","Home Office","Standard Class"
-5.6007,8.001,0.7,7,4,"Office Supplies","Binders","East","Consumer","Standard Class"
0,241.5,0.3,4,7,"Furniture","Chairs","Central","Corporate","Standard Class"
4.1944,14.98,0,1,4,"Office Supplies","Storage","West","Corporate","Standard Class"
36.4044,79.14,0,3,2,"Office Supplies","Paper","South","Consumer","First Class"
92.97,464.85,0,9,4,"Furniture","Furnishings","West","Consumer","Standard Class"
19.0848,72.704,0.2,4,3,"Furniture","Furnishings","East","Consumer","First Class"
15.1116,53.97,0,3,5,"Office Supplies","Art","West","Corporate","Standard Class"
1.8011,5.81,0,1,3,"Office Supplies","Fasteners","Central","Consumer","First Class"
27.248,83.84,0.2,2,3,"Office Supplies","Binders","West","Consumer","Second Class"
16.3352,46.672,0.2,2,3,"Office Supplies","Binders","West","Consumer","First Class"
-4.0128,6.688,0.6,4,1,"Furniture","Furnishings","Central","Consumer","Same Day"
3.8976,12.18,0,7,3,"Furniture","Furnishings","West","Corporate","First Class"
-58.3056,259.136,0.2,4,5,"Office Supplies","Storage","Central","Consumer","Standard Class"
83.2097,229.544,0.2,7,5,"Office Supplies","Paper","East","Corporate","Standard Class"
29.4372,113.22,0,3,5,"Office Supplies","Art","West","Home Office","Second Class"
88.1804,251.944,0.2,7,2,"Technology","Phones","Central","Home Office","First Class"
17.9982,239.976,0.2,3,7,"Technology","Phones","South","Home Office","Standard Class"
28.1372,321.568,0.2,2,5,"Furniture","Chairs","West","Corporate","Standard Class"
3.462,11.54,0,2,4,"Furniture","Furnishings","East","Corporate","Standard Class"
17.99,71.96,0,2,7,"Office Supplies","Art","East","Consumer","Standard Class"
54.8604,111.96,0,2,5,"Office Supplies","Paper","West","Consumer","Standard Class"
4.3584,43.584,0.2,1,5,"Office Supplies","Appliances","South","Consumer","Standard Class"
36.1827,134.01,0,9,7,"Furniture","Furnishings","West","Consumer","Standard Class"
4.7724,238.62,0,2,6,"Office Supplies","Supplies","West","Corporate","Standard Class"
13.896,37.056,0.2,3,4,"Office Supplies","Binders","West","Home Office","Standard Class"
2.9145,8.04,0.2,5,2,"Office Supplies","Fasteners","East","Corporate","First Class"
6.253,16.9,0,5,5,"Office Supplies","Art","West","Consumer","Standard Class"
-935.9595,652.995,0.7,7,2,"Technology","Machines","East","Corporate","First Class"
8.8624,24.448,0.2,4,4,"Office Supplies","Envelopes","South","Consumer","Standard Class"
33.5888,119.96,0,4,1,"Technology","Phones","East","Consumer","First Class"
-147.8655,328.59,0.4,3,3,"Furniture","Tables","South","Corporate","First Class"
3.1752,11.76,0,4,4,"Office Supplies","Art","West","Corporate","Standard Class"
8.2782,73.584,0.2,2,2,"Technology","Phones","West","Home Office","Second Class"
-3.94,7.88,0.6,5,0,"Furniture","Furnishings","Central","Consumer","Same Day"
1.5444,154.44,0,3,0,"Office Supplies","Storage","South","Home Office","Same Day"
-227.4912,853.092,0.4,6,4,"Furniture","Tables","East","Consumer","Standard Class"
11.68,23.36,0,2,4,"Office Supplies","Envelopes","East","Corporate","Second Class"
47.844,141.76,0.2,5,6,"Office Supplies","Paper","West","Consumer","Standard Class"
21.5988,359.98,0,2,4,"Technology","Accessories","West","Corporate","Second Class"
0,489.92,0,8,5,"Office Supplies","Storage","South","Home Office","Standard Class"
28.0032,58.34,0,2,0,"Office Supplies","Binders","South","Consumer","Same Day"
-2.2896,2.862,0.7,3,5,"Office Supplies","Binders","East","Corporate","Standard Class"
17.5344,53.952,0.2,3,2,"Office Supplies","Paper","Central","Consumer","Second Class"
3.549,70.98,0,1,2,"Office Supplies","Storage","East","Home Office","First Class"
62.4,160,0,8,4,"Technology","Accessories","Central","Corporate","Standard Class"
13.1572,93.98,0,2,5,"Technology","Accessories","West","Consumer","Standard Class"
-23.8855,31.155,0.7,5,6,"Office Supplies","Binders","East","Home Office","Standard Class"
4.6284,12.768,0.2,6,3,"Office Supplies","Envelopes","West","Corporate","First Class"
3.21,10.272,0.2,3,2,"Office Supplies","Paper","South","Consumer","Second Class"
257.9871,599.97,0,3,5,"Technology","Accessories","South","Home Office","Second Class"
134.652,274.8,0,5,6,"Office Supplies","Paper","East","Consumer","Standard Class"
1.0731,12.264,0.2,7,4,"Office Supplies","Art","South","Consumer","Standard Class"
22.4808,62.016,0.2,2,3,"Office Supplies","Paper","Central","Consumer","Second Class"
-131.12,52.448,0.8,2,5,"Office Supplies","Appliances","Central","Corporate","Standard Class"
3.3544,9.584,0.2,1,5,"Office Supplies","Binders","West","Consumer","Standard Class"
2.388,6.368,0.2,2,4,"Office Supplies","Paper","West","Consumer","Standard Class"
8.49,16.98,0,1,6,"Office Supplies","Envelopes","East","Home Office","Standard Class"
11.586,231.72,0,2,6,"Office Supplies","Supplies","South","Consumer","Standard Class"
-363.528,242.352,0.7,8,4,"Furniture","Bookcases","West","Corporate","Standard Class"
4.6956,18.06,0,7,4,"Office Supplies","Art","West","Corporate","Second Class"
90.9762,1039.728,0.2,2,0,"Technology","Phones","West","Corporate","Same Day"
5.733,12.74,0,7,7,"Office Supplies","Art","West","Home Office","Standard Class"
31.4895,149.95,0,5,4,"Technology","Accessories","West","Corporate","Second Class"
49.8042,276.69,0,3,2,"Furniture","Furnishings","East","Consumer","Second Class"
78.9516,281.97,0,3,5,"Technology","Phones","Central","Consumer","Standard Class"
4.672,37.376,0.2,8,0,"Office Supplies","Art","East","Consumer","Same Day"
700.98,3504.9,0,5,2,"Furniture","Chairs","Central","Corporate","Second Class"
56.7864,157.74,0,11,4,"Furniture","Furnishings","Central","Consumer","Standard Class"
17.524,67.4,0,5,4,"Office Supplies","Storage","East","Home Office","Standard Class"
36.4776,486.368,0.2,4,6,"Furniture","Tables","West","Consumer","Standard Class"
6.2192,13.52,0,4,4,"Office Supplies","Paper","East","Consumer","Standard Class"
-1.8585,2.655,0.7,1,7,"Office Supplies","Binders","East","Corporate","Standard Class"
8.2764,110.352,0.2,3,5,"Technology","Phones","West","Corporate","Standard Class"
26.8744,307.136,0.2,4,4,"Furniture","Chairs","West","Corporate","Standard Class"
511.368,1704.56,0,13,6,"Office Supplies","Appliances","East","Consumer","Standard Class"
274.995,549.99,0,1,4,"Technology","Copiers","Central","Home Office","Standard Class"
3.852,8.56,0,2,7,"Office Supplies","Paper","West","Corporate","Standard Class"
26.388,70.368,0.2,4,7,"Office Supplies","Binders","East","Consumer","Standard Class"
74.9985,899.982,0.4,3,5,"Technology","Copiers","East","Corporate","Standard Class"
13.846,79.12,0.2,5,3,"Furniture","Furnishings","East","Consumer","First Class"
4.3296,13.12,0,4,4,"Office Supplies","Art","West","Home Office","Standard Class"
45.84,146.688,0.2,8,5,"Office Supplies","Binders","East","Corporate","Standard Class"
-25.2185,16.27,0.8,5,6,"Office Supplies","Binders","Central","Home Office","Standard Class"
6.615,14.7,0,5,4,"Office Supplies","Art","West","Consumer","Standard Class"
8.2056,50.496,0.2,6,5,"Furniture","Furnishings","South","Corporate","Standard Class"
6.5052,25.02,0,3,7,"Office Supplies","Supplies","East","Consumer","Standard Class"
42.9914,99.98,0,2,4,"Technology","Accessories","East","Corporate","Standard Class"
0.1134,5.67,0,3,0,"Office Supplies","Fasteners","West","Home Office","Same Day"
10.8864,31.104,0.2,6,5,"Office Supplies","Paper","South","Corporate","Standard Class"
17.908,71.632,0.2,11,2,"Office Supplies","Art","West","Corporate","Second Class"
98.4802,1125.488,0.2,7,0,"Furniture","Chairs","South","Consumer","Same Day"
3.72,14.88,0,2,7,"Office Supplies","Art","West","Consumer","Standard Class"
0,145.568,0.2,2,5,"Furniture","Chairs","West","Consumer","Second Class"
4.8118,9.82,0,2,2,"Office Supplies","Labels","East","Home Office","First Class"
9.6048,20.88,0,8,7,"Office Supplies","Labels","West","Home Office","Standard Class"
-619.596,2065.32,0.4,12,4,"Furniture","Tables","East","Home Office","Standard Class"
6.768,112.8,0,6,5,"Technology","Accessories","Central","Consumer","Second Class"
13.452,35.4,0,5,5,"Office Supplies","Art","West","Consumer","Standard Class"
15.5961,95.976,0.2,3,4,"Technology","Accessories","South","Consumer","Standard Class"
5.1042,10.86,0,3,4,"Office Supplies","Envelopes","West","Consumer","Standard Class"
1.8144,5.184,0.2,1,4,"Office Supplies","Paper","Central","Corporate","Standard Class"
71.2692,263.96,0,4,2,"Technology","Phones","East","Consumer","First Class"
11.4452,44.02,0,2,4,"Office Supplies","Art","West","Home Office","Standard Class"
5.6316,34.656,0.2,2,5,"Office Supplies","Appliances","East","Consumer","Standard Class"
-73.0548,449.568,0.2,2,7,"Furniture","Chairs","West","Home Office","Standard Class"
5.8604,11.96,0,2,7,"Office Supplies","Paper","West","Corporate","Standard Class"
5.4432,15.552,0.2,3,4,"Office Supplies","Paper","Central","Corporate","Second Class"
8.802,23.472,0.2,3,5,"Office Supplies","Envelopes","West","Consumer","Standard Class"
-427.45,341.96,0.6,5,5,"Furniture","Furnishings","Central","Corporate","Second Class"
42.1314,91.59,0,3,5,"Office Supplies","Labels","East","Consumer","Standard Class"
-46.592,69.888,0.7,7,4,"Office Supplies","Binders","East","Home Office","Standard Class"
28.4364,568.728,0.2,3,1,"Furniture","Tables","West","Consumer","First Class"
21.7728,45.36,0,7,5,"Office Supplies","Paper","West","Home Office","Second Class"
1.512,3.15,0,1,6,"Office Supplies","Labels","East","Consumer","Standard Class"
14.2992,63.552,0.2,3,4,"Furniture","Furnishings","South","Corporate","Standard Class"
58.65,345,0,5,5,"Technology","Accessories","West","Home Office","Standard Class"
3.6348,13.98,0,1,4,"Office Supplies","Supplies","West","Corporate","Standard Class"
29.0136,82.896,0.2,3,4,"Office Supplies","Binders","West","Home Office","Standard Class"
7.4872,15.28,0,2,0,"Office Supplies","Envelopes","West","Home Office","Same Day"
3.6288,10.368,0.2,2,6,"Office Supplies","Paper","East","Consumer","Standard Class"
8.8088,54.208,0.2,14,7,"Office Supplies","Art","Central","Consumer","Standard Class"
63.4368,226.56,0,6,3,"Office Supplies","Storage","East","Consumer","First Class"
4.0542,13.98,0,1,6,"Office Supplies","Storage","Central","Consumer","Standard Class"
5.07,16.9,0,2,5,"Office Supplies","Supplies","Central","Consumer","Standard Class"
0.0792,3.96,0,2,3,"Office Supplies","Fasteners","West","Consumer","First Class"
163.1898,479.97,0,3,7,"Technology","Accessories","Central","Consumer","Standard Class"
2.128,12.16,0.2,5,7,"Office Supplies","Art","Central","Corporate","Standard Class"
18.4772,211.168,0.2,4,7,"Technology","Phones","West","Consumer","Standard Class"
1.962,26.16,0.2,3,6,"Office Supplies","Storage","South","Consumer","Standard Class"
21.9975,104.75,0,5,5,"Technology","Accessories","West","Home Office","Standard Class"
-9.88,24.7,0.6,5,4,"Furniture","Furnishings","Central","Home Office","Standard Class"
50.4426,173.94,0,6,5,"Technology","Phones","South","Consumer","Second Class"
69.6762,302.94,0,3,6,"Furniture","Bookcases","South","Consumer","Standard Class"
20.7459,237.096,0.2,3,4,"Office Supplies","Storage","West","Consumer","Standard Class"
6.048,12.6,0,4,5,"Office Supplies","Labels","East","Consumer","Standard Class"
5.1465,10.95,0,3,4,"Office Supplies","Paper","East","Corporate","Standard Class"
12.99,51.96,0,2,2,"Furniture","Chairs","South","Consumer","Second Class"
-19.2588,674.058,0.3,3,2,"Furniture","Chairs","Central","Corporate","Second Class"
-3.2436,1.908,0.8,3,5,"Office Supplies","Binders","Central","Consumer","Standard Class"
50.4063,149.352,0.2,3,6,"Office Supplies","Envelopes","Central","Corporate","Standard Class"
11.1176,42.76,0,1,6,"Office Supplies","Storage","West","Corporate","Standard Class"
11.592,33.12,0.2,4,4,"Office Supplies","Labels","Central","Corporate","Standard Class"
1.2348,14.112,0.2,6,4,"Office Supplies","Art","Central","Consumer","Standard Class"
1.6712,83.56,0,4,4,"Office Supplies","Storage","East","Home Office","Standard Class"
109.7208,223.92,0,4,2,"Office Supplies","Paper","West","Home Office","Second Class"
18.2112,37.94,0,2,2,"Office Supplies","Paper","East","Corporate","First Class"
-21.3264,124.404,0.3,4,4,"Furniture","Tables","Central","Consumer","Standard Class"
-21.4236,107.118,0.4,3,5,"Technology","Phones","East","Corporate","Standard Class"
3.4048,19.456,0.2,4,4,"Office Supplies","Art","South","Consumer","Standard Class"
28.217,97.3,0,7,7,"Office Supplies","Supplies","West","Consumer","Standard Class"
71.162,376.74,0.1,4,4,"Office Supplies","Appliances","Central","Consumer","Standard Class"
55.3896,131.88,0,7,2,"Furniture","Furnishings","West","Corporate","First Class"
3.462,11.54,0,1,3,"Technology","Accessories","West","Consumer","First Class"
-18.585,247.8,0.2,5,6,"Technology","Accessories","South","Consumer","Standard Class"
1.8672,3.89,0,1,1,"Office Supplies","Binders","South","Consumer","First Class"
-149.6307,472.518,0.4,3,4,"Furniture","Tables","South","Consumer","Standard Class"
1.148,9.184,0.2,2,2,"Office Supplies","Supplies","East","Consumer","Second Class"
19.2384,40.08,0,6,5,"Office Supplies","Paper","East","Home Office","Second Class"
1.764,5.04,0.2,2,7,"Office Supplies","Labels","East","Consumer","Standard Class"
18.9702,70.26,0,3,5,"Office Supplies","Storage","East","Corporate","Standard Class"
56.511,209.3,0,2,6,"Office Supplies","Appliances","Central","Home Office","Standard Class"
9.816,98.16,0,6,4,"Technology","Accessories","Central","Corporate","Standard Class"
-0.3488,1.744,0.2,1,2,"Office Supplies","Supplies","Central","Consumer","Second Class"
4.3296,43.296,0.2,2,5,"Furniture","Furnishings","East","Consumer","Standard Class"
29.1456,80.96,0,4,2,"Furniture","Furnishings","West","Consumer","Second Class"
9.9652,113.888,0.2,2,0,"Furniture","Chairs","West","Home Office","Same Day"
1.9926,5.904,0.2,2,5,"Office Supplies","Labels","East","Consumer","Standard Class"
29.1528,242.94,0,3,2,"Furniture","Chairs","Central","Consumer","Second Class"
3.6588,48.784,0.2,1,5,"Office Supplies","Appliances","South","Corporate","Standard Class"
-35.9928,239.952,0.2,6,1,"Technology","Accessories","West","Corporate","First Class"
-10.3124,14.224,0.6,2,4,"Furniture","Furnishings","Central","Home Office","Second Class"
-17.4588,698.352,0.2,3,5,"Furniture","Tables","West","Corporate","Standard Class"
0.4356,0.99,0,1,2,"Technology","Accessories","West","Home Office","First Class"
8.2992,31.92,0,4,2,"Office Supplies","Storage","West","Consumer","First Class"
26.544,66.36,0,7,2,"Furniture","Furnishings","West","Consumer","Second Class"
1.1946,3.62,0,2,4,"Office Supplies","Fasteners","South","Home Office","Second Class"
1.2585,20.136,0.2,3,4,"Office Supplies","Appliances","East","Corporate","Standard Class"
15.777,52.59,0,3,6,"Office Supplies","Supplies","Central","Corporate","Standard Class"
3.6784,36.784,0.2,2,0,"Office Supplies","Art","Central","Home Office","Same Day"
53.0439,182.91,0,3,3,"Office Supplies","Appliances","South","Consumer","First Class"
9.072,25.92,0.2,5,4,"Office Supplies","Paper","West","Consumer","Second Class"
20.163,77.55,0,5,5,"Office Supplies","Storage","East","Corporate","Standard Class"
7.371,16.38,0,9,7,"Office Supplies","Art","East","Consumer","Standard Class"
224.424,1496.16,0,9,4,"Technology","Accessories","West","Corporate","Standard Class"
-14.9877,399.672,0.2,7,5,"Furniture","Tables","West","Corporate","Standard Class"
0.8058,10.744,0.2,1,5,"Office Supplies","Storage","West","Consumer","Standard Class"
0.5904,5.248,0.2,2,2,"Office Supplies","Art","South","Corporate","Second Class"
14.5236,34.58,0,7,6,"Furniture","Furnishings","Central","Corporate","Standard Class"
6.255,20.016,0.2,3,6,"Office Supplies","Paper","Central","Corporate","Standard Class"
3.5048,13.48,0,1,2,"Office Supplies","Storage","Central","Consumer","Second Class"
35.6796,209.88,0,3,4,"Furniture","Furnishings","West","Corporate","Second Class"
20.4525,60.6,0.2,5,4,"Office Supplies","Binders","East","Consumer","Standard Class"
1061.5722,3266.376,0.2,3,4,"Office Supplies","Binders","West","Consumer","Standard Class"
81.1734,368.97,0,3,5,"Furniture","Chairs","Central","Corporate","Standard Class"
15.0864,35.92,0,4,5,"Furniture","Furnishings","East","Consumer","Standard Class"
19.9665,177.48,0.2,3,6,"Technology","Phones","West","Consumer","Standard Class"
-47.0583,366.009,0.3,3,5,"Furniture","Tables","East","Consumer","Second Class"
76.6395,408.744,0.2,7,6,"Technology","Accessories","South","Home Office","Standard Class"
-25.056,31.32,0.7,10,6,"Office Supplies","Binders","West","Consumer","Standard Class"
0.679,67.9,0,5,5,"Office Supplies","Storage","South","Corporate","Standard Class"
206.6232,590.352,0.2,6,4,"Office Supplies","Binders","East","Corporate","Standard Class"
-20.6964,293.199,0.15,3,4,"Furniture","Bookcases","West","Consumer","Standard Class"
8.8176,20.04,0,6,5,"Furniture","Furnishings","West","Home Office","Standard Class"
5.2884,16.272,0.2,3,3,"Office Supplies","Paper","South","Consumer","Second Class"
26.901,54.9,0,5,5,"Office Supplies","Envelopes","West","Consumer","Standard Class"
11.1384,34.272,0.2,3,5,"Office Supplies","Binders","West","Consumer","Standard Class"
13.7646,122.352,0.2,3,0,"Furniture","Chairs","West","Home Office","Same Day"
17.238,132.6,0,6,2,"Technology","Accessories","East","Consumer","Second Class"
21.2724,111.96,0,4,5,"Technology","Accessories","West","Corporate","Second Class"
-9.7608,12.201,0.7,7,3,"Office Supplies","Binders","East","Home Office","Second Class"
2.9568,6.16,0,2,5,"Furniture","Furnishings","Central","Corporate","Standard Class"
10.3896,39.96,0,4,6,"Technology","Phones","East","Consumer","Standard Class"
4.0098,9.78,0,2,5,"Office Supplies","Art","West","Corporate","Standard Class"
-1480.0335,896.99,0.8,5,4,"Office Supplies","Binders","Central","Consumer","Standard Class"
5.0112,17.28,0,6,6,"Office Supplies","Art","East","Home Office","Standard Class"
5.135,19.75,0,5,2,"Office Supplies","Appliances","Central","Consumer","Second Class"
-76.9972,329.988,0.4,2,7,"Technology","Phones","East","Consumer","Standard Class"
4.0473,26.982,0.4,3,2,"Technology","Phones","East","Consumer","Second Class"
34.3548,572.58,0,6,2,"Office Supplies","Storage","South","Corporate","Second Class"
222.588,1112.94,0,3,0,"Office Supplies","Storage","West","Home Office","Same Day"
-97.2312,300.5328,0.32,2,5,"Furniture","Bookcases","Central","Home Office","Standard Class"
1.9089,9.09,0,3,4,"Technology","Accessories","West","Consumer","Standard Class"
582.232,2079.4,0,5,6,"Office Supplies","Storage","East","Home Office","Standard Class"
35.9964,319.968,0.2,4,2,"Technology","Phones","West","Consumer","Second Class"
2.4598,221.382,0.1,2,4,"Furniture","Chairs","East","Corporate","Standard Class"
-15.44,23.16,0.7,5,2,"Office Supplies","Binders","East","Corporate","Second Class"
3.6288,10.368,0.2,2,0,"Office Supplies","Paper","Central","Consumer","Same Day"
23.55,94.2,0,6,3,"Office Supplies","Storage","Central","Consumer","Second Class"
-7.7728,155.456,0.2,4,2,"Furniture","Bookcases","South","Consumer","Second Class"
4.1448,15.072,0.2,3,6,"Furniture","Furnishings","East","Corporate","Standard Class"
8.7735,140.376,0.2,3,2,"Technology","Phones","West","Consumer","Second Class"
20.7312,43.19,0,7,4,"Office Supplies","Binders","Central","Home Office","Second Class"
37.5624,79.92,0,4,4,"Office Supplies","Paper","East","Consumer","Standard Class"
327.5922,1259.97,0,3,2,"Technology","Phones","East","Consumer","First Class"
25.792,99.2,0,5,2,"Office Supplies","Art","West","Consumer","First Class"
38.15,76.3,0,5,3,"Office Supplies","Binders","South","Corporate","Second Class"
-48.4704,141.372,0.3,2,4,"Furniture","Chairs","East","Corporate","Standard Class"
20.1584,201.584,0.2,2,4,"Technology","Phones","West","Corporate","Standard Class"
0,828.84,0,6,5,"Office Supplies","Storage","South","Corporate","Standard Class"
2.64,8.448,0.2,2,2,"Office Supplies","Paper","West","Consumer","First Class"
4.7976,127.936,0.2,8,1,"Furniture","Furnishings","East","Consumer","First Class"
2.6973,7.992,0.2,1,0,"Technology","Phones","West","Home Office","Same Day"
0.8382,11.176,0.2,1,6,"Office Supplies","Appliances","West","Corporate","Standard Class"
-11.8256,49.792,0.2,8,5,"Office Supplies","Fasteners","West","Home Office","Standard Class"
13.4316,38.376,0.2,3,6,"Office Supplies","Binders","West","Consumer","Standard Class"
7.3132,15.56,0,2,4,"Office Supplies","Envelopes","West","Consumer","Standard Class"
-3.504,17.52,0.2,2,2,"Technology","Phones","West","Home Office","First Class"
39.8736,122.688,0.2,9,0,"Office Supplies","Binders","West","Consumer","Same Day"
9.5448,477.24,0,4,2,"Office Supplies","Supplies","South","Corporate","First Class"
5.319,23.64,0.2,3,5,"Office Supplies","Art","Central","Consumer","Standard Class"
2.679,5.7,0,5,0,"Office Supplies","Fasteners","West","Consumer","Same Day"
31.2444,94.68,0,9,4,"Furniture","Furnishings","West","Consumer","Standard Class"
6.2016,18.24,0,3,4,"Office Supplies","Art","West","Home Office","Standard Class"
-21.808,763.28,0.3,5,3,"Furniture","Chairs","Central","Consumer","First Class"
-9.7972,41.988,0.4,2,5,"Technology","Phones","East","Home Office","Standard Class"
-31.3722,244.006,0.3,2,5,"Furniture","Tables","Central","Consumer","Standard Class"
-26.1696,32.712,0.6,2,2,"Furniture","Furnishings","Central","Consumer","Second Class"
3.9424,11.264,0.2,8,4,"Office Supplies","Art","Central","Home Office","Second Class"
4.176,11.52,0.2,5,4,"Office Supplies","Labels","Central","Consumer","Standard Class"
10.518,35.06,0,2,4,"Office Supplies","Supplies","South","Home Office","Standard Class"
561.564,1871.88,0,12,5,"Technology","Phones","South","Consumer","Standard Class"
-24.1026,35.445,0.5,1,7,"Furniture","Tables","West","Corporate","Standard Class"
-164.836,94.192,0.8,7,3,"Office Supplies","Binders","Central","Corporate","Second Class"
34.2925,118.25,0,5,5,"Office Supplies","Storage","South","Consumer","Second Class"
1.668,6.672,0.2,3,6,"Office Supplies","Art","South","Consumer","Standard Class"
1.773,7.88,0.2,1,3,"Office Supplies","Art","West","Consumer","First Class"
41.68,166.72,0,2,6,"Office Supplies","Storage","East","Consumer","Standard Class"
18.447,70.95,0,3,4,"Office Supplies","Art","West","Corporate","Second Class"
6.0736,23.36,0,4,5,"Office Supplies","Art","West","Home Office","Standard Class"
111.591,619.95,0,5,3,"Technology","Accessories","Central","Corporate","Second Class"
10.7136,22.32,0,4,3,"Office Supplies","Binders","South","Consumer","First Class"
23.9904,70.56,0,6,4,"Furniture","Furnishings","West","Corporate","Standard Class"
10.5,35,0,4,5,"Office Supplies","Art","East","Consumer","Standard Class"
3.3312,16.656,0.2,3,4,"Office Supplies","Art","East","Home Office","Standard Class"
20.6336,79.36,0,4,2,"Office Supplies","Art","Central","Home Office","Second Class"
4.752,12.672,0.2,2,7,"Office Supplies","Binders","West","Corporate","Standard Class"
14.8,29.6,0,2,6,"Office Supplies","Labels","West","Consumer","Standard Class"
21.792,72.64,0,2,6,"Technology","Accessories","West","Consumer","Standard Class"
158.7519,587.97,0,3,4,"Technology","Phones","Central","Corporate","Standard Class"
28.7952,191.968,0.2,4,4,"Technology","Accessories","Central","Consumer","Standard Class"
307.1448,1059.12,0,4,5,"Furniture","Chairs","South","Corporate","Standard Class"
371.316,843.9,0,2,5,"Technology","Accessories","East","Consumer","Standard Class"
659.98,1649.95,0,5,3,"Technology","Accessories","West","Consumer","First Class"
27.2412,57.96,0,7,6,"Office Supplies","Envelopes","East","Corporate","Standard Class"
8.5845,137.352,0.2,3,6,"Office Supplies","Storage","Central","Consumer","Standard Class"
9.072,25.92,0.2,6,5,"Office Supplies","Binders","East","Consumer","Standard Class"
34.47,114.9,0,5,5,"Office Supplies","Appliances","West","Consumer","Standard Class"
18.2525,58.408,0.2,7,0,"Office Supplies","Binders","East","Home Office","Same Day"
162,450,0,5,4,"Technology","Accessories","West","Home Office","Standard Class"
-110.7645,174.0585,0.45,3,4,"Furniture","Tables","South","Consumer","Second Class"
-22.6716,129.552,0.2,3,4,"Office Supplies","Storage","Central","Consumer","Standard Class"
-199.617,302.45,0.5,5,5,"Furniture","Bookcases","East","Corporate","Standard Class"
2.5452,12.12,0,4,6,"Technology","Accessories","Central","Home Office","Standard Class"
17.6673,37.59,0,3,6,"Office Supplies","Labels","Central","Home Office","Standard Class"
102.9528,915.136,0.2,4,5,"Furniture","Chairs","West","Home Office","Second Class"
89.9548,276.784,0.2,2,5,"Office Supplies","Binders","West","Corporate","Standard Class"
11.206,43.1,0,5,7,"Office Supplies","Appliances","West","Consumer","Standard Class"
4.6746,53.424,0.2,3,6,"Office Supplies","Storage","Central","Consumer","Standard Class"
-1.3566,1.938,0.7,2,6,"Office Supplies","Binders","West","Corporate","Standard Class"
31.47,83.92,0.2,5,5,"Office Supplies","Binders","West","Corporate","Second Class"
12.7008,36.288,0.2,7,5,"Office Supplies","Paper","Central","Consumer","Standard Class"
-9.1845,36.738,0.4,1,4,"Technology","Phones","East","Corporate","Standard Class"
3.7596,11.568,0.2,3,7,"Office Supplies","Binders","East","Corporate","Standard Class"
-124.431,458.43,0.3,5,4,"Furniture","Chairs","East","Home Office","Standard Class"
53.8608,109.92,0,2,0,"Office Supplies","Paper","West","Corporate","Same Day"
16.8544,337.088,0.2,4,5,"Furniture","Furnishings","South","Consumer","Standard Class"
18.8937,89.97,0,3,5,"Technology","Accessories","East","Consumer","Standard Class"
25.4384,97.84,0,2,3,"Office Supplies","Appliances","West","Consumer","First Class"
-8.532,22.752,0.6,6,1,"Furniture","Furnishings","Central","Corporate","First Class"
4.0749,8.67,0,3,4,"Office Supplies","Labels","West","Corporate","Standard Class"
3.9498,10.896,0.2,3,7,"Office Supplies","Binders","East","Consumer","Standard Class"
1.0044,13.392,0.2,3,2,"Office Supplies","Storage","East","Consumer","First Class"
52.3764,698.352,0.2,3,5,"Furniture","Chairs","West","Consumer","Standard Class"
5.5566,20.58,0,7,3,"Office Supplies","Art","Central","Corporate","Second Class"
3.1248,8.928,0.2,2,4,"Office Supplies","Binders","West","Corporate","Standard Class"
8.0991,80.991,0.1,1,6,"Furniture","Chairs","East","Consumer","Standard Class"
23.8581,48.69,0,9,7,"Office Supplies","Envelopes","South","Consumer","Standard Class"
-12.9168,16.146,0.7,9,4,"Office Supplies","Binders","South","Corporate","Standard Class"
19.435,62.192,0.2,13,6,"Office Supplies","Paper","South","Corporate","Standard Class"
-56.448,241.92,0.4,4,5,"Furniture","Tables","East","Corporate","Standard Class"
4.2048,8.76,0,2,1,"Office Supplies","Binders","Central","Home Office","First Class"
-56.996,797.944,0.3,4,4,"Furniture","Chairs","Central","Consumer","Standard Class"
2.5578,8.82,0,3,7,"Office Supplies","Art","West","Corporate","Standard Class"
21.7845,46.35,0,5,6,"Office Supplies","Paper","East","Home Office","Standard Class"
25.1496,89.82,0,6,0,"Office Supplies","Storage","East","Corporate","Same Day"
197.353,419.9,0,5,5,"Office Supplies","Envelopes","West","Corporate","Standard Class"
-12.8784,273.666,0.15,2,6,"Furniture","Bookcases","West","Corporate","Standard Class"
44.985,149.95,0,5,5,"Technology","Phones","Central","Corporate","Standard Class"
23.028,230.28,0.2,3,6,"Furniture","Chairs","West","Consumer","Standard Class"
34.9888,318.08,0,4,7,"Furniture","Furnishings","South","Consumer","Standard Class"
80.7912,164.88,0,3,2,"Office Supplies","Paper","East","Consumer","Second Class"
11.1984,111.984,0.2,2,5,"Technology","Phones","West","Consumer","Standard Class"
43.706,168.1,0,5,7,"Office Supplies","Appliances","West","Corporate","Standard Class"
19.996,249.95,0,5,6,"Technology","Accessories","South","Consumer","Standard Class"
0.2997,29.97,0,3,6,"Technology","Phones","South","Consumer","Standard Class"
16.2864,50.112,0.2,6,3,"Office Supplies","Binders","East","Corporate","First Class"
5.4201,14.952,0.2,3,2,"Office Supplies","Binders","West","Consumer","Second Class"
-225.5568,92.064,0.8,6,4,"Office Supplies","Appliances","Central","Corporate","Standard Class"
2.3025,9.21,0,3,2,"Office Supplies","Art","East","Corporate","First Class"
67.188,279.95,0,5,4,"Technology","Accessories","Central","Consumer","Standard Class"
8.073,17.94,0,3,2,"Office Supplies","Paper","West","Consumer","First Class"
2.577,85.9,0,2,4,"Technology","Phones","East","Corporate","Standard Class"
113.848,406.6,0,5,4,"Office Supplies","Appliances","East","Consumer","Standard Class"
9.8901,36.63,0,3,6,"Office Supplies","Storage","South","Consumer","Standard Class"
45.487,174.95,0,5,4,"Office Supplies","Art","East","Corporate","Standard Class"
-17.046,11.364,0.8,3,7,"Office Supplies","Binders","Central","Home Office","Standard Class"
35.0244,74.52,0,9,4,"Office Supplies","Envelopes","South","Consumer","Standard Class"
517.4793,2249.91,0,9,3,"Technology","Accessories","South","Corporate","Second Class"
5.7624,11.76,0,2,3,"Office Supplies","Paper","West","Corporate","First Class"
11.1776,39.92,0,4,4,"Furniture","Furnishings","South","Corporate","Standard Class"
-16.614,102.24,0.2,4,6,"Technology","Accessories","West","Consumer","Standard Class"
-31.6712,43.188,0.7,4,4,"Office Supplies","Binders","South","Consumer","Standard Class"
5.4336,54.336,0.2,4,3,"Office Supplies","Art","Central","Corporate","First Class"
19.797,263.96,0.2,5,2,"Technology","Phones","West","Corporate","Second Class"
0.2997,29.97,0,3,5,"Technology","Phones","Central","Consumer","Standard Class"
229.9908,999.96,0,4,2,"Technology","Accessories","Central","Home Office","Second Class"
19.194,51.184,0.2,7,5,"Office Supplies","Binders","West","Home Office","Standard Class"
5.256,42.048,0.2,9,1,"Office Supplies","Art","South","Home Office","First Class"
105.6456,313.024,0.2,8,6,"Office Supplies","Paper","West","Consumer","Standard Class"
76.0878,185.58,0,6,6,"Furniture","Furnishings","South","Consumer","Standard Class"
7.9794,30.69,0,3,3,"Office Supplies","Supplies","East","Corporate","First Class"
9.9873,36.99,0,1,5,"Technology","Phones","South","Corporate","Standard Class"
-3.6892,4.812,0.7,2,6,"Office Supplies","Binders","South","Consumer","Standard Class"
-1.476,2.214,0.7,3,2,"Office Supplies","Binders","East","Consumer","Second Class"
-0.6008,24.032,0.2,2,5,"Technology","Accessories","Central","Consumer","Standard Class"
694.5015,2104.55,0,7,2,"Office Supplies","Appliances","South","Corporate","Second Class"
-7.3232,9.552,0.7,8,1,"Office Supplies","Binders","West","Consumer","First Class"
6.8943,14.07,0,7,4,"Office Supplies","Fasteners","East","Corporate","Second Class"
16.398,36.44,0,4,4,"Office Supplies","Paper","West","Consumer","Second Class"
32.4862,170.98,0,1,2,"Furniture","Bookcases","East","Home Office","Second Class"
7.945,158.9,0,5,5,"Office Supplies","Storage","West","Home Office","Second Class"
10.2592,102.592,0.2,1,6,"Furniture","Chairs","South","Consumer","Standard Class"
3.0498,17.94,0,3,7,"Office Supplies","Storage","West","Consumer","Standard Class"
-1.041,5.552,0.2,2,7,"Office Supplies","Supplies","Central","Home Office","Standard Class"
-13.993,15.992,0.6,2,2,"Furniture","Furnishings","Central","Consumer","Second Class"
-120.0508,313.176,0.4,2,4,"Furniture","Tables","East","Corporate","Second Class"
69.986,199.96,0,4,6,"Technology","Accessories","West","Consumer","Standard Class"
8.3754,24.816,0.2,3,6,"Office Supplies","Binders","East","Consumer","Standard Class"
181.9818,699.93,0,7,6,"Technology","Phones","South","Consumer","Standard Class"
7.2744,25.98,0,1,3,"Office Supplies","Art","West","Consumer","First Class"
10.4496,37.32,0,3,4,"Office Supplies","Storage","West","Corporate","Standard Class"
67.1916,239.97,0,3,4,"Technology","Phones","South","Consumer","Standard Class"
11.5587,34.248,0.2,3,2,"Office Supplies","Binders","West","Corporate","Second Class"
-103.8606,66.294,0.7,1,4,"Furniture","Bookcases","West","Consumer","Standard Class"
224.2674,1067.94,0,3,6,"Furniture","Chairs","South","Consumer","Standard Class"
17.745,354.9,0,5,0,"Office Supplies","Storage","South","Consumer","Same Day"
114.9385,244.55,0,5,6,"Office Supplies","Paper","West","Corporate","Standard Class"
5.9184,21.92,0,8,4,"Office Supplies","Art","West","Consumer","Standard Class"
1.0208,3.52,0,2,5,"Office Supplies","Art","East","Corporate","Second Class"
-12.792,102.336,0.2,4,5,"Office Supplies","Storage","Central","Corporate","Standard Class"
2.0994,27.992,0.2,1,5,"Technology","Phones","South","Consumer","Standard Class"
3.431,7.3,0,2,3,"Office Supplies","Paper","East","Corporate","Second Class"
11.36,36.352,0.2,8,4,"Office Supplies","Paper","Central","Home Office","Standard Class"
51.75,207,0,3,6,"Technology","Phones","Central","Corporate","Standard Class"
15.9912,213.216,0.2,3,3,"Furniture","Furnishings","South","Corporate","First Class"
-15.7514,180.016,0.2,1,5,"Office Supplies","Storage","Central","Consumer","Standard Class"
33.64,107.648,0.2,2,4,"Office Supplies","Binders","West","Home Office","Second Class"
7.7832,16.56,0,2,2,"Office Supplies","Envelopes","East","Consumer","Second Class"
15.065,32.75,0,5,5,"Office Supplies","Paper","West","Home Office","Standard Class"
5.2164,12.42,0,3,4,"Office Supplies","Art","East","Consumer","Second Class"
1.7991,47.976,0.2,3,5,"Technology","Accessories","Central","Consumer","Standard Class"
2.3077,4.91,0,1,5,"Office Supplies","Binders","Central","Corporate","Standard Class"
50.098,801.568,0.2,2,4,"Furniture","Chairs","West","Corporate","Standard Class"
-3.7296,4.662,0.7,3,7,"Office Supplies","Binders","South","Corporate","Standard Class"
57.3212,121.96,0,2,5,"Office Supplies","Envelopes","South","Consumer","Standard Class"
1.6704,5.76,0,2,7,"Office Supplies","Art","West","Corporate","Standard Class"
-2.5212,3.438,0.7,2,5,"Office Supplies","Binders","East","Consumer","Standard Class"
301.968,629.1,0,6,5,"Office Supplies","Paper","Central","Home Office","Standard Class"
-299.8116,1332.496,0.2,2,7,"Office Supplies","Supplies","West","Consumer","Standard Class"
297.69,595.38,0,6,5,"Furniture","Furnishings","South","Corporate","Standard Class"
20.6946,689.82,0,6,2,"Office Supplies","Storage","Central","Consumer","Second Class"
69.1776,144.12,0,3,7,"Office Supplies","Paper","East","Corporate","Standard Class"
3.9004,22.288,0.2,7,4,"Office Supplies","Art","Central","Home Office","Standard Class"
57.4938,212.94,0,3,6,"Furniture","Bookcases","Central","Home Office","Standard Class"
1.8144,5.184,0.2,1,4,"Office Supplies","Paper","Central","Home Office","Second Class"
9.8784,20.16,0,7,5,"Office Supplies","Binders","Central","Consumer","Standard Class"
8.7906,17.94,0,3,5,"Office Supplies","Paper","East","Home Office","Standard Class"
14.985,83.25,0,3,0,"Office Supplies","Storage","South","Corporate","Same Day"
2.8536,9.84,0,3,2,"Office Supplies","Art","East","Consumer","First Class"
-1.9008,2.376,0.7,3,5,"Office Supplies","Binders","West","Corporate","Standard Class"
184.26,498,0,5,7,"Technology","Accessories","South","Corporate","Standard Class"
95.9904,319.968,0.2,4,2,"Technology","Accessories","Central","Consumer","Second Class"
-182.352,151.96,0.6,5,5,"Furniture","Furnishings","Central","Consumer","Standard Class"
-10.386,6.924,0.8,6,2,"Office Supplies","Binders","Central","Corporate","First Class"
10.008,88.96,0.2,8,6,"Office Supplies","Supplies","South","Consumer","Standard Class"
54.057,720.76,0.2,5,1,"Office Supplies","Storage","Central","Corporate","First Class"
23.2624,116.312,0.2,7,1,"Technology","Accessories","Central","Corporate","First Class"
1.999,31.984,0.2,2,2,"Furniture","Furnishings","South","Consumer","First Class"
4.8546,16.74,0,3,5,"Office Supplies","Art","West","Corporate","Standard Class"
-3.4272,4.896,0.7,3,4,"Office Supplies","Binders","East","Consumer","Second Class"
-90.3762,275.058,0.3,3,5,"Furniture","Chairs","Central","Home Office","Standard Class"
26.07,104.28,0,3,6,"Office Supplies","Storage","West","Consumer","Standard Class"
41.3928,459.92,0,4,5,"Furniture","Bookcases","Central","Consumer","Standard Class"
1.9926,5.904,0.2,2,5,"Office Supplies","Labels","Central","Corporate","Second Class"
2.9835,8.84,0.2,5,3,"Office Supplies","Art","Central","Corporate","First Class"
-59.373,39.582,0.8,9,7,"Office Supplies","Binders","Central","Consumer","Standard Class"
742.632,1687.8,0,4,0,"Technology","Accessories","West","Home Office","Same Day"
41.986,149.95,0,5,5,"Technology","Phones","Central","Consumer","Standard Class"
9.7608,19.92,0,4,2,"Office Supplies","Paper","West","Consumer","First Class"
-35.928,44.91,0.7,6,4,"Office Supplies","Binders","East","Corporate","Standard Class"
21.0249,62.296,0.2,13,6,"Office Supplies","Binders","East","Consumer","Standard Class"
-29.2446,39.879,0.7,7,7,"Office Supplies","Binders","South","Corporate","Standard Class"
10.3488,21.56,0,7,2,"Office Supplies","Labels","Central","Home Office","First Class"
-48.7032,86.97,0.5,3,4,"Furniture","Bookcases","East","Home Office","Second Class"
-5.215,6.258,0.7,2,1,"Office Supplies","Binders","East","Consumer","First Class"
9.1872,25.344,0.2,4,1,"Office Supplies","Paper","South","Consumer","Same Day"
10.3473,344.91,0,3,2,"Office Supplies","Storage","West","Corporate","First Class"
-2.6892,3.984,0.6,2,5,"Furniture","Furnishings","Central","Consumer","Standard Class"
19.5858,75.33,0,9,4,"Furniture","Furnishings","Central","Home Office","Second Class"
-23.716,32.34,0.7,10,1,"Office Supplies","Binders","West","Consumer","First Class"
6.924,18.464,0.2,4,7,"Office Supplies","Binders","East","Home Office","Standard Class"
3.5154,46.872,0.2,7,4,"Furniture","Furnishings","West","Home Office","Standard Class"
-2.6997,215.976,0.2,3,0,"Furniture","Chairs","West","Home Office","Same Day"
8.0997,27.93,0,3,5,"Office Supplies","Supplies","East","Home Office","Standard Class"
0.5584,27.92,0,4,3,"Office Supplies","Storage","South","Consumer","First Class"
-34.392,300.93,0.3,5,4,"Furniture","Tables","Central","Consumer","Second Class"
2.178,4.95,0,1,4,"Furniture","Furnishings","West","Home Office","Standard Class"
440.7648,1049.44,0,8,5,"Technology","Accessories","West","Consumer","Standard Class"
210.4936,725.84,0,4,2,"Office Supplies","Storage","West","Consumer","Second Class"
5.1816,15.24,0,3,6,"Furniture","Furnishings","East","Corporate","Standard Class"
66.542,135.8,0,7,1,"Furniture","Furnishings","East","Corporate","First Class"
0.1512,5.04,0,2,4,"Office Supplies","Supplies","East","Consumer","Standard Class"
2.7072,5.64,0,3,2,"Office Supplies","Binders","South","Corporate","Second Class"
100.4255,204.95,0,5,3,"Office Supplies","Paper","East","Consumer","First Class"
3.363,11.21,0,1,5,"Office Supplies","Storage","East","Consumer","Standard Class"
1.9926,5.904,0.2,2,4,"Office Supplies","Labels","West","Corporate","Standard Class"
106.5408,665.88,0,6,5,"Furniture","Furnishings","West","Home Office","Standard Class"
15.8256,37.68,0,2,6,"Furniture","Furnishings","West","Corporate","Standard Class"
9.3312,19.44,0,3,0,"Office Supplies","Paper","East","Consumer","Same Day"
17.466,232.88,0.2,5,7,"Furniture","Chairs","West","Corporate","Standard Class"
-5.4882,146.352,0.2,3,5,"Furniture","Chairs","West","Corporate","Standard Class"
6.2208,12.96,0,2,2,"Office Supplies","Paper","East","Home Office","First Class"
-54.5958,181.986,0.3,2,4,"Furniture","Chairs","Central","Consumer","Standard Class"
1.3392,33.48,0,2,4,"Office Supplies","Storage","East","Consumer","Standard Class"
1.9024,6.56,0,2,5,"Office Supplies","Art","Central","Home Office","Standard Class"
50.1876,185.88,0,6,7,"Office Supplies","Art","South","Consumer","Standard Class"
145.782,1295.84,0.2,4,0,"Technology","Phones","West","Consumer","Same Day"
1.308,17.44,0.2,2,7,"Office Supplies","Storage","South","Consumer","Standard Class"
14.161,28.9,0,5,4,"Office Supplies","Paper","East","Home Office","Standard Class"
9.594,95.94,0,3,5,"Office Supplies","Storage","East","Consumer","Standard Class"
-12.528,15.66,0.7,5,2,"Office Supplies","Binders","South","Corporate","First Class"
-55.3,442.4,0.2,7,4,"Technology","Accessories","East","Consumer","Standard Class"
12.9978,35.856,0.2,9,3,"Office Supplies","Paper","Central","Consumer","Second Class"
-84.2928,66.112,0.6,4,5,"Furniture","Furnishings","Central","Consumer","Standard Class"
-82.884,331.536,0.2,3,4,"Office Supplies","Storage","East","Consumer","Standard Class"
-46.137,283.92,0.2,5,5,"Furniture","Chairs","West","Consumer","Standard Class"
2.37,7.584,0.2,1,5,"Furniture","Furnishings","East","Home Office","Standard Class"
18.6006,51.312,0.2,3,7,"Office Supplies","Binders","West","Consumer","Standard Class"
45.9754,97.82,0,2,4,"Office Supplies","Paper","West","Home Office","Standard Class"
60.4224,125.88,0,6,4,"Office Supplies","Binders","Central","Consumer","Standard Class"
1.9926,5.904,0.2,2,4,"Office Supplies","Labels","East","Consumer","Standard Class"
10.3071,21.93,0,3,4,"Office Supplies","Labels","East","Consumer","Standard Class"
82.992,663.936,0.2,4,0,"Office Supplies","Appliances","East","Home Office","Same Day"
109.6113,377.97,0,3,6,"Technology","Phones","East","Consumer","Standard Class"
12.4416,25.92,0,4,4,"Office Supplies","Paper","South","Corporate","Standard Class"
-5.412,7.38,0.7,5,4,"Office Supplies","Binders","South","Home Office","Standard Class"
6.3684,17.568,0.2,2,4,"Office Supplies","Envelopes","Central","Consumer","Standard Class"
43.176,89.95,0,5,3,"Technology","Phones","East","Consumer","Second Class"
6.8274,37.93,0,1,5,"Furniture","Furnishings","East","Corporate","Standard Class"
5.4432,15.552,0.2,3,4,"Office Supplies","Paper","West","Home Office","Standard Class"
-17.745,248.43,0.3,5,2,"Furniture","Chairs","Central","Consumer","Second Class"
-8.4728,4.984,0.8,1,3,"Office Supplies","Binders","Central","Consumer","First Class"
-37.9152,142.182,0.4,1,4,"Furniture","Tables","East","Corporate","Standard Class"
15.185,60.74,0,1,7,"Furniture","Chairs","East","Home Office","Standard Class"
15.3195,102.13,0,7,2,"Technology","Accessories","West","Corporate","First Class"
13.9986,159.984,0.2,2,7,"Technology","Phones","West","Corporate","Standard Class"
19.08,38.16,0,9,0,"Office Supplies","Binders","Central","Consumer","Same Day"
-120.0508,313.176,0.4,2,5,"Furniture","Tables","East","Corporate","Standard Class"
22.941,203.92,0.2,5,7,"Furniture","Chairs","West","Consumer","Standard Class"
4.0338,11.952,0.2,3,3,"Office Supplies","Paper","East","Home Office","Second Class"
4.0572,8.82,0,2,1,"Office Supplies","Paper","West","Corporate","First Class"
6.2208,12.96,0,2,6,"Office Supplies","Paper","West","Consumer","Standard Class"
60.392,271.764,0.1,2,7,"Furniture","Chairs","East","Home Office","Standard Class"
-9.8463,12.843,0.7,3,5,"Office Supplies","Binders","South","Consumer","Standard Class"
41.823,92.94,0,3,5,"Office Supplies","Paper","East","Consumer","Standard Class"
27.4856,58.48,0,8,3,"Office Supplies","Labels","West","Corporate","First Class"
-168.819,241.17,0.7,2,1,"Technology","Machines","East","Consumer","First Class"
481.869,1606.23,0,9,2,"Office Supplies","Storage","East","Home Office","First Class"
138.2016,287.92,0,8,3,"Office Supplies","Binders","Central","Corporate","Second Class"
28.4364,568.728,0.2,3,4,"Furniture","Tables","West","Consumer","Standard Class"
621.9744,2591.56,0,4,6,"Office Supplies","Storage","East","Home Office","Standard Class"
5.2272,29.403,0.1,3,3,"Office Supplies","Appliances","Central","Corporate","Second Class"
10.465,41.86,0,7,5,"Office Supplies","Art","South","Consumer","Standard Class"
14.5152,41.472,0.2,8,4,"Office Supplies","Paper","East","Consumer","Standard Class"
1.0008,13.344,0.2,6,3,"Office Supplies","Art","West","Consumer","Second Class"
74.8142,257.98,0,2,4,"Technology","Phones","Central","Corporate","Standard Class"
-2.0349,2.907,0.7,3,5,"Office Supplies","Binders","East","Corporate","Standard Class"
-99.3453,313.722,0.4,3,3,"Furniture","Tables","East","Corporate","Second Class"
8.34,16.68,0,2,5,"Office Supplies","Paper","South","Home Office","Standard Class"
-63.0056,720.064,0.2,4,3,"Office Supplies","Storage","South","Consumer","Second Class"
11.891,25.3,0,5,5,"Office Supplies","Binders","East","Consumer","Standard Class"
45.8064,763.44,0,8,5,"Office Supplies","Storage","West","Corporate","Second Class"
12.993,129.93,0,3,7,"Furniture","Furnishings","South","Consumer","Standard Class"
15.147,242.352,0.2,3,7,"Furniture","Chairs","South","Consumer","Standard Class"
14.9744,30.56,0,4,5,"Office Supplies","Envelopes","West","Corporate","Standard Class"
15.2712,56.56,0,2,3,"Office Supplies","Storage","West","Consumer","First Class"
-386.3916,1931.958,0.4,7,4,"Technology","Phones","East","Corporate","Standard Class"
449.991,999.98,0,2,2,"Technology","Copiers","Central","Home Office","Second Class"
2.8416,5.92,0,4,1,"Office Supplies","Fasteners","East","Corporate","First Class"
-119.2312,379.372,0.3,2,4,"Furniture","Chairs","Central","Home Office","Second Class"
297.6435,901.95,0,3,0,"Office Supplies","Appliances","East","Consumer","Same Day"
6.123,97.968,0.2,2,4,"Technology","Phones","Central","Corporate","Second Class"
-53.072,34.24,0.8,4,3,"Office Supplies","Binders","Central","Corporate","Second Class"
1.476,13.12,0.2,5,4,"Office Supplies","Art","South","Consumer","Standard Class"
126.225,504.9,0,5,6,"Furniture","Bookcases","South","Consumer","Standard Class"
3.6018,7.83,0,3,5,"Office Supplies","Labels","East","Home Office","Standard Class"
-29.0073,106.869,0.3,3,5,"Furniture","Chairs","Central","Corporate","Second Class"
7.2576,20.736,0.2,4,5,"Office Supplies","Paper","East","Consumer","Standard Class"
20.7675,53.25,0,3,7,"Technology","Accessories","South","Home Office","Standard Class"
-27.792,18.528,0.8,6,4,"Office Supplies","Binders","Central","Corporate","Standard Class"
5.5566,11.34,0,1,2,"Office Supplies","Paper","East","Corporate","First Class"
-4.5824,2.864,0.8,4,3,"Office Supplies","Binders","Central","Corporate","Second Class"
6.9231,14.73,0,3,4,"Office Supplies","Binders","East","Corporate","Standard Class"
5.0196,10.68,0,2,3,"Office Supplies","Binders","Central","Corporate","First Class"
5.4432,15.552,0.2,3,4,"Office Supplies","Paper","Central","Consumer","Second Class"
5.2398,12.78,0,3,1,"Office Supplies","Art","South","Corporate","First Class"
2.99,9.568,0.2,2,5,"Office Supplies","Paper","West","Consumer","Standard Class"
22.6184,64.624,0.2,7,4,"Office Supplies","Paper","Central","Home Office","Standard Class"
2.7324,8.096,0.2,2,5,"Office Supplies","Binders","West","Consumer","Standard Class"
11.7576,117.576,0.2,3,3,"Technology","Phones","West","Corporate","Second Class"
0.9576,10.944,0.2,2,5,"Office Supplies","Supplies","West","Consumer","Standard Class"
22.5852,77.88,0,6,5,"Office Supplies","Appliances","Central","Corporate","Standard Class"
56.301,1126.02,0,3,5,"Office Supplies","Storage","West","Home Office","Standard Class"
1264.7559,2690.97,0,3,7,"Office Supplies","Binders","South","Corporate","Standard Class"
31.2528,91.92,0,4,6,"Furniture","Furnishings","East","Home Office","Standard Class"
160.0398,592.74,0,6,2,"Office Supplies","Storage","East","Home Office","Second Class"
13.0707,27.81,0,3,1,"Office Supplies","Paper","South","Home Office","First Class"
41.4294,142.86,0,1,5,"Office Supplies","Storage","West","Corporate","Standard Class"
-9.6565,6.23,0.8,5,4,"Office Supplies","Binders","Central","Corporate","Standard Class"
0.9963,2.952,0.2,1,4,"Office Supplies","Labels","South","Home Office","Standard Class"
170.5113,587.97,0,3,4,"Technology","Phones","South","Consumer","Standard Class"
16.032,33.4,0,5,5,"Office Supplies","Paper","West","Consumer","Standard Class"
244.6155,1287.45,0,5,0,"Technology","Accessories","Central","Consumer","Same Day"
8.2062,17.46,0,2,2,"Office Supplies","Binders","Central","Corporate","First Class"
43.3188,577.584,0.2,6,4,"Office Supplies","Storage","East","Consumer","Standard Class"
-161.875,218.75,0.5,2,2,"Furniture","Tables","West","Consumer","First Class"
119.686,1196.86,0,7,2,"Furniture","Furnishings","South","Consumer","First Class"
138.417,477.3,0,5,7,"Furniture","Furnishings","Central","Consumer","Standard Class"
12.208,43.6,0,4,3,"Technology","Phones","East","Corporate","Second Class"
21.42,100.8,0.2,2,1,"Technology","Accessories","Central","Home Office","First Class"
7.2576,20.736,0.2,4,5,"Office Supplies","Paper","East","Home Office","Standard Class"
1.8872,13.48,0,1,4,"Technology","Accessories","Central","Consumer","Standard Class"
140.9568,1497.666,0.15,2,2,"Furniture","Bookcases","West","Home Office","First Class"
4.6818,17.34,0,2,0,"Office Supplies","Appliances","South","Consumer","Same Day"
20.1708,77.58,0,9,2,"Office Supplies","Appliances","East","Corporate","First Class"
2.6928,12.672,0.2,8,6,"Office Supplies","Fasteners","East","Corporate","Standard Class"
6.8136,32.064,0.2,6,4,"Office Supplies","Art","Central","Consumer","Standard Class"
0.552,6.9,0,1,5,"Technology","Accessories","Central","Corporate","Standard Class"
6.432,13.4,0,1,5,"Furniture","Furnishings","East","Corporate","Second Class"
4.4352,9.24,0,3,6,"Furniture","Furnishings","West","Consumer","Standard Class"
71.5375,286.15,0,5,4,"Office Supplies","Storage","East","Home Office","Standard Class"
48.796,390.368,0.2,2,4,"Furniture","Chairs","South","Consumer","Standard Class"
7.2576,20.736,0.2,4,4,"Office Supplies","Paper","South","Corporate","Standard Class"
-14.1372,141.372,0.3,2,1,"Furniture","Bookcases","Central","Corporate","First Class"
6.2208,12.96,0,2,4,"Office Supplies","Paper","West","Consumer","Standard Class"
3.7412,7.96,0,2,5,"Office Supplies","Binders","East","Corporate","Standard Class"
-4.0722,5.553,0.7,3,5,"Office Supplies","Binders","East","Consumer","Standard Class"
1.6056,5.352,0.2,3,2,"Furniture","Furnishings","East","Consumer","First Class"
60.49,241.96,0,2,1,"Office Supplies","Appliances","West","Consumer","First Class"
25.02,50.04,0,6,7,"Office Supplies","Paper","West","Home Office","Standard Class"
-9.1602,81.424,0.2,2,4,"Furniture","Chairs","West","Home Office","Second Class"
17.1678,66.03,0,3,4,"Office Supplies","Art","East","Home Office","Standard Class"
0.2996,3.424,0.2,1,2,"Office Supplies","Art","East","Home Office","Second Class"
16.17,57.75,0,5,1,"Office Supplies","Art","East","Consumer","First Class"
2.8101,7.752,0.2,3,4,"Office Supplies","Binders","East","Corporate","Standard Class"
352.3065,1214.85,0,3,0,"Technology","Phones","East","Consumer","Same Day"
-5.4548,33.568,0.2,2,2,"Furniture","Furnishings","East","Corporate","Second Class"
-6.5296,8.904,0.7,2,2,"Office Supplies","Binders","East","Corporate","First Class"
4.3134,13.272,0.2,3,3,"Office Supplies","Binders","West","Consumer","Second Class"
5.6644,11.56,0,2,6,"Office Supplies","Paper","East","Corporate","Standard Class"
1.7248,4.928,0.2,2,3,"Office Supplies","Labels","East","Home Office","First Class"
34.2144,71.28,0,11,0,"Office Supplies","Paper","West","Consumer","Same Day"
0.334,2.672,0.2,1,4,"Office Supplies","Art","Central","Corporate","Standard Class"
83.986,239.96,0.2,5,4,"Technology","Accessories","Central","Consumer","Second Class"
-13.188,7.536,0.8,6,0,"Office Supplies","Binders","Central","Home Office","Same Day"
-8.3524,35.168,0.2,2,4,"Office Supplies","Storage","Central","Consumer","Standard Class"
-2.8272,7.068,0.6,3,7,"Furniture","Furnishings","Central","Corporate","Standard Class"
7.4952,20.82,0,3,4,"Office Supplies","Art","East","Corporate","Standard Class"
-22.098,176.784,0.2,1,6,"Furniture","Bookcases","East","Consumer","Standard Class"
24.2285,51.55,0,5,6,"Office Supplies","Paper","East","Consumer","Standard Class"
38.3572,438.368,0.2,4,6,"Technology","Phones","West","Consumer","Standard Class"
3.6784,15.488,0.2,4,3,"Furniture","Furnishings","West","Corporate","Second Class"
14.92,47.744,0.2,4,5,"Office Supplies","Binders","East","Consumer","Standard Class"
31.2664,183.92,0,4,5,"Furniture","Furnishings","East","Corporate","Standard Class"
4.8118,9.82,0,2,2,"Office Supplies","Labels","South","Corporate","Second Class"
-44.94,64.2,0.7,5,5,"Office Supplies","Binders","East","Corporate","Standard Class"
2.1492,6.368,0.2,2,5,"Office Supplies","Binders","West","Home Office","Standard Class"
87.9912,199.98,0,2,2,"Technology","Accessories","West","Home Office","First Class"
191.9968,1439.976,0.4,4,2,"Technology","Copiers","East","Consumer","First Class"
21.5824,45.92,0,4,5,"Office Supplies","Fasteners","West","Consumer","Standard Class"
5.2312,16.096,0.2,2,5,"Office Supplies","Paper","West","Consumer","Standard Class"
-1811.0784,22638.48,0.5,6,5,"Technology","Machines","South","Home Office","Standard Class"
5.193,17.31,0,3,6,"Furniture","Furnishings","Central","Consumer","Standard Class"
1.9024,6.56,0,2,5,"Office Supplies","Art","West","Consumer","Standard Class"
15.824,34.4,0,5,5,"Office Supplies","Paper","East","Consumer","Standard Class"
139.986,399.96,0,4,4,"Technology","Accessories","West","Home Office","Standard Class"
3.6288,10.368,0.2,2,6,"Office Supplies","Paper","Central","Corporate","Standard Class"
6.8724,14.94,0,3,6,"Office Supplies","Labels","East","Consumer","Standard Class"
1.6416,5.472,0.2,3,7,"Office Supplies","Art","East","Corporate","Standard Class"
-5.6406,3.318,0.8,3,4,"Office Supplies","Binders","Central","Corporate","Standard Class"
4.7996,191.984,0.2,2,4,"Furniture","Bookcases","East","Consumer","Standard Class"
53.261,204.85,0,5,2,"Office Supplies","Art","West","Consumer","Second Class"
884.058,2357.488,0.2,7,6,"Office Supplies","Binders","West","Consumer","Standard Class"
-13.4694,19.242,0.7,3,4,"Office Supplies","Binders","East","Consumer","Standard Class"
9.2386,105.584,0.2,2,7,"Technology","Phones","West","Consumer","Standard Class"
79.9056,332.94,0,3,4,"Furniture","Chairs","South","Consumer","Standard Class"
5.538,17.04,0.2,3,0,"Office Supplies","Binders","West","Corporate","Same Day"
14.5152,41.472,0.2,8,5,"Office Supplies","Paper","South","Corporate","Second Class"
15.6104,48.032,0.2,4,7,"Office Supplies","Binders","West","Consumer","Standard Class"
2.8764,6.12,0,3,5,"Office Supplies","Envelopes","Central","Consumer","Standard Class"
16.6764,64.14,0,3,4,"Office Supplies","Art","West","Consumer","Standard Class"
53.9217,159.768,0.2,7,6,"Office Supplies","Binders","West","Corporate","Standard Class"
213.735,1282.41,0.1,5,4,"Furniture","Chairs","East","Corporate","Standard Class"
82.2906,167.94,0,3,2,"Office Supplies","Paper","Central","Home Office","First Class"
-87.9354,502.488,0.2,3,4,"Furniture","Tables","West","Corporate","Standard Class"
-204.3145,961.48,0.2,5,2,"Office Supplies","Supplies","South","Corporate","Second Class"
17.6232,50.352,0.2,3,4,"Office Supplies","Binders","West","Consumer","Standard Class"
-31.05,124.2,0.4,3,2,"Technology","Phones","East","Consumer","Second Class"
15.9348,45.528,0.2,3,4,"Office Supplies","Paper","Central","Home Office","Second Class"
80.838,538.92,0,9,3,"Technology","Accessories","West","Consumer","Second Class"
12.7764,113.568,0.2,2,0,"Furniture","Bookcases","East","Home Office","Same Day"
23.6529,57.69,0,3,5,"Furniture","Furnishings","Central","Corporate","Standard Class"
0.924,9.24,0.2,1,4,"Office Supplies","Art","West","Consumer","Standard Class"
-13.3176,155.372,0.3,2,7,"Furniture","Chairs","East","Consumer","Standard Class"
-20.691,91.96,0.2,5,7,"Technology","Phones","West","Corporate","Standard Class"
15.012,40.032,0.2,6,0,"Office Supplies","Paper","East","Consumer","Same Day"
21.112,129.92,0.2,5,6,"Furniture","Furnishings","East","Home Office","Standard Class"
-3.5508,4.842,0.7,3,4,"Office Supplies","Binders","South","Home Office","Standard Class"
18.398,459.95,0,5,4,"Office Supplies","Storage","East","Corporate","Standard Class"
-11.7612,4.356,0.8,2,4,"Office Supplies","Appliances","Central","Corporate","Second Class"
-35.3646,314.352,0.2,3,4,"Furniture","Chairs","West","Corporate","Standard Class"
5.4432,15.552,0.2,3,2,"Office Supplies","Paper","East","Home Office","Second Class"
32.3015,369.16,0.2,11,4,"Technology","Machines","West","Consumer","Standard Class"
6.2208,12.96,0,2,5,"Office Supplies","Paper","Central","Consumer","Second Class"
1.5522,9.552,0.2,3,1,"Office Supplies","Art","South","Corporate","First Class"
4.3254,12.816,0.2,3,5,"Office Supplies","Binders","East","Consumer","Standard Class"
22.298,178.384,0.2,2,7,"Technology","Phones","South","Corporate","Standard Class"
37.7874,89.97,0,3,4,"Technology","Accessories","East","Home Office","Second Class"
27.69,71,0,4,3,"Technology","Accessories","South","Consumer","First Class"
6.8714,14.62,0,2,4,"Office Supplies","Labels","West","Home Office","Standard Class"
23.7742,65.584,0.2,2,3,"Office Supplies","Paper","Central","Home Office","First Class"
292.776,1317.492,0.1,6,4,"Furniture","Chairs","East","Consumer","Standard Class"
5.6784,17.472,0.2,3,4,"Office Supplies","Paper","Central","Home Office","Standard Class"
20.0851,40.99,0,1,4,"Office Supplies","Paper","South","Consumer","Standard Class"
21.6,45,0,9,5,"Office Supplies","Fasteners","South","Consumer","Standard Class"
20.235,85.2,0.2,6,4,"Technology","Accessories","Central","Corporate","Second Class"
2.6406,35.208,0.2,1,4,"Office Supplies","Appliances","West","Consumer","Standard Class"
36.8245,78.35,0,5,5,"Office Supplies","Envelopes","Central","Home Office","Standard Class"
64.0728,569.536,0.2,4,3,"Office Supplies","Appliances","South","Consumer","First Class"
8.4564,29.16,0,3,3,"Technology","Phones","Central","Corporate","Second Class"
14.3075,57.23,0,1,6,"Office Supplies","Storage","West","Consumer","Standard Class"
7.85,31.4,0,2,3,"Office Supplies","Storage","South","Corporate","First Class"
16.5186,48.944,0.2,7,0,"Office Supplies","Envelopes","South","Consumer","Same Day"
52.3392,523.392,0.2,3,4,"Furniture","Chairs","West","Corporate","Standard Class"
6.468,23.1,0,2,4,"Office Supplies","Art","East","Corporate","Standard Class"
6.704,67.04,0.2,4,4,"Technology","Phones","West","Corporate","Standard Class"
4.4004,18.528,0.2,2,5,"Technology","Accessories","South","Corporate","Standard Class"
6.6465,221.55,0,3,2,"Office Supplies","Storage","East","Consumer","Second Class"
15.6884,60.34,0,7,4,"Office Supplies","Appliances","Central","Corporate","Standard Class"
43.6752,272.97,0,3,2,"Furniture","Chairs","East","Corporate","Second Class"
2302.9671,4899.93,0,7,6,"Technology","Copiers","Central","Corporate","Standard Class"
-14.998,89.988,0.4,2,5,"Technology","Phones","East","Corporate","Standard Class"
7.85,25.12,0.2,5,2,"Office Supplies","Binders","West","Consumer","Second Class"
-12.098,205.666,0.15,2,4,"Furniture","Bookcases","West","Consumer","Standard Class"
-73.176,341.488,0.3,8,2,"Furniture","Chairs","East","Consumer","First Class"
3.034,7.4,0,2,5,"Furniture","Furnishings","West","Corporate","Standard Class"
-7.7406,32.592,0.2,3,6,"Office Supplies","Storage","Central","Consumer","Standard Class"
7.152,14.9,0,5,1,"Office Supplies","Paper","West","Home Office","First Class"
29.2528,62.24,0,8,5,"Office Supplies","Envelopes","East","Corporate","Standard Class"
27.4365,243.88,0.2,5,4,"Office Supplies","Appliances","East","Corporate","Standard Class"
45.9754,97.82,0,2,3,"Office Supplies","Paper","East","Consumer","Second Class"
91.968,191.6,0,4,2,"Office Supplies","Paper","East","Home Office","First Class"
152.0232,542.94,0,3,4,"Office Supplies","Appliances","East","Consumer","Standard Class"
0.711,9.48,0.2,3,1,"Office Supplies","Appliances","East","Consumer","First Class"
43.706,168.1,0,5,5,"Office Supplies","Appliances","West","Consumer","Standard Class"
1.0208,3.52,0,2,6,"Office Supplies","Art","East","Consumer","Standard Class"
3.4848,7.92,0,8,2,"Technology","Accessories","West","Corporate","Second Class"
331.191,735.98,0,2,7,"Office Supplies","Binders","Central","Corporate","Standard Class"
2.0286,4.41,0,1,2,"Office Supplies","Paper","Central","Home Office","First Class"
16.704,148.48,0.2,2,6,"Technology","Phones","Central","Consumer","Standard Class"
31.5192,68.52,0,3,4,"Office Supplies","Paper","East","Corporate","Standard Class"
19.3185,42.93,0,9,6,"Office Supplies","Paper","East","Consumer","Standard Class"
6.2856,18.624,0.2,8,4,"Furniture","Furnishings","South","Home Office","Second Class"
2.1728,6.208,0.2,2,4,"Office Supplies","Envelopes","East","Consumer","Standard Class"
12.1032,161.376,0.2,6,3,"Office Supplies","Appliances","South","Consumer","Second Class"
64.674,258.696,0.2,3,3,"Technology","Accessories","Central","Home Office","Second Class"
8.9985,143.976,0.2,3,4,"Technology","Phones","Central","Consumer","Standard Class"
-5.6943,23.976,0.2,3,3,"Technology","Phones","South","Corporate","Second Class"
-3.5712,2.304,0.8,4,3,"Office Supplies","Binders","Central","Corporate","First Class"
15.44,30.88,0,2,2,"Office Supplies","Binders","East","Consumer","First Class"
9.0288,25.08,0,6,5,"Furniture","Furnishings","West","Consumer","Standard Class"
23.9463,48.87,0,9,4,"Office Supplies","Paper","South","Consumer","Second Class"
839.986,2399.96,0.2,5,0,"Technology","Copiers","West","Corporate","Same Day"
122.148,271.44,0,3,4,"Office Supplies","Envelopes","West","Consumer","Standard Class"
47.994,383.952,0.2,6,4,"Technology","Accessories","Central","Consumer","Standard Class"
-183.6324,102.018,0.7,7,4,"Furniture","Bookcases","West","Consumer","Standard Class"
16.291,59.24,0.2,5,6,"Office Supplies","Appliances","South","Consumer","Standard Class"
-1.7772,71.088,0.2,2,3,"Furniture","Tables","West","Corporate","Second Class"
4.8804,9.96,0,2,3,"Office Supplies","Paper","South","Corporate","First Class"
20.5764,63.312,0.2,3,4,"Office Supplies","Paper","Central","Corporate","Standard Class"
1.512,4.32,0.2,3,5,"Office Supplies","Binders","West","Corporate","Standard Class"
95.1888,475.944,0.2,7,6,"Technology","Accessories","Central","Consumer","Standard Class"
6.0726,20.94,0,3,6,"Furniture","Furnishings","East","Corporate","Standard Class"
76.2525,305.01,0,9,1,"Office Supplies","Storage","West","Consumer","First Class"
5.096,58.24,0.2,5,4,"Office Supplies","Appliances","South","Corporate","Second Class"
15.5204,33.74,0,7,7,"Office Supplies","Binders","South","Home Office","Standard Class"
6.0876,16.02,0,6,4,"Furniture","Furnishings","West","Corporate","Standard Class"
5.24,20.96,0,2,6,"Office Supplies","Art","West","Consumer","Standard Class"
53.2608,110.96,0,2,5,"Office Supplies","Paper","East","Consumer","Second Class"
-11.6512,21.184,0.6,2,3,"Furniture","Furnishings","Central","Corporate","First Class"
33.7266,82.26,0,3,7,"Furniture","Furnishings","West","Home Office","Standard Class"
1.043,14.9,0,5,7,"Office Supplies","Storage","East","Consumer","Standard Class"
-12.9568,129.568,0.2,2,5,"Furniture","Chairs","West","Home Office","Standard Class"
7.992,21.312,0.2,3,6,"Office Supplies","Binders","West","Corporate","Standard Class"
140.5957,286.93,0,7,4,"Office Supplies","Paper","West","Home Office","Standard Class"
11.1564,123.96,0,3,5,"Furniture","Furnishings","West","Consumer","Second Class"
49.497,164.99,0,1,6,"Technology","Phones","Central","Home Office","Standard Class"
2.3686,14.576,0.2,2,5,"Office Supplies","Art","West","Home Office","Standard Class"
-84.2928,66.112,0.6,4,4,"Furniture","Furnishings","Central","Consumer","Standard Class"
8.532,18.96,0,2,5,"Furniture","Furnishings","East","Consumer","Standard Class"
14.7593,39.89,0,1,2,"Technology","Accessories","Central","Corporate","Second Class"
56.0547,143.73,0,9,2,"Technology","Accessories","Central","Corporate","First Class"
0.8688,4.344,0.2,3,4,"Office Supplies","Fasteners","Central","Consumer","Standard Class"
3.8822,8.26,0,2,4,"Office Supplies","Binders","Central","Consumer","Standard Class"
329.994,879.984,0.2,2,2,"Technology","Copiers","West","Corporate","Second Class"
-31.9936,159.968,0.2,4,5,"Technology","Phones","West","Consumer","Standard Class"
6.8714,14.62,0,2,4,"Office Supplies","Labels","West","Consumer","Standard Class"
5.1408,45.696,0.2,3,5,"Furniture","Furnishings","South","Home Office","Standard Class"
23.9688,99.87,0,3,3,"Office Supplies","Storage","West","Consumer","Second Class"
84.66,398.4,0.2,5,5,"Technology","Accessories","Central","Consumer","Second Class"
0.5904,5.248,0.2,2,4,"Office Supplies","Art","East","Home Office","Standard Class"
14.8,29.6,0,2,3,"Office Supplies","Labels","West","Home Office","First Class"
9.072,18.9,0,6,4,"Office Supplies","Labels","East","Corporate","Standard Class"
9.735,194.7,0,5,5,"Office Supplies","Storage","South","Corporate","Standard Class"
8.694,18.9,0,3,4,"Office Supplies","Labels","Central","Consumer","Standard Class"
5.0336,30.976,0.2,8,5,"Office Supplies","Art","South","Consumer","Second Class"
-426.986,243.992,0.8,4,3,"Office Supplies","Binders","Central","Consumer","Second Class"
11.1024,32.896,0.2,4,4,"Office Supplies","Paper","East","Home Office","Standard Class"
-6.188,70.72,0.2,4,5,"Technology","Accessories","East","Corporate","Standard Class"
5.5512,16.448,0.2,2,4,"Office Supplies","Paper","Central","Consumer","Standard Class"
11.2504,22.96,0,2,3,"Office Supplies","Paper","West","Corporate","Second Class"
15.372,36.6,0,3,4,"Furniture","Furnishings","West","Consumer","Standard Class"
-7.782,11.673,0.7,3,5,"Office Supplies","Binders","East","Consumer","Standard Class"
385.3752,786.48,0,8,7,"Office Supplies","Labels","West","Consumer","Standard Class"
9.3312,19.44,0,3,6,"Office Supplies","Paper","West","Corporate","Standard Class"
157.8702,544.38,0,3,3,"Office Supplies","Storage","East","Corporate","Second Class"
50.9208,181.86,0,7,4,"Office Supplies","Art","South","Consumer","Standard Class"
15.2064,45.056,0.2,8,4,"Office Supplies","Paper","East","Home Office","Standard Class"
7.98,15.96,0,2,5,"Office Supplies","Paper","Central","Consumer","Second Class"
0.91,2.912,0.2,2,2,"Office Supplies","Art","West","Corporate","First Class"
2.3406,4.98,0,1,3,"Office Supplies","Paper","West","Consumer","First Class"
10.6428,21.72,0,4,6,"Office Supplies","Paper","West","Consumer","Standard Class"
27.882,61.96,0,2,2,"Office Supplies","Paper","West","Home Office","Second Class"
77.3696,221.056,0.2,8,7,"Office Supplies","Binders","West","Corporate","Standard Class"
3.5623,40.712,0.2,7,5,"Office Supplies","Supplies","Central","Consumer","Standard Class"
-5.8869,3.798,0.8,3,7,"Office Supplies","Binders","Central","Corporate","Standard Class"
9.3125,29.8,0.2,5,4,"Office Supplies","Binders","West","Corporate","Second Class"
11.5432,24.56,0,2,4,"Office Supplies","Paper","West","Consumer","Standard Class"
24.4768,244.768,0.2,4,5,"Technology","Phones","South","Corporate","Standard Class"
5.0055,10.65,0,3,3,"Office Supplies","Fasteners","East","Consumer","First Class"
114.9385,244.55,0,5,5,"Office Supplies","Paper","West","Consumer","Standard Class"
10.374,39.9,0,5,3,"Office Supplies","Storage","West","Corporate","First Class"
6.2208,12.96,0,2,2,"Office Supplies","Paper","South","Corporate","First Class"
146.79,419.4,0.2,5,6,"Office Supplies","Paper","East","Home Office","Standard Class"
19.872,41.4,0,4,0,"Office Supplies","Labels","West","Home Office","Same Day"
-8.2764,220.704,0.2,6,4,"Furniture","Furnishings","South","Home Office","Standard Class"
-272.58,649,0.5,2,5,"Technology","Machines","South","Consumer","Standard Class"
11.297,34.76,0.2,5,3,"Office Supplies","Binders","West","Home Office","First Class"
-2.73,4.095,0.7,3,4,"Office Supplies","Binders","South","Corporate","Standard Class"
93.6988,360.38,0,2,6,"Office Supplies","Storage","East","Consumer","Standard Class"
121.99,975.92,0.2,5,6,"Furniture","Chairs","West","Consumer","Standard Class"
10.94,21.88,0,2,3,"Office Supplies","Envelopes","West","Corporate","First Class"
-147.8655,328.59,0.4,3,0,"Furniture","Tables","East","Corporate","Same Day"
-10.9188,218.376,0.2,3,4,"Furniture","Chairs","South","Consumer","Standard Class"
-63.3765,887.271,0.3,3,4,"Furniture","Chairs","East","Consumer","Standard Class"
5.4288,14.976,0.2,9,4,"Office Supplies","Binders","West","Home Office","Standard Class"
43.9956,159.984,0.2,2,2,"Technology","Accessories","Central","Corporate","First Class"
-160.96,64.384,0.8,4,4,"Office Supplies","Appliances","Central","Home Office","Second Class"
26.6304,55.48,0,1,6,"Office Supplies","Paper","West","Corporate","Standard Class"
71.99,575.92,0.2,2,4,"Technology","Phones","South","Corporate","Standard Class"
-6.0768,3.798,0.8,1,0,"Office Supplies","Binders","Central","Consumer","Same Day"
12.41,99.28,0.2,2,3,"Office Supplies","Appliances","East","Corporate","First Class"
19.2384,40.08,0,6,2,"Office Supplies","Paper","East","Home Office","Second Class"
4.3176,32.382,0.4,3,6,"Technology","Phones","East","Corporate","Standard Class"
4.0872,12.576,0.2,4,5,"Office Supplies","Fasteners","East","Corporate","Standard Class"
-6.9216,9.888,0.7,2,4,"Office Supplies","Binders","South","Home Office","Standard Class"
28.615,114.46,0,2,2,"Office Supplies","Storage","West","Consumer","First Class"
9.8352,98.352,0.2,3,3,"Office Supplies","Appliances","South","Consumer","First Class"
762.1845,2309.65,0,7,0,"Technology","Accessories","East","Consumer","Same Day"
30.2112,62.94,0,3,4,"Office Supplies","Binders","South","Consumer","Standard Class"
17.108,36.4,0,5,5,"Office Supplies","Binders","South","Consumer","Standard Class"
2.322,20.64,0.2,5,4,"Office Supplies","Art","Central","Corporate","Second Class"
29.4455,62.65,0,5,4,"Office Supplies","Labels","West","Consumer","Standard Class"
6.206,21.4,0,5,4,"Office Supplies","Art","Central","Corporate","Standard Class"
48.7011,185.528,0.2,7,0,"Technology","Accessories","West","Corporate","Same Day"
6.7966,19.99,0,1,5,"Technology","Accessories","West","Consumer","Standard Class"
77.8232,222.352,0.2,13,6,"Office Supplies","Binders","East","Corporate","Standard Class"
17.1774,286.29,0,3,5,"Office Supplies","Storage","Central","Consumer","Second Class"
22.4316,62.31,0,3,6,"Technology","Accessories","Central","Corporate","Standard Class"
41.2237,87.71,0,7,3,"Office Supplies","Labels","West","Consumer","First Class"
-3.272,26.176,0.2,2,4,"Technology","Accessories","Central","Consumer","Second Class"
33.0288,110.096,0.2,2,4,"Office Supplies","Appliances","East","Consumer","Standard Class"
7.3386,21.744,0.2,1,1,"Office Supplies","Envelopes","South","Consumer","First Class"
63.8232,265.93,0,7,4,"Technology","Accessories","West","Corporate","Standard Class"
18.3456,47.04,0,3,3,"Furniture","Furnishings","East","Consumer","First Class"
0.1472,7.36,0,2,0,"Office Supplies","Supplies","West","Home Office","Same Day"
6.674,14.2,0,4,2,"Office Supplies","Fasteners","South","Consumer","Second Class"
15.552,32.4,0,5,4,"Office Supplies","Paper","West","Consumer","Standard Class"
6.4206,22.14,0,3,5,"Furniture","Furnishings","West","Home Office","Standard Class"
20.5764,63.312,0.2,3,3,"Office Supplies","Paper","Central","Consumer","First Class"
5.1792,15.936,0.2,4,3,"Office Supplies","Labels","East","Corporate","First Class"
-5.6943,23.976,0.2,3,5,"Technology","Phones","West","Consumer","Second Class"
0.4176,2.784,0.2,2,3,"Furniture","Furnishings","South","Consumer","Second Class"
89.3142,307.98,0,2,5,"Technology","Phones","East","Corporate","Standard Class"
35.985,287.88,0.2,3,4,"Technology","Phones","West","Consumer","Standard Class"
14.677,56.45,0,5,6,"Office Supplies","Storage","South","Corporate","Standard Class"
-3.8385,102.36,0.2,3,4,"Furniture","Furnishings","West","Consumer","Standard Class"
50.8768,195.68,0,4,2,"Office Supplies","Appliances","South","Consumer","Second Class"
3.1104,6.48,0,1,0,"Office Supplies","Paper","Central","Consumer","Same Day"
-12.672,19.008,0.7,8,2,"Office Supplies","Binders","South","Corporate","Second Class"
178.91,715.64,0,2,3,"Office Supplies","Appliances","West","Corporate","First Class"
-27.828,695.7,0.5,2,3,"Technology","Machines","South","Consumer","First Class"
-40.6504,23.912,0.8,2,4,"Office Supplies","Binders","Central","Corporate","Standard Class"
16.614,42.6,0,3,4,"Furniture","Furnishings","West","Home Office","Standard Class"
-126.8592,48.792,0.8,3,5,"Office Supplies","Appliances","Central","Corporate","Standard Class"
4.485,17.94,0,3,3,"Office Supplies","Art","East","Corporate","Second Class"
0.3674,2.672,0.2,1,2,"Office Supplies","Art","East","Consumer","First Class"
29.985,95.952,0.2,3,5,"Office Supplies","Envelopes","South","Consumer","Standard Class"
334.1142,1856.19,0,7,6,"Office Supplies","Storage","West","Home Office","Standard Class"
-3.231,258.48,0.2,2,5,"Office Supplies","Storage","South","Consumer","Standard Class"
16.6796,36.26,0,7,5,"Office Supplies","Binders","South","Consumer","Standard Class"
5.7408,57.408,0.2,6,5,"Technology","Phones","West","Corporate","Standard Class"
-105.69,108.4,0.6,5,5,"Furniture","Furnishings","Central","Consumer","Standard Class"
26.376,87.92,0,4,3,"Office Supplies","Art","West","Home Office","Second Class"
1.4742,5.46,0,3,5,"Office Supplies","Art","South","Corporate","Standard Class"
12.1452,41.88,0,6,3,"Furniture","Furnishings","West","Corporate","First Class"
29.952,79.872,0.2,3,6,"Office Supplies","Binders","West","Corporate","Standard Class"
7.25,29,0,2,5,"Technology","Accessories","South","Home Office","Second Class"
1.0192,3.64,0,2,4,"Office Supplies","Art","Central","Home Office","Standard Class"
7.3479,104.97,0,3,2,"Technology","Accessories","East","Corporate","First Class"
87.2842,300.98,0,1,3,"Furniture","Chairs","South","Consumer","Second Class"
15.8571,422.856,0.2,3,3,"Office Supplies","Storage","East","Consumer","First Class"
350.427,1592.85,0,7,5,"Furniture","Tables","Central","Corporate","Standard Class"
-0.9012,36.048,0.2,3,4,"Technology","Accessories","East","Consumer","Standard Class"
21.0128,45.68,0,2,6,"Office Supplies","Paper","West","Home Office","Standard Class"
11.691,187.056,0.2,9,6,"Furniture","Chairs","South","Consumer","Standard Class"
187.797,625.99,0,1,7,"Technology","Phones","East","Consumer","Standard Class"
50.9082,164.22,0,3,4,"Furniture","Furnishings","East","Consumer","Standard Class"
-4.641,53.04,0.2,3,2,"Technology","Accessories","East","Consumer","First Class"
-25.592,38.388,0.7,14,1,"Office Supplies","Binders","West","Corporate","First Class"
50.0346,151.62,0,7,4,"Office Supplies","Appliances","West","Consumer","Standard Class"
80.7912,164.88,0,3,1,"Office Supplies","Paper","West","Home Office","First Class"
62.5056,183.84,0,8,5,"Furniture","Furnishings","West","Corporate","Standard Class"
66.9546,371.97,0,3,2,"Technology","Accessories","West","Home Office","Second Class"
0,451.152,0.2,3,5,"Furniture","Chairs","West","Consumer","Standard Class"
15.498,45.92,0.2,5,3,"Office Supplies","Fasteners","Central","Corporate","First Class"
43.1991,1007.979,0.3,3,2,"Technology","Machines","Central","Home Office","Second Class"
-26.8758,238.896,0.2,6,4,"Technology","Accessories","West","Consumer","Standard Class"
-1143.891,762.594,0.8,3,5,"Office Supplies","Binders","Central","Home Office","Standard Class"
11.2839,300.904,0.2,1,2,"Furniture","Tables","West","Home Office","Second Class"
4.6464,9.68,0,1,4,"Office Supplies","Paper","West","Consumer","Standard Class"
119.996,959.968,0.2,4,5,"Technology","Copiers","South","Corporate","Standard Class"
15.808,48.64,0.2,2,4,"Office Supplies","Binders","West","Corporate","Standard Class"
-729.9138,442.372,0.8,7,2,"Office Supplies","Binders","Central","Corporate","First Class"
2.8224,5.76,0,2,4,"Office Supplies","Labels","West","Consumer","Standard Class"
-18.147,308.499,0.15,3,5,"Furniture","Bookcases","West","Corporate","Standard Class"
1.6762,4.624,0.2,1,4,"Office Supplies","Paper","East","Home Office","Standard Class"
7.1586,357.93,0,3,7,"Office Supplies","Supplies","East","Consumer","Standard Class"
4.4344,9.64,0,2,3,"Office Supplies","Binders","East","Corporate","Second Class"
24.5028,70.008,0.2,3,2,"Office Supplies","Binders","West","Corporate","First Class"
23.3928,194.94,0,3,2,"Office Supplies","Storage","Central","Consumer","Second Class"
58.7916,209.97,0,3,7,"Technology","Phones","Central","Consumer","Standard Class"
152.0232,542.94,0,3,5,"Office Supplies","Appliances","South","Consumer","Standard Class"
2.245,7.184,0.2,2,3,"Office Supplies","Binders","West","Corporate","First Class"
1.521,3.9,0,2,6,"Office Supplies","Art","Central","Consumer","Standard Class"
19.296,40.2,0,3,6,"Furniture","Furnishings","East","Consumer","Standard Class"
6.8714,14.62,0,2,4,"Office Supplies","Labels","West","Corporate","Second Class"
5.1948,19.98,0,2,5,"Technology","Phones","East","Consumer","Standard Class"
-2.61,3.132,0.7,2,2,"Office Supplies","Binders","East","Corporate","First Class"
8.6715,18.45,0,5,5,"Office Supplies","Labels","East","Consumer","Standard Class"
-33.8418,150.408,0.2,9,0,"Office Supplies","Storage","South","Consumer","Same Day"
10.881,40.3,0,2,6,"Office Supplies","Art","Central","Corporate","Standard Class"
9.072,25.92,0.2,5,2,"Office Supplies","Paper","Central","Corporate","Second Class"
27.7158,369.544,0.2,7,4,"Technology","Phones","Central","Home Office","Standard Class"
-99.1032,38.864,0.8,4,7,"Office Supplies","Appliances","Central","Home Office","Standard Class"
3.363,11.21,0,1,3,"Office Supplies","Storage","East","Consumer","First Class"
1.1994,31.984,0.2,2,2,"Technology","Accessories","East","Consumer","Second Class"
-50.098,701.372,0.3,2,0,"Furniture","Chairs","Central","Home Office","Same Day"
17.982,39.96,0,4,3,"Office Supplies","Paper","East","Consumer","Second Class"
0.3399,27.192,0.2,3,7,"Technology","Accessories","South","Corporate","Standard Class"
23.235,74.352,0.2,3,2,"Office Supplies","Paper","Central","Consumer","Second Class"
1.3416,5.16,0,2,6,"Office Supplies","Art","West","Consumer","Standard Class"
-1.428,19.04,0.2,4,6,"Technology","Accessories","East","Consumer","Standard Class"
7.4496,15.52,0,4,4,"Office Supplies","Envelopes","West","Consumer","Second Class"
12.9096,93.888,0.2,4,6,"Furniture","Furnishings","East","Home Office","Standard Class"
3.024,6.3,0,2,2,"Office Supplies","Labels","West","Corporate","Second Class"
43.4217,149.73,0,7,2,"Office Supplies","Storage","West","Corporate","Second Class"
-6.21,165.6,0.2,3,6,"Technology","Accessories","West","Corporate","Standard Class"
10.7301,22.83,0,3,2,"Office Supplies","Paper","West","Consumer","First Class"
20.485,81.94,0,1,2,"Furniture","Bookcases","East","Corporate","First Class"
60.2553,122.97,0,3,5,"Office Supplies","Paper","South","Corporate","Standard Class"
-1141.47,760.98,0.8,5,4,"Office Supplies","Binders","Central","Corporate","Standard Class"
5.4432,15.552,0.2,3,5,"Office Supplies","Paper","East","Consumer","Second Class"
-17.6076,78.256,0.2,2,6,"Office Supplies","Storage","East","Home Office","Standard Class"
2.3312,4.96,0,4,4,"Office Supplies","Fasteners","West","Consumer","Standard Class"
1.316,3.76,0,2,7,"Office Supplies","Fasteners","South","Home Office","Standard Class"
-42.6528,66.645,0.5,3,5,"Furniture","Tables","Central","Corporate","Standard Class"
4.2408,17.856,0.2,4,6,"Office Supplies","Art","Central","Consumer","Standard Class"
20.7328,47.12,0,8,6,"Furniture","Furnishings","East","Consumer","Standard Class"
-13.896,9.264,0.8,3,2,"Office Supplies","Binders","Central","Corporate","First Class"
10.8864,31.104,0.2,6,3,"Office Supplies","Paper","Central","Consumer","First Class"
792.2691,2934.33,0,7,5,"Office Supplies","Storage","East","Corporate","Standard Class"
6.1704,17.14,0,2,0,"Furniture","Furnishings","Central","Consumer","Same Day"
16.196,404.9,0,5,5,"Office Supplies","Storage","Central","Consumer","Standard Class"
74.0532,284.82,0,1,2,"Technology","Phones","South","Consumer","Second Class"
3.528,10.08,0.2,4,4,"Office Supplies","Labels","South","Corporate","Second Class"
9.936,20.7,0,2,4,"Office Supplies","Labels","East","Corporate","Standard Class"
28.0192,63.68,0,8,4,"Furniture","Furnishings","East","Consumer","Standard Class"
3.2872,9.392,0.2,2,2,"Office Supplies","Paper","South","Corporate","First Class"
7.9488,17.28,0,6,4,"Office Supplies","Labels","East","Consumer","Standard Class"
49.4982,659.976,0.2,3,4,"Technology","Phones","West","Home Office","Standard Class"
54.4047,777.21,0,7,4,"Office Supplies","Storage","West","Consumer","Standard Class"
527.984,1319.96,0,4,3,"Technology","Accessories","South","Corporate","Second Class"
2.14,6.848,0.2,2,5,"Office Supplies","Paper","Central","Consumer","Second Class"
27.882,61.96,0,2,4,"Office Supplies","Paper","East","Consumer","Standard Class"
12.8184,26.16,0,4,4,"Office Supplies","Binders","South","Corporate","Standard Class"
-52.3392,65.424,0.6,4,7,"Furniture","Furnishings","Central","Consumer","Standard Class"
39.948,166.45,0,5,6,"Office Supplies","Storage","East","Home Office","Standard Class"
2.0672,6.08,0,2,7,"Office Supplies","Art","East","Consumer","Standard Class"
11.6263,54.712,0.2,7,4,"Furniture","Furnishings","East","Home Office","Standard Class"
8.88,23.68,0.2,2,7,"Office Supplies","Labels","East","Corporate","Standard Class"
7.008,18.688,0.2,2,3,"Office Supplies","Envelopes","West","Consumer","First Class"
52.688,142.4,0,5,5,"Furniture","Furnishings","South","Consumer","Standard Class"
349.3392,1247.64,0,3,1,"Office Supplies","Storage","West","Corporate","First Class"
1.7608,5.68,0,2,7,"Office Supplies","Art","East","Consumer","Standard Class"
26.901,54.9,0,5,6,"Office Supplies","Binders","Central","Consumer","Standard Class"
7.71,24.672,0.2,4,5,"Office Supplies","Binders","East","Corporate","Standard Class"
15.1116,43.176,0.2,3,7,"Technology","Phones","West","Consumer","Standard Class"
11.907,26.46,0,9,5,"Office Supplies","Art","West","Consumer","Standard Class"
10.773,143.64,0.2,9,4,"Technology","Phones","West","Consumer","Standard Class"
-52.8336,19.568,0.8,2,6,"Office Supplies","Appliances","Central","Consumer","Standard Class"
-7.2048,9.006,0.7,2,4,"Office Supplies","Binders","East","Consumer","Standard Class"
12.1176,323.136,0.2,4,4,"Furniture","Bookcases","East","Consumer","Standard Class"
34.758,695.16,0,6,5,"Office Supplies","Supplies","East","Corporate","Second Class"
3.4827,7.41,0,3,2,"Office Supplies","Fasteners","Central","Consumer","Second Class"
11.2896,23.04,0,8,5,"Office Supplies","Labels","West","Consumer","Standard Class"
20.7332,121.96,0,2,2,"Furniture","Chairs","East","Consumer","Second Class"
14.1426,41.904,0.2,6,4,"Office Supplies","Binders","West","Home Office","Standard Class"
-23.976,39.96,0.6,5,4,"Furniture","Furnishings","Central","Corporate","Standard Class"
35.04,70.08,0,6,5,"Office Supplies","Envelopes","Central","Consumer","Standard Class"
4.266,28.44,0.2,9,5,"Office Supplies","Fasteners","Central","Home Office","Standard Class"
6.0288,18.84,0,3,0,"Furniture","Furnishings","East","Consumer","Same Day"
9.6832,45.568,0.2,2,5,"Furniture","Furnishings","South","Home Office","Standard Class"
1.0738,3.304,0.2,1,5,"Office Supplies","Art","South","Consumer","Standard Class"
6.2152,18.28,0,2,2,"Furniture","Furnishings","West","Consumer","First Class"
23.7168,87.84,0,8,4,"Office Supplies","Appliances","West","Corporate","Standard Class"
11.1176,42.76,0,2,4,"Office Supplies","Art","South","Consumer","Standard Class"
-1.4352,1.872,0.7,3,6,"Office Supplies","Binders","West","Corporate","Standard Class"
6.465,129.3,0,2,0,"Office Supplies","Storage","West","Consumer","Same Day"
8.4784,211.96,0,4,5,"Office Supplies","Storage","West","Consumer","Standard Class"
-116.9805,539.91,0.4,3,2,"Technology","Phones","East","Corporate","Second Class"
9.3312,19.44,0,3,2,"Office Supplies","Paper","West","Consumer","First Class"
-12.8961,16.821,0.7,3,4,"Office Supplies","Binders","West","Consumer","Standard Class"
98.1396,272.61,0,13,1,"Technology","Accessories","South","Consumer","First Class"
20.538,68.46,0,2,4,"Furniture","Furnishings","West","Consumer","Standard Class"
35.994,119.98,0,2,5,"Technology","Accessories","West","Consumer","Second Class"
9.1776,45.888,0.2,4,2,"Furniture","Furnishings","East","Corporate","First Class"
-75.8304,284.364,0.4,2,4,"Furniture","Tables","East","Corporate","Standard Class"
81.2646,722.352,0.2,3,5,"Furniture","Chairs","West","Corporate","Standard Class"
1.356,67.8,0,4,6,"Technology","Phones","Central","Home Office","Standard Class"
29.4492,64.02,0,6,5,"Office Supplies","Envelopes","Central","Corporate","Standard Class"
-6.867,9.81,0.7,5,3,"Office Supplies","Binders","South","Corporate","First Class"
58.7916,209.97,0,3,6,"Technology","Phones","East","Consumer","Standard Class"
129.6,360,0,4,5,"Technology","Accessories","East","Home Office","Standard Class"
3.196,63.92,0,4,4,"Furniture","Furnishings","West","Consumer","Second Class"
59.0352,442.764,0.1,4,4,"Furniture","Chairs","East","Consumer","Standard Class"
-163.5767,602.651,0.3,7,2,"Furniture","Chairs","Central","Consumer","Second Class"
-128.2388,72.588,0.7,2,6,"Furniture","Bookcases","West","Corporate","Standard Class"
11.2224,32.064,0.2,6,4,"Office Supplies","Paper","South","Consumer","Second Class"
-8.4294,674.352,0.2,3,3,"Furniture","Tables","West","Home Office","First Class"
60.392,271.764,0.1,2,4,"Furniture","Chairs","East","Consumer","Standard Class"
8.3328,111.104,0.2,7,4,"Office Supplies","Art","East","Consumer","Standard Class"
-12.117,16.156,0.6,7,6,"Furniture","Furnishings","Central","Corporate","Standard Class"
42.225,140.75,0,5,4,"Office Supplies","Art","South","Home Office","Standard Class"
44.3664,113.76,0,3,7,"Office Supplies","Appliances","West","Consumer","Standard Class"
-37.1124,199.836,0.3,4,1,"Furniture","Tables","East","Corporate","First Class"
-168.9558,779.796,0.4,2,6,"Technology","Phones","East","Consumer","Standard Class"
59.0112,122.94,0,3,4,"Office Supplies","Binders","East","Corporate","Standard Class"
45.528,94.85,0,5,2,"Office Supplies","Paper","Central","Consumer","Second Class"
-5.7148,8.792,0.6,1,6,"Furniture","Furnishings","Central","Consumer","Standard Class"
78.9412,167.96,0,2,0,"Office Supplies","Envelopes","South","Home Office","Same Day"
2.3408,6.688,0.2,2,2,"Office Supplies","Binders","East","Consumer","First Class"
130.4913,359.976,0.2,3,5,"Technology","Phones","West","Consumer","Standard Class"
19.41,38.82,0,6,6,"Office Supplies","Binders","Central","Corporate","Standard Class"
43.6842,312.03,0,3,7,"Furniture","Furnishings","West","Consumer","Standard Class"
9.7164,161.94,0,3,2,"Office Supplies","Storage","East","Consumer","Second Class"
-6.5415,9.345,0.7,5,4,"Office Supplies","Binders","West","Consumer","Standard Class"
5.397,86.352,0.2,3,5,"Office Supplies","Art","East","Corporate","Standard Class"
30.7818,62.82,0,3,5,"Furniture","Furnishings","South","Home Office","Standard Class"
1.9024,6.56,0,2,3,"Office Supplies","Art","East","Consumer","Second Class"
9.63,30.816,0.2,9,3,"Office Supplies","Paper","South","Consumer","First Class"
6.129,13.62,0,3,6,"Office Supplies","Paper","South","Corporate","Standard Class"
-107.9928,539.964,0.4,6,4,"Technology","Phones","East","Consumer","Standard Class"
12.8928,60.672,0.2,6,2,"Furniture","Furnishings","East","Home Office","First Class"
29.372,83.92,0.2,5,1,"Office Supplies","Binders","West","Home Office","First Class"
0.9772,48.86,0,7,4,"Office Supplies","Storage","West","Consumer","Standard Class"
52.493,419.944,0.2,7,4,"Technology","Phones","West","Consumer","Standard Class"
5.4432,15.552,0.2,3,5,"Office Supplies","Paper","East","Corporate","Second Class"
3.6288,10.368,0.2,2,4,"Office Supplies","Paper","East","Corporate","Standard Class"
-1.3376,0.836,0.8,1,4,"Office Supplies","Binders","Central","Corporate","Standard Class"
3.6744,36.744,0.2,3,5,"Office Supplies","Storage","East","Consumer","Standard Class"
8.7672,26.976,0.2,4,2,"Office Supplies","Binders","West","Corporate","First Class"
0.4706,2.896,0.2,2,5,"Office Supplies","Fasteners","Central","Corporate","Standard Class"
13.8528,123.136,0.2,4,6,"Furniture","Chairs","West","Consumer","Standard Class"
190.08,396,0,4,6,"Technology","Machines","South","Consumer","Standard Class"
6.7176,67.176,0.2,3,1,"Technology","Phones","Central","Consumer","First Class"
459.396,1640.7,0,5,5,"Office Supplies","Appliances","West","Home Office","Standard Class"
2.8322,5.78,0,1,4,"Office Supplies","Paper","Central","Consumer","Standard Class"
-9.098,63.686,0.3,1,6,"Furniture","Chairs","East","Consumer","Standard Class"
4.3904,8.96,0,2,3,"Office Supplies","Paper","East","Consumer","Second Class"
9.3312,19.44,0,3,3,"Office Supplies","Paper","South","Consumer","First Class"
1.7955,28.728,0.2,3,1,"Office Supplies","Art","South","Consumer","First Class"
15.642,250.272,0.2,9,2,"Office Supplies","Storage","Central","Corporate","Second Class"
9.5172,28.84,0,2,4,"Office Supplies","Appliances","South","Home Office","Standard Class"
6.9986,39.992,0.2,1,5,"Technology","Accessories","Central","Consumer","Standard Class"
33.5772,447.696,0.2,2,4,"Office Supplies","Appliances","East","Home Office","Standard Class"
4.3524,11.16,0,2,3,"Office Supplies","Art","South","Consumer","Second Class"
8.5025,44.75,0,5,6,"Technology","Accessories","South","Corporate","Standard Class"
4.5188,13.904,0.2,2,7,"Office Supplies","Binders","West","Corporate","Standard Class"
9.534,34.05,0,3,6,"Office Supplies","Storage","East","Consumer","Standard Class"
13.734,36.624,0.2,3,1,"Office Supplies","Binders","West","Consumer","First Class"
35.9964,159.984,0.2,2,0,"Technology","Accessories","Central","Consumer","Same Day"
8.7906,17.94,0,3,5,"Office Supplies","Envelopes","South","Corporate","Second Class"
7.068,23.56,0.2,5,7,"Furniture","Furnishings","West","Home Office","Standard Class"
-23.892,14.48,0.8,5,7,"Office Supplies","Binders","Central","Corporate","Standard Class"
62.82,837.6,0.2,3,7,"Technology","Machines","West","Consumer","Standard Class"
4.2,12,0.2,4,4,"Office Supplies","Labels","South","Home Office","Standard Class"
7.6896,51.264,0.2,6,0,"Furniture","Furnishings","East","Consumer","Same Day"
0,241.568,0.2,2,7,"Furniture","Bookcases","South","Consumer","Standard Class"
3.895,15.58,0,1,5,"Office Supplies","Storage","West","Consumer","Standard Class"
9,18.75,0,5,3,"Office Supplies","Labels","West","Corporate","Second Class"
16.6568,35.44,0,1,2,"Office Supplies","Paper","South","Corporate","First Class"
4.4541,21.21,0,7,7,"Technology","Accessories","West","Home Office","Standard Class"
37.884,135.3,0,5,0,"Furniture","Furnishings","Central","Consumer","Same Day"
-26.964,38.52,0.7,3,7,"Office Supplies","Binders","South","Consumer","Standard Class"
50.396,806.336,0.2,8,4,"Technology","Phones","West","Consumer","Standard Class"
-244.323,452.45,0.5,5,7,"Furniture","Bookcases","East","Corporate","Standard Class"
336.635,1294.75,0,5,4,"Technology","Phones","East","Home Office","Standard Class"
9.3312,19.44,0,3,7,"Office Supplies","Paper","East","Corporate","Standard Class"
41.5688,127.904,0.2,7,5,"Office Supplies","Paper","Central","Consumer","Standard Class"
-5.9409,10.332,0.6,3,2,"Furniture","Furnishings","Central","Corporate","Second Class"
-53.2704,233.058,0.3,3,7,"Furniture","Chairs","Central","Consumer","Standard Class"
77.7519,287.97,0,3,5,"Technology","Phones","South","Corporate","Standard Class"
21.9492,195.104,0.2,4,4,"Office Supplies","Appliances","East","Consumer","Standard Class"
6.0147,14.67,0,3,6,"Office Supplies","Art","East","Home Office","Standard Class"
35.76,572.16,0.2,3,6,"Furniture","Chairs","West","Consumer","Standard Class"
9.5616,19.92,0,3,2,"Furniture","Furnishings","West","Consumer","Second Class"
10.8588,144.784,0.2,1,0,"Furniture","Chairs","West","Consumer","Same Day"
2.1,6,0.2,2,5,"Office Supplies","Labels","Central","Consumer","Standard Class"
2.0088,50.22,0,3,0,"Office Supplies","Storage","West","Consumer","Same Day"
-15.4764,51.588,0.4,1,4,"Furniture","Tables","East","Consumer","Standard Class"
-186.5682,73.164,0.8,6,4,"Office Supplies","Appliances","Central","Home Office","Standard Class"
49.9704,106.32,0,3,7,"Office Supplies","Paper","Central","Consumer","Standard Class"
-87.3418,470.302,0.3,7,3,"Furniture","Chairs","Central","Home Office","First Class"
4.5954,9.99,0,1,5,"Technology","Phones","East","Home Office","Standard Class"
-4.752,3.168,0.8,2,7,"Office Supplies","Binders","Central","Consumer","Standard Class"
29.0325,82.95,0,5,4,"Technology","Accessories","West","Consumer","Second Class"
2.528,7.9,0,2,0,"Office Supplies","Fasteners","Central","Consumer","Same Day"
17.8152,54.816,0.2,3,6,"Office Supplies","Paper","Central","Corporate","Standard Class"
107.7216,219.84,0,4,2,"Office Supplies","Paper","West","Consumer","First Class"
30.186,92.88,0.2,6,2,"Office Supplies","Binders","West","Consumer","Second Class"
90.7152,907.152,0.2,6,5,"Technology","Phones","West","Consumer","Standard Class"
-3.8208,9.552,0.6,3,2,"Furniture","Furnishings","Central","Home Office","Second Class"
0.712,7.12,0.2,5,3,"Office Supplies","Art","Central","Consumer","Second Class"
0,1228.465,0.3,5,4,"Furniture","Chairs","East","Consumer","Standard Class"
50.3658,186.54,0,3,5,"Office Supplies","Storage","West","Consumer","Standard Class"
2.6416,10.16,0,1,5,"Office Supplies","Art","Central","Home Office","Standard Class"
16.3352,46.672,0.2,2,5,"Office Supplies","Binders","West","Consumer","Second Class"
73.41,146.82,0,3,5,"Office Supplies","Paper","West","Home Office","Standard Class"
66.9546,371.97,0,3,2,"Technology","Accessories","East","Home Office","Second Class"
46.953,99.9,0,5,6,"Office Supplies","Paper","West","Home Office","Standard Class"
-60.8361,280.782,0.4,3,2,"Technology","Phones","East","Consumer","Second Class"
23.7564,211.168,0.2,4,5,"Technology","Phones","West","Consumer","Standard Class"
-18.0882,422.058,0.3,3,4,"Furniture","Chairs","East","Corporate","Standard Class"
-100.92,121.104,0.7,6,5,"Office Supplies","Binders","South","Consumer","Standard Class"
112.4928,234.36,0,6,0,"Office Supplies","Binders","South","Corporate","Same Day"
15.4752,59.52,0,3,4,"Office Supplies","Art","West","Consumer","Standard Class"
-9.1648,5.728,0.8,8,4,"Office Supplies","Binders","Central","Corporate","Standard Class"
-0.2685,21.48,0.2,3,1,"Technology","Accessories","Central","Consumer","First Class"
7.6284,23.472,0.2,3,2,"Office Supplies","Envelopes","South","Consumer","Second Class"
5.6956,15.712,0.2,4,4,"Office Supplies","Binders","West","Consumer","Standard Class"
17.6232,50.352,0.2,3,6,"Office Supplies","Binders","East","Corporate","Standard Class"
-3.0344,121.376,0.2,4,6,"Furniture","Furnishings","West","Consumer","Standard Class"
0,72.784,0.2,1,3,"Furniture","Chairs","West","Consumer","First Class"
15.525,51.75,0,1,4,"Furniture","Furnishings","West","Consumer","Standard Class"
2.5707,10.824,0.2,3,4,"Office Supplies","Fasteners","Central","Consumer","Standard Class"
121.1056,275.24,0,4,2,"Office Supplies","Appliances","East","Consumer","Second Class"
-95.2476,131.376,0.6,6,0,"Furniture","Furnishings","Central","Consumer","Same Day"
8.532,18.96,0,2,6,"Furniture","Furnishings","Central","Home Office","Standard Class"
33.2156,301.96,0,2,5,"Furniture","Chairs","Central","Consumer","Second Class"
-0.6624,2.944,0.2,1,5,"Office Supplies","Supplies","South","Consumer","Standard Class"
16.7986,203.983,0.15,2,4,"Furniture","Bookcases","West","Home Office","Standard Class"
4.2336,8.64,0,3,5,"Office Supplies","Labels","West","Consumer","Standard Class"
3.1104,6.48,0,1,2,"Office Supplies","Paper","West","Corporate","Second Class"
423.0085,1458.65,0,5,4,"Furniture","Chairs","Central","Corporate","Standard Class"
-71.2962,26.406,0.8,3,5,"Office Supplies","Appliances","Central","Consumer","Standard Class"
0.4172,4.768,0.2,2,5,"Office Supplies","Art","South","Corporate","Standard Class"
20.5114,41.86,0,7,4,"Office Supplies","Paper","East","Consumer","Standard Class"
-100.92,121.104,0.7,6,6,"Office Supplies","Binders","East","Home Office","Standard Class"
8.554,68.432,0.2,7,5,"Furniture","Furnishings","West","Corporate","Standard Class"
7.7688,23.904,0.2,6,2,"Office Supplies","Labels","East","Consumer","First Class"
1.638,5.04,0.2,1,7,"Office Supplies","Labels","South","Corporate","Standard Class"
2.3244,7.152,0.2,3,6,"Office Supplies","Binders","East","Consumer","Standard Class"
-9.093,127.302,0.3,7,2,"Furniture","Chairs","Central","Home Office","First Class"
88.1295,214.95,0,5,5,"Technology","Accessories","West","Home Office","Second Class"
18.8784,55.936,0.2,8,7,"Office Supplies","Envelopes","South","Corporate","Standard Class"
3.6288,10.368,0.2,2,6,"Office Supplies","Paper","Central","Corporate","Standard Class"
4.653,62.04,0.2,5,4,"Office Supplies","Storage","East","Consumer","Standard Class"
39.6312,80.88,0,3,3,"Office Supplies","Paper","East","Corporate","First Class"
126.0558,484.83,0,3,0,"Technology","Phones","South","Home Office","Same Day"
81.432,180.96,0,2,4,"Office Supplies","Envelopes","Central","Corporate","Standard Class"
5.4432,15.552,0.2,3,4,"Office Supplies","Paper","West","Consumer","Standard Class"
0.7938,7.056,0.2,3,5,"Office Supplies","Art","Central","Consumer","Second Class"
-108.3348,464.292,0.4,9,0,"Furniture","Tables","East","Consumer","Same Day"
9.3312,19.44,0,3,5,"Office Supplies","Paper","West","Consumer","Standard Class"
15.6375,34.75,0,5,1,"Technology","Phones","South","Corporate","First Class"
6.6846,25.71,0,3,4,"Office Supplies","Supplies","East","Corporate","Second Class"
7.4816,21.376,0.2,4,5,"Office Supplies","Paper","South","Home Office","Standard Class"
2.6376,6.28,0,1,4,"Furniture","Furnishings","West","Corporate","Standard Class"
-59.8356,435.168,0.2,4,5,"Furniture","Chairs","West","Corporate","Standard Class"
0.2598,12.99,0,1,6,"Technology","Phones","Central","Corporate","Standard Class"
3.384,56.4,0,3,4,"Technology","Accessories","West","Consumer","Standard Class"
-386.957,269.97,0.7,2,7,"Technology","Machines","West","Corporate","Standard Class"
0.3822,4.368,0.2,3,7,"Office Supplies","Art","South","Corporate","Standard Class"
659.98,1649.95,0,5,6,"Technology","Accessories","West","Corporate","Standard Class"
-31.0335,127.785,0.3,1,3,"Furniture","Tables","Central","Corporate","First Class"
132.5898,389.97,0,3,4,"Technology","Accessories","West","Consumer","Standard Class"
7.79,31.16,0,2,4,"Office Supplies","Storage","Central","Consumer","Standard Class"
-115.7058,330.588,0.4,1,4,"Furniture","Tables","East","Consumer","Standard Class"
3.4104,9.408,0.2,2,3,"Office Supplies","Paper","West","Corporate","First Class"
-19.5624,82.368,0.2,2,6,"Office Supplies","Storage","Central","Corporate","Standard Class"
9.5256,19.44,0,3,5,"Office Supplies","Paper","Central","Home Office","Second Class"
-6.1152,8.736,0.7,4,4,"Office Supplies","Binders","West","Consumer","Standard Class"
-20.6176,12.128,0.8,4,4,"Office Supplies","Binders","Central","Consumer","Standard Class"
-6.5076,3.828,0.8,3,7,"Office Supplies","Binders","Central","Consumer","Standard Class"
16.8,35,0,7,7,"Office Supplies","Fasteners","Central","Consumer","Standard Class"
-35.5136,155.372,0.3,2,3,"Furniture","Chairs","Central","Corporate","Second Class"
133.9713,461.97,0,3,5,"Technology","Phones","Central","Consumer","Standard Class"
19.458,41.4,0,5,5,"Office Supplies","Envelopes","East","Consumer","Standard Class"
4.264,16.4,0,5,5,"Office Supplies","Art","West","Consumer","Second Class"
45.4671,173.208,0.2,7,4,"Furniture","Furnishings","South","Corporate","Standard Class"
9.906,30.48,0.2,6,4,"Office Supplies","Paper","East","Corporate","Standard Class"
-37.9434,275.952,0.2,3,4,"Furniture","Bookcases","East","Home Office","Second Class"
70.008,145.85,0,5,7,"Office Supplies","Binders","South","Consumer","Standard Class"
-27.9312,38.088,0.7,4,4,"Office Supplies","Binders","East","Corporate","Standard Class"
-4.598,6.27,0.7,5,7,"Office Supplies","Binders","West","Consumer","Standard Class"
1.6356,5.64,0,3,7,"Office Supplies","Art","South","Corporate","Standard Class"
20.5755,70.95,0,3,2,"Office Supplies","Storage","East","Corporate","First Class"
4.779,25.488,0.2,2,4,"Technology","Accessories","Central","Home Office","Standard Class"
-6.3441,2.394,0.8,1,2,"Office Supplies","Appliances","Central","Consumer","First Class"
51.8346,191.98,0,2,5,"Technology","Phones","South","Consumer","Second Class"
-55.256,221.024,0.2,2,2,"Office Supplies","Storage","East","Consumer","First Class"
17.3148,36.84,0,3,5,"Office Supplies","Paper","Central","Corporate","Standard Class"
27.196,271.96,0.2,5,4,"Technology","Phones","West","Home Office","Standard Class"
4.068,67.8,0,4,6,"Technology","Accessories","West","Consumer","Standard Class"
16.98,33.96,0,2,3,"Office Supplies","Envelopes","South","Corporate","First Class"
10.92,21.84,0,3,5,"Office Supplies","Paper","South","Consumer","Standard Class"
-7.5768,10.332,0.7,3,4,"Office Supplies","Binders","East","Consumer","Standard Class"
18.0648,46.32,0,4,2,"Technology","Accessories","West","Corporate","First Class"
3.9831,12.07,0,1,2,"Furniture","Furnishings","East","Consumer","Second Class"
32.97,109.9,0,5,5,"Office Supplies","Art","East","Home Office","Second Class"
39.4268,140.81,0,1,5,"Furniture","Chairs","South","Corporate","Standard Class"
54.9504,203.52,0,3,1,"Office Supplies","Appliances","West","Consumer","First Class"
106.7808,381.36,0,7,5,"Office Supplies","Appliances","West","Corporate","Standard Class"
46.47,148.704,0.2,6,5,"Office Supplies","Paper","West","Consumer","Standard Class"
2.7062,270.62,0,2,4,"Office Supplies","Storage","West","Corporate","Standard Class"
1.8688,9.344,0.2,2,5,"Office Supplies","Art","West","Consumer","Standard Class"
68.12,209.6,0.2,5,0,"Office Supplies","Binders","West","Consumer","Same Day"
20.9274,160.98,0,1,7,"Furniture","Bookcases","Central","Corporate","Standard Class"
4.9616,49.616,0.2,2,4,"Technology","Phones","West","Corporate","Standard Class"
33.8598,104.184,0.2,3,5,"Office Supplies","Binders","West","Corporate","Standard Class"
25.5798,75.792,0.2,3,5,"Office Supplies","Binders","West","Home Office","Standard Class"
-17.248,10.78,0.8,5,5,"Office Supplies","Binders","Central","Consumer","Second Class"
75.5748,179.94,0,6,1,"Technology","Accessories","South","Consumer","First Class"
85.9818,182.94,0,3,4,"Office Supplies","Envelopes","West","Consumer","Standard Class"
22.984,176.8,0,8,4,"Technology","Accessories","West","Home Office","Standard Class"
17.745,354.9,0,5,2,"Office Supplies","Storage","West","Corporate","Second Class"
20.4822,113.79,0,3,1,"Furniture","Furnishings","East","Consumer","First Class"
236.2325,944.93,0,7,4,"Technology","Phones","Central","Consumer","Standard Class"
-13.0152,7.656,0.8,6,2,"Office Supplies","Binders","Central","Consumer","Second Class"
92.0835,484.65,0,3,4,"Office Supplies","Storage","West","Consumer","Standard Class"
0.891,1.98,0,2,4,"Technology","Accessories","Central","Corporate","Standard Class"
46.1184,96.08,0,2,4,"Office Supplies","Paper","Central","Consumer","Standard Class"
146.79,419.4,0.2,5,4,"Office Supplies","Paper","West","Corporate","Standard Class"
9.0048,18.76,0,2,0,"Office Supplies","Paper","East","Consumer","Same Day"
2.934,7.824,0.2,1,2,"Office Supplies","Envelopes","South","Consumer","Second Class"
25.2213,86.97,0,3,4,"Technology","Phones","Central","Corporate","Standard Class"
11.19,35.808,0.2,3,0,"Office Supplies","Binders","West","Consumer","Same Day"
31.188,67.8,0,10,2,"Office Supplies","Paper","Central","Home Office","First Class"
69.705,154.9,0,5,1,"Office Supplies","Paper","West","Consumer","First Class"
5.6644,11.56,0,2,7,"Office Supplies","Paper","Central","Consumer","Standard Class"
20.097,321.552,0.2,6,5,"Technology","Phones","West","Home Office","Standard Class"
19.5,62.4,0.2,6,2,"Technology","Accessories","Central","Corporate","Second Class"
0.4704,1.344,0.2,1,5,"Office Supplies","Binders","West","Consumer","Second Class"
-32.32,51.712,0.6,8,6,"Furniture","Furnishings","Central","Corporate","Standard Class"
22.2352,85.52,0,2,5,"Office Supplies","Storage","Central","Consumer","Standard Class"
1.3098,117.882,0.1,1,3,"Furniture","Chairs","East","Consumer","First Class"
22.3328,79.76,0,4,6,"Furniture","Furnishings","West","Consumer","Standard Class"
9.8418,20.94,0,3,4,"Office Supplies","Paper","West","Consumer","Standard Class"
101.6508,441.96,0,2,6,"Furniture","Bookcases","East","Corporate","Standard Class"
-26.541,141.552,0.2,3,6,"Office Supplies","Storage","East","Consumer","Standard Class"
-12.148,170.072,0.3,4,4,"Furniture","Chairs","Central","Consumer","Second Class"
4.7792,13.184,0.2,1,5,"Office Supplies","Binders","West","Consumer","Second Class"
9.4437,62.958,0.4,7,4,"Technology","Phones","East","Home Office","Standard Class"
3.6288,10.368,0.2,2,5,"Office Supplies","Paper","South","Home Office","Standard Class"
4.1972,47.968,0.2,2,7,"Furniture","Chairs","West","Corporate","Standard Class"
27.4302,55.98,0,1,4,"Office Supplies","Paper","West","Consumer","Standard Class"
68.001,906.68,0.2,5,4,"Furniture","Chairs","West","Corporate","Standard Class"
2.034,33.9,0,2,6,"Technology","Accessories","West","Corporate","Standard Class"
-62.3792,23.992,0.8,2,4,"Office Supplies","Appliances","Central","Consumer","Standard Class"
12.4416,25.92,0,4,3,"Office Supplies","Paper","Central","Corporate","Second Class"
-11.0848,6.928,0.8,1,3,"Office Supplies","Binders","Central","Consumer","First Class"
449.985,1499.95,0,5,2,"Technology","Copiers","West","Home Office","First Class"
8.694,18.9,0,3,4,"Office Supplies","Labels","East","Consumer","Second Class"
16.7886,62.18,0,1,4,"Office Supplies","Storage","West","Consumer","Standard Class"
3.8822,8.26,0,2,6,"Office Supplies","Binders","East","Home Office","Standard Class"
-118.0116,337.176,0.4,2,7,"Furniture","Tables","East","Corporate","Standard Class"
-10.6547,6.874,0.8,7,5,"Office Supplies","Binders","Central","Corporate","Standard Class"
47.994,159.98,0,2,2,"Technology","Accessories","West","Home Office","Second Class"
53.2608,110.96,0,2,4,"Office Supplies","Paper","West","Home Office","Standard Class"
31.4548,1336.829,0.15,13,4,"Furniture","Bookcases","West","Consumer","Standard Class"
91.7728,327.76,0,8,5,"Furniture","Furnishings","West","Home Office","Second Class"
55.0584,203.92,0,4,4,"Office Supplies","Appliances","South","Consumer","Standard Class"
6.1792,61.792,0.2,4,4,"Office Supplies","Storage","Central","Corporate","Second Class"
6.6468,18.336,0.2,3,4,"Office Supplies","Envelopes","South","Consumer","Standard Class"
-6.732,4.488,0.8,6,5,"Office Supplies","Binders","Central","Consumer","Standard Class"
22.7024,81.08,0,4,4,"Office Supplies","Appliances","West","Consumer","Second Class"
12.6592,27.52,0,4,5,"Office Supplies","Paper","Central","Consumer","Standard Class"
-3.432,2.08,0.8,5,2,"Office Supplies","Binders","Central","Consumer","Second Class"
-93.08,429.6,0.4,2,5,"Technology","Phones","East","Consumer","Second Class"
13.4512,38.432,0.2,1,5,"Office Supplies","Paper","Central","Consumer","Standard Class"
35.6238,131.94,0,3,2,"Office Supplies","Art","Central","Consumer","Second Class"
0,59.97,0,3,4,"Technology","Phones","South","Consumer","Standard Class"
16.6698,34.02,0,3,3,"Office Supplies","Paper","Central","Corporate","First Class"
-46.3946,29.932,0.8,7,6,"Office Supplies","Binders","Central","Home Office","Standard Class"
-49.92,33.28,0.8,5,4,"Office Supplies","Binders","Central","Corporate","Standard Class"
7.1712,14.94,0,3,6,"Office Supplies","Binders","South","Consumer","Standard Class"
4.4088,10.02,0,3,5,"Furniture","Furnishings","East","Corporate","Standard Class"
3.9144,13.98,0,2,4,"Technology","Phones","East","Consumer","Standard Class"
-25.2956,183.968,0.2,2,2,"Furniture","Bookcases","East","Consumer","First Class"
0.1744,4.36,0,2,2,"Office Supplies","Supplies","East","Consumer","First Class"
6.8388,102.582,0.1,1,0,"Furniture","Chairs","East","Consumer","Same Day"
-18.4548,113.568,0.2,2,4,"Furniture","Chairs","West","Consumer","Standard Class"
4.752,10.56,0,2,5,"Office Supplies","Paper","Central","Consumer","Standard Class"
5.8887,21.81,0,3,4,"Office Supplies","Supplies","Central","Home Office","Standard Class"
84.9436,184.66,0,7,0,"Office Supplies","Paper","East","Home Office","Same Day"
38.97,155.88,0,6,2,"Furniture","Chairs","Central","Home Office","First Class"
22.4808,62.016,0.2,2,6,"Office Supplies","Paper","South","Consumer","Standard Class"
-5.6784,113.568,0.2,2,0,"Furniture","Furnishings","West","Home Office","Same Day"
6.939,15.42,0,2,4,"Office Supplies","Binders","South","Home Office","Standard Class"
9.7176,242.94,0,3,5,"Office Supplies","Storage","West","Corporate","Standard Class"
54.3966,159.99,0,1,1,"Technology","Accessories","West","Corporate","First Class"
20.0851,40.99,0,1,3,"Office Supplies","Paper","East","Consumer","Second Class"
3.248,9.28,0.2,2,7,"Office Supplies","Binders","East","Consumer","Standard Class"
24.47,48.94,0,1,0,"Office Supplies","Paper","West","Consumer","Same Day"
4.5448,17.48,0,4,6,"Office Supplies","Appliances","West","Corporate","Standard Class"
-5.8248,9.708,0.6,3,2,"Furniture","Furnishings","Central","Corporate","First Class"
376.11,1114.4,0.2,7,2,"Technology","Phones","Central","Consumer","Second Class"
1.0348,6.368,0.2,2,4,"Office Supplies","Art","Central","Home Office","Standard Class"
6.206,21.4,0,5,3,"Office Supplies","Art","East","Consumer","First Class"
5.6956,15.712,0.2,4,4,"Office Supplies","Labels","Central","Corporate","Standard Class"
5.3392,11.36,0,2,6,"Office Supplies","Envelopes","East","Home Office","Standard Class"
1.6688,5.96,0,2,5,"Office Supplies","Art","West","Corporate","Standard Class"
3.2224,13.568,0.2,4,5,"Office Supplies","Art","Central","Corporate","Standard Class"
15.998,127.984,0.2,2,5,"Technology","Accessories","Central","Consumer","Standard Class"
32.095,65.5,0,5,4,"Office Supplies","Paper","South","Consumer","Standard Class"
0,212.88,0,6,4,"Office Supplies","Storage","East","Corporate","Standard Class"
56.6916,647.904,0.2,6,6,"Technology","Phones","Central","Corporate","Standard Class"
15.12,31.5,0,10,6,"Office Supplies","Labels","East","Consumer","Standard Class"
19.5238,41.54,0,2,4,"Office Supplies","Binders","Central","Corporate","Standard Class"
-24.496,97.984,0.2,2,2,"Office Supplies","Storage","Central","Corporate","Second Class"
34.3548,572.58,0,6,4,"Office Supplies","Storage","West","Corporate","Second Class"
5.538,17.04,0.2,3,2,"Office Supplies","Binders","West","Consumer","Second Class"
75.9696,155.04,0,4,4,"Office Supplies","Paper","East","Corporate","Standard Class"
4.4955,9.99,0,1,5,"Office Supplies","Paper","Central","Corporate","Second Class"
6.512,16.28,0,2,2,"Office Supplies","Art","East","Consumer","Second Class"
15.1116,43.176,0.2,3,1,"Technology","Phones","West","Home Office","First Class"
15.2988,46.36,0,4,5,"Technology","Accessories","West","Consumer","Standard Class"
-42.588,227.136,0.2,4,5,"Office Supplies","Storage","East","Consumer","Standard Class"
35.6613,98.376,0.2,3,5,"Office Supplies","Paper","Central","Corporate","Standard Class"
10.881,36.27,0,3,6,"Office Supplies","Appliances","South","Consumer","Standard Class"
43.1904,89.98,0,2,6,"Technology","Phones","East","Consumer","Standard Class"
2.3409,6.936,0.2,3,4,"Office Supplies","Labels","Central","Home Office","Standard Class"
4.2717,11.784,0.2,3,4,"Office Supplies","Labels","Central","Home Office","Standard Class"
9.8685,29.24,0.2,5,4,"Office Supplies","Labels","East","Consumer","Standard Class"
5.4432,15.552,0.2,3,5,"Office Supplies","Paper","South","Consumer","Standard Class"
12.672,26.4,0,5,4,"Office Supplies","Binders","Central","Consumer","Standard Class"
1.5714,4.656,0.2,2,6,"Furniture","Furnishings","East","Consumer","Standard Class"
18.6006,51.312,0.2,3,6,"Office Supplies","Binders","East","Consumer","Standard Class"
-10.2114,6.588,0.8,3,4,"Office Supplies","Binders","Central","Corporate","Standard Class"
-1.7772,71.088,0.2,2,2,"Furniture","Tables","West","Consumer","Second Class"
3.5952,35.952,0.2,3,2,"Office Supplies","Storage","Central","Consumer","Second Class"
4.6782,41.584,0.2,2,4,"Office Supplies","Art","East","Consumer","Standard Class"
35.3346,75.18,0,6,2,"Office Supplies","Labels","West","Consumer","First Class"
14.7582,196.776,0.2,3,6,"Technology","Phones","West","Corporate","Standard Class"
2.4288,5.28,0,2,5,"Office Supplies","Binders","Central","Home Office","Second Class"
0,4.71,0,1,4,"Office Supplies","Fasteners","West","Home Office","Standard Class"
12.4752,27.12,0,4,2,"Office Supplies","Paper","East","Consumer","First Class"
207.475,663.92,0.2,5,0,"Office Supplies","Binders","East","Consumer","Same Day"
503.64,4476.8,0.2,4,2,"Technology","Machines","West","Consumer","Second Class"
7.776,16.2,0,3,5,"Office Supplies","Binders","Central","Consumer","Second Class"
-45.8273,73.915,0.5,1,5,"Furniture","Tables","West","Corporate","Standard Class"
27.2848,272.848,0.2,1,4,"Furniture","Tables","West","Corporate","Standard Class"
0.2198,21.98,0,1,7,"Office Supplies","Storage","Central","Corporate","Standard Class"
1.8144,5.184,0.2,1,5,"Office Supplies","Paper","Central","Corporate","Standard Class"
1.3257,3.928,0.2,1,6,"Office Supplies","Binders","East","Consumer","Standard Class"
26.9024,76.864,0.2,2,3,"Office Supplies","Paper","Central","Consumer","First Class"
28.95,57.9,0,5,2,"Office Supplies","Envelopes","West","Corporate","Second Class"
-105.3164,1053.164,0.3,4,5,"Furniture","Tables","East","Home Office","Second Class"
22.3548,85.98,0,1,4,"Furniture","Tables","South","Consumer","Standard Class"
12.1348,26.38,0,1,4,"Office Supplies","Paper","Central","Home Office","Second Class"
-28.498,398.972,0.3,2,4,"Furniture","Chairs","East","Consumer","Standard Class"
16.4403,146.136,0.2,3,7,"Furniture","Chairs","South","Corporate","Standard Class"
1415.4296,4355.168,0.2,4,2,"Office Supplies","Binders","East","Home Office","First Class"
0.84,2.688,0.2,1,4,"Office Supplies","Binders","West","Consumer","Standard Class"
-4.851,2.772,0.8,7,6,"Office Supplies","Binders","Central","Consumer","Standard Class"
757.4112,1577.94,0,3,7,"Office Supplies","Binders","Central","Home Office","Standard Class"
112.788,563.94,0,3,6,"Furniture","Chairs","Central","Consumer","Standard Class"
73.194,585.552,0.2,3,1,"Furniture","Chairs","West","Home Office","First Class"
12.4416,25.92,0,4,6,"Office Supplies","Paper","West","Corporate","Standard Class"
11.58,38.6,0,4,6,"Furniture","Furnishings","South","Consumer","Standard Class"
30.415,60.83,0,7,5,"Office Supplies","Binders","Central","Corporate","Standard Class"
89.3142,307.98,0,2,3,"Technology","Phones","East","Consumer","First Class"
56.9943,299.97,0,3,6,"Furniture","Bookcases","East","Consumer","Standard Class"
137.151,279.9,0,5,4,"Office Supplies","Paper","Central","Consumer","Standard Class"
14.4,72,0.2,1,4,"Technology","Accessories","East","Home Office","Standard Class"
14.2324,41.86,0,7,7,"Office Supplies","Art","West","Consumer","Standard Class"
-2.0016,2.502,0.7,3,5,"Office Supplies","Binders","East","Consumer","Second Class"
-4.497,104.93,0.3,5,2,"Furniture","Chairs","Central","Consumer","Second Class"
4.1028,25.248,0.2,3,2,"Furniture","Furnishings","South","Consumer","Second Class"
6.5808,13.71,0,3,5,"Office Supplies","Binders","Central","Consumer","Second Class"
1.7325,19.8,0.2,5,6,"Technology","Phones","West","Corporate","Standard Class"
36.9873,136.99,0,1,6,"Technology","Phones","East","Consumer","Standard Class"
6.2244,55.328,0.2,2,3,"Office Supplies","Art","Central","Corporate","First Class"
29.952,79.872,0.2,3,4,"Office Supplies","Binders","East","Corporate","Second Class"
-5.4801,383.607,0.3,9,5,"Furniture","Chairs","Central","Consumer","Second Class"
73.5448,159.88,0,7,4,"Office Supplies","Paper","West","Consumer","Standard Class"
5.2332,18.69,0,7,4,"Office Supplies","Art","West","Consumer","Standard Class"
8.3538,32.13,0,9,7,"Office Supplies","Art","East","Consumer","Standard Class"
3.7308,149.232,0.2,3,2,"Furniture","Furnishings","East","Consumer","Second Class"
-14.1639,27.414,0.4,3,0,"Furniture","Tables","East","Consumer","Same Day"
36.2877,125.13,0,3,4,"Office Supplies","Appliances","East","Corporate","Standard Class"
19.1786,219.184,0.2,2,7,"Technology","Phones","West","Consumer","Standard Class"
381.2375,1219.96,0.2,5,3,"Office Supplies","Binders","West","Consumer","First Class"
7.584,18.96,0,2,4,"Furniture","Furnishings","Central","Corporate","Standard Class"
1049.985,3359.952,0.2,6,4,"Technology","Copiers","West","Home Office","Standard Class"
34.776,72.45,0,7,7,"Office Supplies","Labels","East","Consumer","Standard Class"
6.3504,12.96,0,2,3,"Office Supplies","Paper","West","Corporate","First Class"
11.895,36.6,0.2,3,5,"Office Supplies","Envelopes","Central","Consumer","Standard Class"
11.4504,35.232,0.2,3,5,"Office Supplies","Binders","East","Consumer","Standard Class"
21.5397,246.168,0.2,3,5,"Technology","Phones","South","Corporate","Standard Class"
9.6192,20.04,0,3,6,"Office Supplies","Paper","West","Consumer","Standard Class"
20.1579,230.376,0.2,3,3,"Technology","Phones","West","Corporate","First Class"
15.372,54.9,0,5,7,"Office Supplies","Supplies","East","Consumer","Standard Class"
1.7052,5.88,0,2,4,"Office Supplies","Art","West","Consumer","Standard Class"
10.8864,31.104,0.2,6,6,"Office Supplies","Paper","East","Home Office","Standard Class"
1.3,13,0.2,5,4,"Office Supplies","Appliances","South","Consumer","Second Class"
375.735,2254.41,0.1,5,6,"Furniture","Chairs","East","Consumer","Standard Class"
8.445,67.56,0.2,3,2,"Office Supplies","Art","South","Home Office","Second Class"
0.8792,87.92,0,4,5,"Office Supplies","Storage","West","Consumer","Standard Class"
6.8714,14.62,0,2,2,"Office Supplies","Labels","West","Corporate","First Class"
19.7712,54.92,0,4,3,"Furniture","Furnishings","West","Consumer","First Class"
13.1868,48.84,0,4,4,"Office Supplies","Storage","West","Corporate","Standard Class"
15.552,32.4,0,5,5,"Office Supplies","Paper","Central","Consumer","Standard Class"
2.0228,7.78,0,2,5,"Office Supplies","Appliances","West","Consumer","Standard Class"
17.6232,50.352,0.2,3,5,"Office Supplies","Binders","West","Corporate","Standard Class"
28.7964,79.99,0,1,5,"Technology","Accessories","West","Home Office","Standard Class"
4.872,13.92,0.2,3,7,"Office Supplies","Binders","West","Corporate","Standard Class"
7.1346,15.18,0,3,2,"Office Supplies","Binders","South","Home Office","First Class"
15.0735,241.176,0.2,3,4,"Technology","Phones","Central","Consumer","Standard Class"
15.9936,47.04,0,4,7,"Furniture","Furnishings","West","Consumer","Standard Class"
2.598,41.568,0.2,2,7,"Furniture","Chairs","West","Corporate","Standard Class"
3.393,10.44,0.2,5,2,"Office Supplies","Labels","Central","Consumer","First Class"
2.8,8,0.2,2,5,"Office Supplies","Fasteners","East","Corporate","Standard Class"
-52.9584,20.768,0.8,8,6,"Office Supplies","Appliances","Central","Consumer","Standard Class"
757.4112,1577.94,0,3,4,"Office Supplies","Binders","South","Consumer","Standard Class"
5.07,16.9,0,2,5,"Office Supplies","Supplies","West","Corporate","Standard Class"
142.9948,549.98,0,2,0,"Technology","Phones","East","Corporate","Same Day"
12.8568,29.22,0,3,4,"Furniture","Furnishings","West","Consumer","Standard Class"
170.997,569.99,0,1,4,"Technology","Phones","East","Corporate","Second Class"
-25.198,151.188,0.4,2,5,"Technology","Phones","East","Corporate","Standard Class"
10.3488,21.56,0,7,4,"Office Supplies","Labels","West","Consumer","Standard Class"
9.294,123.92,0.2,5,5,"Office Supplies","Appliances","East","Consumer","Standard Class"
-4.3792,20.608,0.2,2,4,"Office Supplies","Supplies","South","Corporate","Standard Class"
0.896,14.336,0.2,4,3,"Office Supplies","Appliances","South","Consumer","Second Class"
8.7138,18.54,0,2,6,"Office Supplies","Paper","East","Consumer","Standard Class"
5.256,11.68,0,4,5,"Office Supplies","Fasteners","East","Consumer","Second Class"
25.62,61,0,5,2,"Furniture","Furnishings","South","Home Office","Second Class"
10.8054,29.808,0.2,2,4,"Office Supplies","Envelopes","South","Consumer","Second Class"
17.994,59.98,0,2,3,"Technology","Phones","South","Consumer","First Class"
3.2676,9.336,0.2,3,5,"Office Supplies","Binders","West","Consumer","Second Class"
28.755,63.9,0,5,2,"Office Supplies","Envelopes","East","Home Office","First Class"
38.3238,81.54,0,3,2,"Office Supplies","Envelopes","Central","Consumer","Second Class"
6.104,21.8,0,2,5,"Technology","Phones","East","Consumer","Standard Class"
26.07,104.28,0,3,2,"Office Supplies","Storage","West","Home Office","First Class"
105.468,239.7,0,6,6,"Technology","Accessories","South","Corporate","Standard Class"
14.5152,41.472,0.2,8,3,"Office Supplies","Paper","Central","Corporate","Second Class"
-10.0464,50.232,0.4,7,4,"Technology","Phones","East","Consumer","Standard Class"
-14.7931,169.064,0.2,7,2,"Technology","Accessories","West","Corporate","First Class"
38.5722,342.864,0.2,3,4,"Office Supplies","Storage","Central","Home Office","Standard Class"
-5.8346,408.422,0.3,2,4,"Furniture","Chairs","Central","Consumer","Standard Class"
27.1666,66.26,0,2,2,"Technology","Accessories","West","Consumer","First Class"
3.465,27.72,0.2,3,4,"Office Supplies","Art","Central","Consumer","Standard Class"
6.074,97.184,0.2,2,5,"Furniture","Chairs","West","Corporate","Second Class"
-4.7784,2.896,0.8,1,6,"Office Supplies","Binders","Central","Consumer","Standard Class"
5.2026,14.352,0.2,3,3,"Office Supplies","Paper","South","Corporate","First Class"
-228.7425,274.491,0.7,3,4,"Office Supplies","Binders","East","Consumer","Standard Class"
14.0712,102.336,0.2,8,3,"Technology","Accessories","West","Consumer","Second Class"
-13.5882,120.784,0.2,1,7,"Furniture","Chairs","West","Home Office","Standard Class"
12.4416,25.92,0,4,7,"Office Supplies","Paper","West","Consumer","Standard Class"
122.7648,383.64,0,6,4,"Furniture","Furnishings","West","Consumer","Standard Class"
0.5152,25.76,0,7,3,"Office Supplies","Supplies","West","Consumer","First Class"
-8.9152,22.288,0.6,7,1,"Furniture","Furnishings","Central","Corporate","First Class"
-393.602,143.128,0.8,2,4,"Office Supplies","Appliances","Central","Consumer","Standard Class"
10.4148,31.56,0,3,0,"Furniture","Furnishings","West","Consumer","Same Day"
-459.6072,176.772,0.8,3,4,"Office Supplies","Appliances","Central","Consumer","Standard Class"
-1.7514,2.502,0.7,3,1,"Office Supplies","Binders","East","Corporate","First Class"
-17.6076,78.256,0.2,2,4,"Office Supplies","Storage","West","Consumer","Standard Class"
14.651,29.9,0,5,5,"Office Supplies","Paper","East","Home Office","Second Class"
252.588,673.568,0.2,2,4,"Office Supplies","Binders","East","Consumer","Standard Class"
21.252,46.2,0,4,5,"Office Supplies","Art","West","Consumer","Standard Class"
-18.196,72.784,0.2,1,6,"Office Supplies","Storage","Central","Consumer","Standard Class"
31.2832,96.256,0.2,8,5,"Office Supplies","Paper","South","Corporate","Standard Class"
9.688,27.68,0.2,2,4,"Office Supplies","Binders","West","Consumer","Standard Class"
-3.4272,4.896,0.7,3,3,"Office Supplies","Binders","West","Consumer","Second Class"
16.7508,49.632,0.2,6,3,"Office Supplies","Binders","East","Consumer","Second Class"
-950.4,1188,0.7,9,7,"Technology","Machines","East","Corporate","Standard Class"
3.8529,11.416,0.2,1,6,"Office Supplies","Binders","West","Corporate","Standard Class"
103.8982,221.06,0,7,1,"Office Supplies","Binders","East","Corporate","First Class"
37.23,167.535,0.1,3,4,"Office Supplies","Appliances","Central","Home Office","Standard Class"
-45.294,211.372,0.3,2,4,"Furniture","Tables","Central","Consumer","Standard Class"
5.2877,18.392,0.2,1,4,"Technology","Accessories","Central","Consumer","Standard Class"
83.284,177.2,0,5,5,"Office Supplies","Paper","Central","Corporate","Second Class"
69.705,223.056,0.2,9,6,"Office Supplies","Paper","Central","Consumer","Standard Class"
-35.5136,155.372,0.3,2,5,"Furniture","Chairs","East","Home Office","Second Class"
-17.9424,22.428,0.7,3,6,"Office Supplies","Binders","East","Home Office","Standard Class"
87.3504,545.94,0,6,3,"Furniture","Chairs","South","Consumer","Second Class"
3.456,11.52,0,4,6,"Office Supplies","Art","West","Consumer","Standard Class"
226.9644,872.94,0,3,4,"Furniture","Chairs","Central","Corporate","Standard Class"
13.788,45.96,0,2,5,"Office Supplies","Appliances","East","Consumer","Standard Class"
8.0712,21.24,0,3,2,"Office Supplies","Art","East","Consumer","First Class"
214.76,826,0,5,2,"Office Supplies","Storage","South","Consumer","First Class"
27.3182,84.056,0.2,7,2,"Office Supplies","Binders","West","Consumer","Second Class"
12.7746,27.18,0,1,6,"Office Supplies","Envelopes","East","Consumer","Standard Class"
2.5056,6.912,0.2,3,2,"Office Supplies","Labels","East","Consumer","Second Class"
70.196,1403.92,0.2,5,5,"Furniture","Chairs","West","Corporate","Standard Class"
99.9408,212.64,0,6,4,"Office Supplies","Paper","East","Consumer","Second Class"
20.21,43,0,5,5,"Office Supplies","Binders","Central","Corporate","Standard Class"
8.8624,24.448,0.2,2,3,"Office Supplies","Binders","West","Consumer","First Class"
341.994,2735.952,0.2,6,2,"Technology","Phones","Central","Consumer","First Class"
6.8016,20.928,0.2,4,4,"Office Supplies","Paper","East","Corporate","Standard Class"
10.4284,35.96,0,2,2,"Office Supplies","Art","West","Consumer","Second Class"
1.7901,6.63,0,3,1,"Office Supplies","Art","West","Consumer","First Class"
311.9948,959.984,0.2,2,4,"Technology","Copiers","South","Consumer","Standard Class"
13.8579,158.376,0.2,3,1,"Technology","Phones","South","Home Office","First Class"
0.8624,2.464,0.2,1,2,"Office Supplies","Labels","Central","Home Office","Second Class"
13.2986,28.91,0,7,5,"Office Supplies","Labels","East","Home Office","Standard Class"
91.152,303.84,0,8,6,"Office Supplies","Art","West","Consumer","Standard Class"
46.225,147.92,0.2,5,2,"Office Supplies","Binders","West","Home Office","Second Class"
-12.8392,449.372,0.3,2,4,"Furniture","Chairs","East","Consumer","Standard Class"
36.7255,74.95,0,5,4,"Technology","Phones","East","Consumer","Standard Class"
34.3656,79.92,0,4,7,"Furniture","Furnishings","West","Corporate","Standard Class"
10.224,22.72,0,4,5,"Office Supplies","Paper","West","Consumer","Second Class"
-20.448,25.56,0.7,5,5,"Office Supplies","Binders","East","Consumer","Second Class"
7.2576,20.736,0.2,4,2,"Office Supplies","Paper","Central","Corporate","First Class"
6.2208,12.96,0,2,5,"Office Supplies","Paper","South","Consumer","Standard Class"
-184.8366,355.455,0.5,3,6,"Furniture","Tables","Central","Consumer","Standard Class"
-4.9128,6.408,0.7,4,4,"Office Supplies","Binders","South","Consumer","Standard Class"
267.705,892.35,0,5,7,"Office Supplies","Storage","West","Consumer","Standard Class"
-195.4788,1421.664,0.2,6,6,"Furniture","Tables","West","Corporate","Standard Class"
12.3144,140.736,0.2,4,2,"Office Supplies","Art","South","Corporate","Second Class"
-4.461,71.376,0.2,3,7,"Office Supplies","Storage","East","Consumer","Standard Class"
3.1104,6.48,0,1,6,"Office Supplies","Paper","Central","Consumer","Standard Class"
5.5674,16.496,0.2,2,7,"Office Supplies","Paper","South","Consumer","Standard Class"
-9.264,13.896,0.7,3,6,"Office Supplies","Binders","East","Corporate","Standard Class"
18.8732,52.064,0.2,4,6,"Office Supplies","Binders","East","Home Office","Standard Class"
7.6416,25.472,0.2,4,4,"Furniture","Furnishings","East","Consumer","Standard Class"
17.324,173.24,0,4,1,"Furniture","Furnishings","East","Consumer","First Class"
-16.884,9.648,0.8,6,4,"Office Supplies","Binders","Central","Consumer","Standard Class"
6.2208,12.96,0,2,4,"Office Supplies","Paper","Central","Consumer","Standard Class"
-447.5947,1579.746,0.4,7,4,"Furniture","Tables","East","Corporate","Standard Class"
6.1488,21.96,0,2,5,"Office Supplies","Supplies","Central","Corporate","Standard Class"
68.198,1091.168,0.2,4,4,"Technology","Phones","West","Home Office","Standard Class"
2.1888,19.456,0.2,4,0,"Office Supplies","Art","Central","Home Office","Same Day"
16.032,33.4,0,5,4,"Office Supplies","Paper","West","Corporate","Standard Class"
422.51,1690.04,0,4,5,"Furniture","Chairs","South","Consumer","Standard Class"
4.2471,37.752,0.2,3,3,"Office Supplies","Supplies","East","Consumer","Second Class"
13.17,35.12,0.2,2,2,"Technology","Phones","West","Consumer","Second Class"
27.9344,107.44,0,8,5,"Office Supplies","Storage","East","Consumer","Second Class"
-97.176,518.272,0.2,8,4,"Furniture","Chairs","West","Home Office","Standard Class"
6.3504,12.96,0,2,6,"Office Supplies","Paper","West","Home Office","Standard Class"
18.3456,47.04,0,3,3,"Furniture","Furnishings","East","Consumer","First Class"
7.89,25.248,0.2,4,4,"Office Supplies","Fasteners","Central","Consumer","Second Class"
2.1286,5.872,0.2,2,0,"Office Supplies","Binders","West","Consumer","Same Day"
134.3888,479.96,0,4,6,"Technology","Phones","Central","Consumer","Standard Class"
6.9795,111.672,0.2,9,3,"Office Supplies","Storage","Central","Corporate","First Class"
8.4656,32.56,0,2,4,"Office Supplies","Storage","Central","Corporate","Standard Class"
-22.6716,129.552,0.2,3,5,"Office Supplies","Storage","South","Corporate","Standard Class"
6.465,129.3,0,2,6,"Office Supplies","Storage","Central","Consumer","Standard Class"
14.148,52.4,0,5,6,"Office Supplies","Storage","Central","Consumer","Standard Class"
136.665,546.66,0,9,0,"Furniture","Chairs","Central","Consumer","Same Day"
-3.3792,2.112,0.8,2,5,"Office Supplies","Binders","Central","Consumer","Standard Class"
38.61,343.2,0.2,1,4,"Technology","Machines","West","Home Office","Standard Class"
3.21,10.272,0.2,3,4,"Office Supplies","Paper","South","Consumer","Second Class"
6.03,19.296,0.2,3,2,"Office Supplies","Binders","West","Corporate","First Class"
9.072,25.92,0.2,5,4,"Office Supplies","Paper","East","Home Office","Standard Class"
6.5538,23.832,0.2,3,6,"Office Supplies","Art","West","Corporate","Standard Class"
1.7352,7.712,0.2,2,5,"Furniture","Furnishings","West","Consumer","Standard Class"
69.6546,619.152,0.2,6,5,"Technology","Phones","Central","Consumer","Standard Class"
7.9378,24.424,0.2,1,2,"Office Supplies","Labels","Central","Home Office","Second Class"
6.2208,12.96,0,2,4,"Office Supplies","Paper","West","Corporate","Standard Class"
29.2857,62.31,0,3,1,"Office Supplies","Binders","South","Home Office","First Class"
17.428,139.424,0.2,4,5,"Office Supplies","Storage","West","Corporate","Standard Class"
101.3832,1013.832,0.2,9,4,"Furniture","Chairs","South","Corporate","Second Class"
12.9584,39.872,0.2,2,6,"Office Supplies","Binders","West","Consumer","Standard Class"
1.2672,11.264,0.2,8,4,"Office Supplies","Art","East","Home Office","Standard Class"
6.5164,23.696,0.2,2,4,"Office Supplies","Appliances","East","Consumer","Standard Class"
4.042,8.6,0,1,6,"Office Supplies","Binders","South","Consumer","Standard Class"
13.734,36.624,0.2,3,2,"Office Supplies","Binders","West","Consumer","First Class"
10.3071,21.93,0,3,2,"Office Supplies","Labels","West","Consumer","Second Class"
120.9468,465.18,0,3,6,"Office Supplies","Storage","East","Corporate","Standard Class"
15.9446,32.54,0,2,0,"Office Supplies","Binders","East","Consumer","Same Day"
-20.4352,13.184,0.8,4,4,"Office Supplies","Binders","Central","Corporate","Standard Class"
-5.823,3.882,0.8,3,3,"Office Supplies","Binders","Central","Home Office","Second Class"
-1.4196,99.372,0.3,2,4,"Furniture","Tables","Central","Corporate","Standard Class"
-9.5018,12.957,0.7,7,4,"Office Supplies","Binders","East","Home Office","Standard Class"
19.8254,40.46,0,7,4,"Office Supplies","Paper","Central","Corporate","Second Class"
10.203,53.7,0,6,5,"Technology","Accessories","South","Consumer","Standard Class"
-3.552,5.328,0.7,2,5,"Office Supplies","Binders","South","Home Office","Standard Class"
7.2576,20.736,0.2,4,4,"Office Supplies","Paper","East","Consumer","Standard Class"
50.328,104.85,0,1,6,"Office Supplies","Paper","Central","Consumer","Standard Class"
3.2406,9.82,0,2,2,"Furniture","Furnishings","East","Consumer","First Class"
3.556,20.32,0.2,5,7,"Furniture","Furnishings","South","Corporate","Standard Class"
-13.8717,369.912,0.2,3,5,"Furniture","Tables","West","Consumer","Standard Class"
26.824,76.64,0.2,2,4,"Office Supplies","Paper","Central","Corporate","Standard Class"
2.7324,9.936,0.2,3,4,"Office Supplies","Art","Central","Consumer","Standard Class"
163.1898,479.97,0,3,6,"Technology","Accessories","West","Corporate","Standard Class"
0.8088,2.696,0.2,1,3,"Office Supplies","Art","East","Home Office","First Class"
6.4944,64.944,0.2,3,5,"Furniture","Furnishings","East","Home Office","Standard Class"
61.389,323.1,0,2,4,"Office Supplies","Storage","West","Corporate","Standard Class"
-1306.5504,1633.188,0.7,4,7,"Office Supplies","Binders","South","Home Office","Standard Class"
1013.127,4404.9,0,5,4,"Furniture","Bookcases","East","Corporate","Standard Class"
10.584,22.05,0,7,6,"Office Supplies","Labels","West","Home Office","Standard Class"
54.5844,209.94,0,6,5,"Office Supplies","Art","Central","Corporate","Second Class"
-12.5286,52.752,0.2,3,0,"Office Supplies","Storage","Central","Home Office","Same Day"
-20.7846,184.752,0.2,3,6,"Furniture","Chairs","West","Consumer","Standard Class"
-75.5958,431.976,0.2,3,2,"Technology","Accessories","East","Consumer","First Class"
32.9817,113.73,0,3,5,"Technology","Phones","South","Consumer","Standard Class"
5.898,117.96,0,2,5,"Office Supplies","Storage","East","Consumer","Standard Class"
68.9631,146.73,0,3,5,"Office Supplies","Paper","East","Consumer","Standard Class"
-6.549,589.41,0.1,5,2,"Furniture","Chairs","East","Consumer","First Class"
7.2576,20.736,0.2,4,0,"Office Supplies","Paper","East","Home Office","Same Day"
4.8924,14.496,0.2,3,5,"Office Supplies","Paper","South","Consumer","Standard Class"
70.0977,170.97,0,3,7,"Technology","Accessories","West","Consumer","Standard Class"
10.395,34.65,0,3,3,"Office Supplies","Art","South","Consumer","First Class"
92.2368,192.16,0,4,7,"Office Supplies","Paper","West","Consumer","Standard Class"
88.053,179.7,0,6,6,"Technology","Phones","East","Consumer","Standard Class"
0.2016,5.04,0,4,2,"Office Supplies","Fasteners","Central","Corporate","Second Class"
76.0116,1013.488,0.2,7,2,"Furniture","Chairs","West","Consumer","Second Class"
7.9984,99.98,0,2,1,"Technology","Accessories","East","Consumer","First Class"
11.492,88.4,0,4,2,"Technology","Accessories","East","Consumer","First Class"
143.1918,795.51,0,3,4,"Office Supplies","Storage","Central","Home Office","Standard Class"
-5.0098,400.784,0.2,1,2,"Furniture","Bookcases","East","Consumer","Second Class"
52.38,116.4,0,8,2,"Office Supplies","Binders","Central","Corporate","Second Class"
-127.5792,637.896,0.3,3,1,"Furniture","Tables","East","Corporate","First Class"
1.674,4.464,0.2,1,7,"Office Supplies","Envelopes","Central","Home Office","Standard Class"
-36.1764,844.116,0.3,6,4,"Furniture","Chairs","East","Consumer","Standard Class"
29.3284,86.26,0,2,5,"Furniture","Furnishings","West","Consumer","Standard Class"
3.666,29.328,0.2,3,4,"Furniture","Furnishings","West","Corporate","Standard Class"
156.751,319.9,0,5,5,"Office Supplies","Binders","South","Corporate","Standard Class"
434.9913,1199.976,0.2,3,4,"Technology","Copiers","West","Consumer","Standard Class"
33.831,100.24,0.2,10,2,"Office Supplies","Labels","East","Consumer","First Class"
1.872,6.24,0,3,5,"Office Supplies","Supplies","West","Home Office","Second Class"
41.3374,158.99,0,1,5,"Technology","Phones","East","Corporate","Standard Class"
3.24,18,0,1,2,"Technology","Accessories","South","Home Office","Second Class"
19.4656,69.52,0,2,5,"Office Supplies","Storage","West","Corporate","Second Class"
8.6436,17.64,0,3,5,"Office Supplies","Paper","Central","Consumer","Standard Class"
19.3932,258.576,0.2,2,6,"Technology","Phones","West","Corporate","Standard Class"
3.852,8.56,0,2,3,"Office Supplies","Paper","West","Corporate","First Class"
15.4752,59.52,0,3,6,"Office Supplies","Art","East","Corporate","Standard Class"
22.4196,65.94,0,3,7,"Furniture","Furnishings","West","Corporate","Standard Class"
-0.6976,3.488,0.2,2,4,"Office Supplies","Supplies","East","Home Office","Standard Class"
100.7316,373.08,0,6,5,"Office Supplies","Storage","Central","Consumer","Standard Class"
20.0156,181.96,0,2,5,"Furniture","Furnishings","East","Consumer","Standard Class"
390.977,849.95,0,5,4,"Office Supplies","Binders","East","Home Office","Standard Class"
26.973,79.92,0.2,10,4,"Technology","Phones","West","Consumer","Standard Class"
22.992,47.9,0,1,7,"Office Supplies","Paper","West","Corporate","Standard Class"
9.039,19.65,0,3,3,"Office Supplies","Paper","East","Consumer","First Class"
61.389,323.1,0,2,4,"Office Supplies","Storage","West","Consumer","Standard Class"
-6.4944,8.856,0.7,6,6,"Office Supplies","Binders","East","Consumer","Standard Class"
3.0576,6.24,0,2,4,"Office Supplies","Binders","East","Home Office","Standard Class"
-20.7846,184.752,0.2,3,4,"Furniture","Chairs","West","Corporate","Standard Class"
7.0096,26.96,0,2,3,"Office Supplies","Storage","West","Consumer","First Class"
15.594,33.9,0,5,4,"Office Supplies","Paper","West","Consumer","Standard Class"
0.8288,2.368,0.2,2,7,"Office Supplies","Fasteners","West","Corporate","Standard Class"
40.6878,191.472,0.2,6,2,"Technology","Accessories","South","Corporate","Second Class"
0.5967,2.21,0,1,4,"Office Supplies","Art","West","Consumer","Second Class"
-2.0264,1.192,0.8,2,5,"Office Supplies","Binders","Central","Consumer","Standard Class"
15.552,32.4,0,5,5,"Office Supplies","Paper","West","Consumer","Standard Class"
0.6474,3.984,0.2,1,4,"Furniture","Furnishings","East","Consumer","Standard Class"
6.3504,12.96,0,2,4,"Office Supplies","Paper","East","Consumer","Standard Class"
60.1412,127.96,0,2,2,"Office Supplies","Binders","Central","Home Office","Second Class"
35.6636,75.88,0,2,2,"Office Supplies","Paper","South","Consumer","First Class"
10.0878,21.93,0,3,5,"Office Supplies","Paper","Central","Consumer","Standard Class"
9.3312,19.44,0,3,1,"Office Supplies","Paper","West","Home Office","First Class"
2.2504,7.76,0,2,7,"Office Supplies","Supplies","East","Consumer","Standard Class"
-153.2024,58.924,0.8,1,6,"Office Supplies","Appliances","Central","Consumer","Standard Class"
111.5688,307.776,0.2,7,5,"Office Supplies","Paper","West","Corporate","Standard Class"
-4.746,27.12,0.2,2,4,"Technology","Accessories","East","Consumer","Standard Class"
-7.5168,9.396,0.7,3,6,"Office Supplies","Binders","East","Corporate","Standard Class"
1.8148,5.584,0.2,2,3,"Office Supplies","Fasteners","East","Consumer","First Class"
19.188,191.88,0,6,4,"Office Supplies","Storage","South","Consumer","Second Class"
-553.6476,1071.576,0.4,4,4,"Furniture","Tables","East","Corporate","Standard Class"
1.2376,3.808,0.2,1,2,"Office Supplies","Paper","Central","Home Office","Second Class"
15.5112,33.72,0,4,2,"Office Supplies","Binders","Central","Consumer","Second Class"
4.2717,11.784,0.2,3,4,"Office Supplies","Binders","West","Corporate","Second Class"
36.2556,107.424,0.2,6,3,"Office Supplies","Binders","East","Consumer","Second Class"
-14.5764,56.686,0.3,1,4,"Furniture","Chairs","Central","Consumer","Second Class"
3.7584,10.368,0.2,2,2,"Office Supplies","Paper","East","Consumer","Second Class"
3.2432,32.432,0.2,2,3,"Office Supplies","Appliances","West","Corporate","First Class"
17.891,286.256,0.2,1,4,"Office Supplies","Appliances","East","Consumer","Standard Class"
3.969,14.7,0,5,5,"Office Supplies","Art","Central","Home Office","Standard Class"
23.7744,49.53,0,3,2,"Office Supplies","Binders","East","Home Office","First Class"
36.372,103.92,0,4,7,"Office Supplies","Appliances","West","Consumer","Standard Class"
-19.168,11.98,0.8,5,5,"Office Supplies","Binders","Central","Corporate","Standard Class"
16.9932,34.68,0,6,7,"Office Supplies","Paper","West","Consumer","Standard Class"
-58.8616,76.776,0.7,4,2,"Office Supplies","Binders","East","Consumer","Second Class"
4.6464,10.56,0,6,1,"Furniture","Furnishings","East","Consumer","First Class"
1.7024,17.024,0.2,2,4,"Furniture","Furnishings","East","Corporate","Standard Class"
6.2208,12.96,0,2,1,"Office Supplies","Paper","West","Home Office","First Class"
7.5371,25.99,0,1,6,"Office Supplies","Art","Central","Corporate","Standard Class"
14.4354,29.46,0,6,6,"Office Supplies","Labels","Central","Home Office","Standard Class"
2.3808,31.744,0.2,2,7,"Office Supplies","Art","Central","Consumer","Standard Class"
12.4416,25.92,0,4,6,"Office Supplies","Paper","West","Consumer","Standard Class"
1.5008,15.008,0.2,2,6,"Office Supplies","Storage","East","Corporate","Standard Class"
-6.4233,171.288,0.2,3,6,"Furniture","Tables","West","Consumer","Standard Class"
-7.4394,297.576,0.2,3,2,"Technology","Accessories","Central","Consumer","Second Class"
-13.7976,195.466,0.15,2,2,"Furniture","Bookcases","West","Consumer","Second Class"
87.7443,186.69,0,3,5,"Office Supplies","Envelopes","South","Corporate","Standard Class"
5.8914,17.456,0.2,2,4,"Office Supplies","Binders","West","Consumer","Second Class"
23.028,230.28,0.2,3,2,"Furniture","Chairs","West","Corporate","Second Class"
15.468,128.9,0,2,1,"Furniture","Furnishings","West","Consumer","First Class"
14.6264,31.12,0,4,5,"Office Supplies","Envelopes","South","Consumer","Standard Class"
6.3504,12.96,0,2,4,"Office Supplies","Paper","South","Corporate","Standard Class"
5.1588,206.352,0.2,3,5,"Furniture","Tables","West","Corporate","Standard Class"
6.7482,14.67,0,3,4,"Office Supplies","Binders","Central","Consumer","Standard Class"
18.873,69.9,0,2,1,"Technology","Phones","Central","Consumer","First Class"
4.6644,14.352,0.2,3,4,"Office Supplies","Binders","West","Corporate","Standard Class"
182.3553,387.99,0,1,4,"Office Supplies","Binders","East","Corporate","Standard Class"
302.373,895.92,0.2,5,2,"Office Supplies","Binders","East","Corporate","First Class"
5.5888,19.96,0,2,6,"Furniture","Furnishings","West","Consumer","Standard Class"
76.272,254.24,0,7,3,"Technology","Accessories","West","Corporate","First Class"
2.4585,17.88,0.2,3,2,"Technology","Accessories","South","Consumer","Second Class"
1.636,16.36,0,1,6,"Technology","Accessories","West","Consumer","Standard Class"
1.376,3.2,0,2,6,"Office Supplies","Art","East","Consumer","Standard Class"
6.7048,18.496,0.2,4,4,"Office Supplies","Paper","Central","Consumer","Standard Class"
13.9328,49.76,0,4,5,"Office Supplies","Storage","Central","Home Office","Standard Class"
24.7275,219.8,0.2,5,4,"Technology","Phones","Central","Consumer","Standard Class"
-13.7568,240.744,0.3,4,1,"Furniture","Tables","East","Corporate","First Class"
5.4432,15.552,0.2,3,4,"Office Supplies","Paper","East","Home Office","Standard Class"
2.2098,6.096,0.2,2,7,"Office Supplies","Binders","West","Corporate","Standard Class"
25.4744,163.764,0.1,2,5,"Furniture","Chairs","East","Corporate","Standard Class"
7.4872,15.28,0,2,4,"Office Supplies","Envelopes","South","Consumer","Standard Class"
-28.6862,105.686,0.3,1,2,"Furniture","Chairs","Central","Consumer","Second Class"
3.546,15.76,0.2,2,4,"Office Supplies","Art","Central","Consumer","Standard Class"
5.3784,15.936,0.2,4,5,"Office Supplies","Paper","Central","Consumer","Standard Class"
7.2268,19.936,0.2,4,7,"Office Supplies","Binders","West","Corporate","Standard Class"
2.299,114.95,0,5,4,"Technology","Phones","Central","Corporate","Second Class"
121.9644,1626.192,0.2,9,4,"Technology","Phones","West","Corporate","Second Class"
0.2925,2.6,0.2,1,2,"Office Supplies","Appliances","West","Consumer","First Class"
0,339.136,0.2,4,5,"Furniture","Furnishings","South","Consumer","Standard Class"
6.5688,14.28,0,1,6,"Office Supplies","Binders","East","Corporate","Standard Class"
8.6855,29.95,0,5,4,"Office Supplies","Art","West","Corporate","Second Class"
18.2112,37.94,0,2,5,"Office Supplies","Paper","West","Home Office","Standard Class"
-15.5826,181.797,0.3,1,0,"Furniture","Tables","East","Consumer","Same Day"
22.1184,81.92,0,4,2,"Office Supplies","Appliances","West","Home Office","Second Class"
5.6784,17.472,0.2,3,4,"Office Supplies","Paper","East","Corporate","Standard Class"
49.4376,659.168,0.2,4,5,"Technology","Phones","Central","Consumer","Second Class"
42.1504,113.92,0,4,4,"Furniture","Furnishings","East","Consumer","Standard Class"
7.8192,23.168,0.2,2,7,"Office Supplies","Binders","West","Consumer","Standard Class"
-14.92,17.904,0.7,4,1,"Office Supplies","Binders","West","Home Office","First Class"
-7.476,8.544,0.6,2,2,"Furniture","Furnishings","Central","Home Office","First Class"
62.3904,129.98,0,2,0,"Technology","Phones","East","Consumer","Same Day"
18.4534,37.66,0,7,5,"Office Supplies","Binders","East","Home Office","Standard Class"
32.6704,93.344,0.2,4,4,"Office Supplies","Binders","East","Home Office","Standard Class"
167.808,364.8,0,12,3,"Office Supplies","Binders","South","Corporate","Second Class"
18.6624,38.88,0,6,5,"Office Supplies","Paper","West","Corporate","Standard Class"
8.1144,17.64,0,4,6,"Office Supplies","Paper","East","Consumer","Standard Class"
8.2344,17.52,0,3,5,"Office Supplies","Art","South","Corporate","Standard Class"
-32.6366,153.584,0.2,2,6,"Office Supplies","Storage","Central","Consumer","Standard Class"
-11.0005,6.286,0.8,7,6,"Office Supplies","Binders","Central","Consumer","Standard Class"
3.7236,12.84,0,3,7,"Office Supplies","Art","South","Consumer","Standard Class"
1.8792,5.184,0.2,1,0,"Office Supplies","Paper","Central","Consumer","Same Day"
-12.09,4.836,0.8,2,4,"Office Supplies","Appliances","Central","Consumer","Standard Class"
60.4752,604.752,0.2,6,4,"Technology","Phones","West","Corporate","Standard Class"
6.4128,13.36,0,2,5,"Office Supplies","Paper","East","Corporate","Standard Class"
1.7591,20.104,0.2,1,6,"Furniture","Furnishings","East","Consumer","Standard Class"
1.1994,31.984,0.2,2,4,"Furniture","Furnishings","East","Consumer","Standard Class"
545.1884,1879.96,0,4,5,"Technology","Phones","Central","Home Office","Standard Class"
6.63,25.5,0,3,3,"Office Supplies","Supplies","Central","Consumer","Second Class"
4.4312,12.224,0.2,2,3,"Office Supplies","Envelopes","South","Home Office","Second Class"
1.9656,7.28,0,4,5,"Office Supplies","Art","West","Consumer","Standard Class"
7.2576,20.736,0.2,4,3,"Office Supplies","Paper","Central","Corporate","First Class"
12.492,34.7,0,5,2,"Office Supplies","Art","Central","Consumer","Second Class"
-3.462,2.308,0.8,2,0,"Office Supplies","Binders","Central","Home Office","Same Day"
5.2125,16.68,0.2,3,7,"Technology","Phones","Central","Consumer","Standard Class"
1.8704,5.344,0.2,1,0,"Office Supplies","Paper","Central","Consumer","Same Day"
-9.7176,340.116,0.3,6,4,"Furniture","Chairs","Central","Home Office","Standard Class"
37.2204,106.344,0.2,7,5,"Office Supplies","Binders","East","Consumer","Standard Class"
11.685,46.74,0,3,7,"Office Supplies","Storage","West","Consumer","Standard Class"
5.8744,83.92,0,4,6,"Office Supplies","Storage","Central","Consumer","Standard Class"
0.9576,12.768,0.2,2,1,"Office Supplies","Storage","Central","Corporate","Same Day"
-58.8736,294.368,0.2,4,4,"Office Supplies","Storage","South","Consumer","Standard Class"
17.379,347.58,0,3,2,"Office Supplies","Supplies","East","Corporate","Second Class"
-66.5088,41.568,0.8,6,2,"Office Supplies","Binders","Central","Home Office","First Class"
12.4416,25.92,0,4,3,"Office Supplies","Paper","Central","Corporate","Second Class"
72.432,241.44,0,3,2,"Office Supplies","Appliances","West","Corporate","First Class"
78.672,262.24,0,2,6,"Office Supplies","Appliances","West","Consumer","Standard Class"
29.3412,104.79,0,7,0,"Office Supplies","Storage","East","Corporate","Same Day"
-11.994,59.97,0.4,5,3,"Technology","Phones","East","Corporate","First Class"
43.1904,89.98,0,2,5,"Technology","Phones","Central","Home Office","Standard Class"
21.0128,45.68,0,2,4,"Office Supplies","Paper","West","Home Office","Standard Class"
4.4604,25.488,0.2,2,6,"Technology","Accessories","East","Consumer","Standard Class"
-3.4914,4.554,0.7,3,7,"Office Supplies","Binders","South","Consumer","Standard Class"
3.1842,8.784,0.2,1,3,"Office Supplies","Envelopes","West","Corporate","First Class"
-14.196,198.744,0.3,4,5,"Furniture","Chairs","East","Consumer","Standard Class"
-51.984,909.72,0.3,6,2,"Furniture","Chairs","East","Consumer","Second Class"
-18.8728,12.176,0.8,4,5,"Office Supplies","Binders","Central","Consumer","Standard Class"
29.8802,384.174,0.1,7,5,"Furniture","Chairs","East","Consumer","Second Class"
-16.467,9.98,0.8,5,6,"Office Supplies","Binders","Central","Home Office","Standard Class"
362.687,1394.95,0,5,2,"Technology","Phones","South","Corporate","Second Class"
0,3.96,0,2,2,"Office Supplies","Fasteners","West","Consumer","First Class"
4.8231,16.776,0.2,3,2,"Technology","Accessories","East","Consumer","First Class"
-14.196,241.332,0.32,5,3,"Furniture","Bookcases","Central","Consumer","First Class"
0,1121.568,0.2,2,2,"Furniture","Chairs","West","Consumer","Second Class"
14.212,37.4,0,2,4,"Furniture","Furnishings","West","Corporate","Second Class"
31.9319,110.11,0,7,2,"Office Supplies","Supplies","West","Consumer","Second Class"
32.6046,66.54,0,6,5,"Office Supplies","Envelopes","South","Corporate","Standard Class"
7.9212,17.22,0,3,4,"Office Supplies","Binders","Central","Consumer","Standard Class"
-459.9875,551.985,0.7,5,5,"Office Supplies","Binders","West","Corporate","Standard Class"
-32.2192,198.272,0.2,8,4,"Furniture","Bookcases","South","Corporate","Standard Class"
30.9918,65.94,0,3,3,"Office Supplies","Envelopes","West","Consumer","Second Class"
-59.8356,435.168,0.2,4,2,"Furniture","Chairs","West","Consumer","Second Class"
197.9208,706.86,0,7,4,"Office Supplies","Appliances","East","Corporate","Standard Class"
209.2365,464.97,0,3,5,"Technology","Machines","East","Consumer","Standard Class"
-12.4146,55.176,0.2,3,0,"Technology","Phones","Central","Consumer","Same Day"
2.8224,5.76,0,2,2,"Office Supplies","Labels","West","Consumer","Second Class"
6.2995,100.792,0.2,1,5,"Technology","Phones","Central","Consumer","Standard Class"
136.6176,487.92,0,6,7,"Office Supplies","Appliances","West","Home Office","Standard Class"
2.256,37.6,0,2,5,"Technology","Accessories","East","Corporate","Standard Class"
6.7008,13.96,0,2,5,"Furniture","Furnishings","East","Consumer","Standard Class"
3.4048,19.456,0.2,4,3,"Office Supplies","Art","East","Consumer","First Class"
13.5056,29.36,0,2,3,"Office Supplies","Binders","South","Consumer","Second Class"
6.3504,12.96,0,2,0,"Office Supplies","Paper","West","Consumer","Same Day"
4.2384,42.384,0.2,2,6,"Office Supplies","Appliances","South","Home Office","Standard Class"
335.9944,959.984,0.2,2,0,"Technology","Copiers","Central","Home Office","Same Day"
6.858,15.24,0,4,4,"Office Supplies","Binders","Central","Home Office","Standard Class"
99.4896,355.32,0,9,5,"Office Supplies","Appliances","East","Corporate","Second Class"
3.4692,12.39,0,3,5,"Office Supplies","Art","Central","Corporate","Standard Class"
8.208,24.32,0.2,5,5,"Office Supplies","Binders","West","Corporate","Second Class"
1.5291,122.328,0.2,9,2,"Technology","Accessories","East","Corporate","Second Class"
3.7856,11.648,0.2,2,3,"Office Supplies","Paper","West","Home Office","First Class"
16.776,55.92,0.2,10,5,"Technology","Accessories","West","Consumer","Standard Class"
9.6712,35.168,0.2,7,4,"Furniture","Furnishings","South","Corporate","Standard Class"
-2.6936,188.552,0.3,7,0,"Furniture","Chairs","East","Corporate","Same Day"
-3.0396,1.788,0.8,3,4,"Office Supplies","Binders","Central","Consumer","Standard Class"
1.6008,4.416,0.2,3,7,"Office Supplies","Fasteners","East","Home Office","Standard Class"
6.2208,12.96,0,2,6,"Office Supplies","Paper","West","Corporate","Standard Class"
112.574,255.85,0,7,0,"Office Supplies","Art","West","Corporate","Same Day"
52.493,419.944,0.2,7,2,"Technology","Phones","Central","Consumer","Second Class"
2.1684,6.672,0.2,3,4,"Office Supplies","Binders","West","Home Office","Standard Class"
11.1944,31.984,0.2,2,5,"Technology","Phones","Central","Consumer","Second Class"
19.4656,69.52,0,2,7,"Office Supplies","Storage","South","Corporate","Standard Class"
3.8448,25.632,0.2,3,3,"Furniture","Furnishings","East","Home Office","First Class"
4.2804,14.76,0,2,5,"Furniture","Furnishings","East","Consumer","Second Class"
0.8792,87.92,0,4,6,"Office Supplies","Storage","South","Consumer","Standard Class"
2.9568,8.448,0.2,2,3,"Office Supplies","Binders","West","Consumer","First Class"
14.3856,39.96,0,2,4,"Furniture","Furnishings","South","Home Office","Standard Class"
31.122,119.7,0,6,5,"Technology","Phones","East","Consumer","Second Class"
0.564,3.008,0.2,2,4,"Office Supplies","Fasteners","East","Consumer","Standard Class"
1.6128,5.76,0,2,3,"Office Supplies","Art","East","Corporate","First Class"
-107.958,454.56,0.2,5,4,"Office Supplies","Storage","Central","Consumer","Standard Class"
29.6576,148.288,0.2,7,4,"Furniture","Furnishings","East","Home Office","Standard Class"
10.0744,35.98,0,2,6,"Technology","Phones","Central","Consumer","Standard Class"
-1.4016,0.876,0.8,1,0,"Office Supplies","Binders","Central","Corporate","Same Day"
40.4432,87.92,0,4,6,"Office Supplies","Paper","West","Corporate","Standard Class"
225.6,480,0,4,6,"Technology","Machines","East","Consumer","Standard Class"
-14.3856,23.976,0.6,3,4,"Furniture","Furnishings","Central","Home Office","Standard Class"
5.6644,11.56,0,2,2,"Office Supplies","Paper","East","Consumer","First Class"
150.36,1718.4,0.2,6,3,"Technology","Phones","Central","Home Office","Second Class"
19.488,64.96,0,2,4,"Office Supplies","Appliances","West","Consumer","Standard Class"
29.994,159.968,0.2,4,3,"Technology","Accessories","West","Corporate","First Class"
206.316,468.9,0,6,2,"Technology","Accessories","Central","Consumer","First Class"
1.651,5.08,0.2,1,5,"Office Supplies","Paper","South","Home Office","Standard Class"
1.4805,3.29,0,1,0,"Office Supplies","Fasteners","East","Consumer","Same Day"
1143.891,3050.376,0.2,3,3,"Office Supplies","Binders","East","Consumer","First Class"
843.1706,1793.98,0,2,5,"Office Supplies","Binders","South","Consumer","Standard Class"
5.2164,11.34,0,3,4,"Office Supplies","Fasteners","West","Corporate","Standard Class"
50.3988,671.984,0.2,2,0,"Technology","Phones","West","Home Office","Same Day"
0.8856,7.872,0.2,3,6,"Office Supplies","Art","East","Consumer","Standard Class"
13.188,31.4,0,5,4,"Furniture","Furnishings","East","Corporate","Standard Class"
-2.2848,3.264,0.7,2,7,"Office Supplies","Binders","South","Corporate","Standard Class"
2.3616,20.992,0.2,8,5,"Office Supplies","Art","South","Consumer","Standard Class"
9.3312,19.44,0,3,5,"Office Supplies","Paper","West","Consumer","Standard Class"
-21.7176,380.058,0.3,3,5,"Furniture","Chairs","East","Consumer","Second Class"
26.2416,238.56,0,3,4,"Furniture","Furnishings","West","Home Office","Second Class"
96.0232,295.456,0.2,14,5,"Office Supplies","Paper","South","Consumer","Standard Class"
-13.6461,83.976,0.2,3,4,"Technology","Accessories","East","Home Office","Standard Class"
6.3936,63.936,0.2,3,5,"Furniture","Chairs","West","Corporate","Standard Class"
-26.2476,34.236,0.7,4,3,"Office Supplies","Binders","South","Home Office","First Class"
45.294,301.96,0,2,7,"Furniture","Tables","South","Consumer","Standard Class"
3.4684,9.568,0.2,2,2,"Office Supplies","Paper","South","Consumer","First Class"
11.223,30.96,0.2,6,5,"Office Supplies","Paper","East","Corporate","Standard Class"
43.45,173.8,0,5,4,"Office Supplies","Storage","South","Consumer","Standard Class"
64.518,322.59,0,3,6,"Furniture","Furnishings","East","Consumer","Standard Class"
58.179,141.9,0,5,4,"Technology","Accessories","East","Corporate","Standard Class"
7.9248,30.48,0,3,7,"Office Supplies","Art","West","Consumer","Standard Class"
85.9957,199.99,0,1,0,"Technology","Accessories","West","Consumer","Same Day"
-3.2406,1.964,0.8,2,5,"Office Supplies","Binders","Central","Corporate","Standard Class"
-3.6537,7.692,0.6,1,5,"Furniture","Furnishings","Central","Consumer","Standard Class"
23.0864,49.12,0,4,4,"Office Supplies","Paper","East","Consumer","Standard Class"
0.5828,1.24,0,1,6,"Office Supplies","Fasteners","East","Consumer","Standard Class"
8.2194,109.592,0.2,1,4,"Technology","Phones","West","Home Office","Standard Class"
-120.294,481.176,0.4,2,5,"Furniture","Tables","East","Corporate","Standard Class"
62.1414,135.09,0,9,4,"Office Supplies","Binders","South","Home Office","Standard Class"
5.7072,19.68,0,6,7,"Office Supplies","Art","Central","Consumer","Standard Class"
-255.7425,1022.97,0.4,5,2,"Technology","Phones","East","Consumer","Second Class"
87.89,199.75,0,5,2,"Technology","Accessories","West","Home Office","First Class"
84.5982,751.984,0.2,2,4,"Technology","Phones","South","Consumer","Standard Class"
-27.2922,167.952,0.2,6,4,"Technology","Accessories","Central","Consumer","Standard Class"
-53.7432,76.776,0.7,4,3,"Office Supplies","Binders","East","Home Office","First Class"
-3.7996,4.956,0.7,4,4,"Office Supplies","Binders","East","Consumer","Standard Class"
-81.7258,384.592,0.2,2,4,"Office Supplies","Supplies","East","Corporate","Second Class"
85.1816,207.76,0,4,3,"Furniture","Furnishings","East","Corporate","Second Class"
11.5587,34.248,0.2,3,5,"Office Supplies","Binders","East","Corporate","Second Class"
0.6696,1.984,0.2,2,4,"Office Supplies","Fasteners","South","Corporate","Second Class"
46.797,374.376,0.2,3,3,"Technology","Phones","West","Consumer","First Class"
0,552.56,0,4,7,"Office Supplies","Storage","East","Consumer","Standard Class"
95.4612,530.34,0,2,4,"Office Supplies","Storage","Central","Corporate","Standard Class"
2.6028,11.568,0.2,3,4,"Furniture","Furnishings","South","Corporate","Standard Class"
41.706,99.3,0,10,4,"Office Supplies","Art","West","Consumer","Standard Class"
6.6,21.12,0.2,5,0,"Office Supplies","Paper","Central","Consumer","Same Day"
9.12,24.32,0.2,5,5,"Office Supplies","Fasteners","South","Consumer","Standard Class"
-1.249,99.92,0.2,5,4,"Office Supplies","Storage","South","Corporate","Standard Class"
30.1872,79.44,0,3,7,"Furniture","Furnishings","East","Consumer","Standard Class"
-1.3083,1.869,0.7,1,4,"Office Supplies","Binders","South","Corporate","Standard Class"
6.3504,12.96,0,2,4,"Office Supplies","Paper","South","Corporate","Second Class"
5.5755,16.52,0.2,5,4,"Office Supplies","Binders","West","Consumer","Standard Class"
6.2208,12.96,0,2,5,"Office Supplies","Paper","West","Consumer","Standard Class"
-36.294,616.998,0.15,6,3,"Furniture","Bookcases","West","Corporate","First Class"
6.0858,13.23,0,3,4,"Office Supplies","Paper","West","Consumer","Standard Class"
46.7908,123.858,0.1,2,0,"Office Supplies","Appliances","Central","Corporate","Same Day"
29.5254,62.82,0,9,6,"Office Supplies","Paper","East","Corporate","Standard Class"
52.632,175.44,0.2,6,2,"Office Supplies","Art","Central","Home Office","First Class"
3.717,12.39,0,3,4,"Office Supplies","Art","West","Corporate","Standard Class"
3.8136,10.896,0.2,2,5,"Office Supplies","Binders","East","Home Office","Standard Class"
-3.462,5.193,0.7,3,0,"Office Supplies","Binders","East","Consumer","Same Day"
16.1838,47.952,0.2,3,4,"Office Supplies","Paper","South","Consumer","Standard Class"
34.742,95.84,0.2,4,2,"Technology","Phones","West","Consumer","Second Class"
-10.4184,13.023,0.7,1,5,"Office Supplies","Binders","East","Consumer","Standard Class"
9.534,27.24,0.2,5,4,"Office Supplies","Binders","West","Consumer","Standard Class"
58.812,226.2,0,5,5,"Technology","Phones","South","Consumer","Second Class"
1.8207,20.808,0.2,3,3,"Office Supplies","Appliances","South","Corporate","Second Class"
0.7152,7.152,0.2,3,3,"Office Supplies","Art","East","Consumer","First Class"
3.2406,9.82,0,2,7,"Furniture","Furnishings","East","Corporate","Standard Class"
5.9988,149.97,0,3,1,"Technology","Phones","South","Home Office","First Class"
8.9985,143.976,0.2,3,5,"Technology","Phones","West","Consumer","Standard Class"
-98.8018,72.294,0.7,1,2,"Furniture","Bookcases","West","Consumer","Second Class"
1.8,3.75,0,1,2,"Office Supplies","Labels","West","Corporate","Second Class"
84.9436,184.66,0,7,4,"Office Supplies","Paper","South","Home Office","Standard Class"
55.764,123.92,0,4,2,"Office Supplies","Paper","West","Home Office","Second Class"
-53.2856,61.96,0.5,4,1,"Furniture","Bookcases","East","Corporate","First Class"
419.8185,1447.65,0,5,4,"Office Supplies","Appliances","West","Consumer","Standard Class"
2.3814,8.82,0,3,5,"Office Supplies","Art","West","Corporate","Standard Class"
1.1136,3.48,0,2,4,"Furniture","Furnishings","West","Consumer","Standard Class"
37,74,0,5,6,"Office Supplies","Labels","West","Consumer","Standard Class"
2.592,5.4,0,3,3,"Office Supplies","Binders","Central","Home Office","Second Class"
-12.9568,64.784,0.2,1,3,"Office Supplies","Storage","East","Corporate","First Class"
-28.6272,35.784,0.7,7,5,"Office Supplies","Binders","South","Home Office","Standard Class"
-20.2356,110.376,0.4,4,5,"Technology","Phones","East","Home Office","Standard Class"
653.301,1979.7,0,6,4,"Technology","Accessories","South","Corporate","Standard Class"
9.6192,20.04,0,3,4,"Office Supplies","Paper","West","Consumer","Standard Class"
10.4496,37.32,0,3,5,"Office Supplies","Storage","West","Consumer","Standard Class"
4.6818,13.872,0.2,6,5,"Office Supplies","Labels","South","Corporate","Standard Class"
-2.1195,11.304,0.2,3,7,"Office Supplies","Fasteners","West","Home Office","Standard Class"
9.92,79.36,0.2,5,6,"Office Supplies","Art","East","Consumer","Standard Class"
8.7906,17.94,0,3,3,"Office Supplies","Paper","East","Consumer","First Class"
-75.192,526.344,0.3,4,5,"Furniture","Chairs","Central","Consumer","Standard Class"
30.5964,84.99,0,1,3,"Technology","Accessories","Central","Consumer","First Class"
4.5201,27.816,0.2,3,5,"Technology","Accessories","Central","Consumer","Standard Class"
52.7956,239.98,0,2,0,"Furniture","Bookcases","South","Home Office","Same Day"
-172.7328,727.296,0.2,8,7,"Office Supplies","Storage","Central","Home Office","Standard Class"
7.764,20.704,0.2,4,4,"Office Supplies","Binders","West","Consumer","Standard Class"
-24.416,36.624,0.7,8,4,"Office Supplies","Binders","West","Corporate","Standard Class"
10.0792,100.792,0.2,1,7,"Technology","Phones","South","Corporate","Standard Class"
14.346,47.82,0,3,4,"Office Supplies","Art","East","Consumer","Standard Class"
28.7064,85.056,0.2,3,5,"Office Supplies","Paper","West","Consumer","Standard Class"
26.3494,90.86,0,7,2,"Office Supplies","Appliances","West","Corporate","Second Class"
-3.9249,5.607,0.7,3,6,"Office Supplies","Binders","South","Corporate","Standard Class"
0.5508,1.632,0.2,1,6,"Office Supplies","Envelopes","Central","Corporate","Standard Class"
29.6688,105.96,0,4,5,"Office Supplies","Appliances","West","Home Office","Standard Class"
40.5867,368.97,0,3,6,"Furniture","Chairs","Central","Corporate","Standard Class"
8.9544,25.584,0.2,2,4,"Office Supplies","Binders","East","Consumer","Standard Class"
6.304,315.2,0,4,2,"Office Supplies","Storage","South","Home Office","First Class"
3.528,10.08,0.2,7,4,"Office Supplies","Binders","West","Consumer","Standard Class"
212.1876,785.88,0,6,3,"Furniture","Chairs","East","Corporate","Second Class"
24.9804,92.52,0,6,0,"Office Supplies","Storage","Central","Corporate","Same Day"
4.4892,15.48,0,3,0,"Office Supplies","Art","East","Consumer","Same Day"
15.552,32.4,0,5,6,"Office Supplies","Paper","South","Corporate","Standard Class"
456.588,1217.568,0.2,2,3,"Office Supplies","Binders","East","Consumer","First Class"
-16.9568,84.784,0.2,2,5,"Office Supplies","Storage","Central","Consumer","Standard Class"
8.3328,31.744,0.2,2,4,"Office Supplies","Art","Central","Consumer","Standard Class"
-121.8735,1218.735,0.3,5,5,"Furniture","Tables","Central","Corporate","Standard Class"
16.614,42.6,0,3,4,"Furniture","Furnishings","South","Consumer","Standard Class"
21.7728,45.36,0,7,6,"Office Supplies","Paper","West","Corporate","Standard Class"
6.2064,55.168,0.2,4,5,"Office Supplies","Supplies","Central","Consumer","Standard Class"
-48.5082,215.592,0.2,3,1,"Office Supplies","Storage","West","Home Office","First Class"
23.4,52,0,4,5,"Technology","Accessories","South","Consumer","Standard Class"
33.7212,93.024,0.2,3,2,"Office Supplies","Paper","West","Home Office","Second Class"
1.7352,7.712,0.2,2,2,"Furniture","Furnishings","East","Home Office","First Class"
6.715,26.86,0,2,6,"Office Supplies","Storage","Central","Home Office","Standard Class"
30.2384,302.384,0.2,2,5,"Technology","Phones","West","Corporate","Standard Class"
20.585,44.75,0,5,6,"Office Supplies","Paper","East","Corporate","Standard Class"
219.4416,447.84,0,8,4,"Office Supplies","Paper","East","Home Office","Standard Class"
2.5592,7.312,0.2,1,5,"Office Supplies","Binders","West","Corporate","Standard Class"
79.8912,166.44,0,3,5,"Office Supplies","Paper","West","Home Office","Second Class"
4.1916,14.97,0,1,6,"Office Supplies","Storage","Central","Home Office","Standard Class"
10.5552,21.99,0,1,4,"Technology","Phones","East","Consumer","Standard Class"
-9.6348,6.216,0.8,6,5,"Office Supplies","Binders","Central","Consumer","Standard Class"
21.5824,45.92,0,4,5,"Office Supplies","Fasteners","Central","Consumer","Standard Class"
14.9292,124.41,0,3,5,"Furniture","Furnishings","East","Corporate","Standard Class"
41.79,358.2,0.4,3,7,"Technology","Phones","East","Consumer","Standard Class"
19.7934,71.976,0.2,3,2,"Technology","Accessories","East","Consumer","First Class"
3.0144,20.096,0.2,4,3,"Furniture","Furnishings","East","Consumer","Second Class"
-6.21,165.6,0.2,3,4,"Technology","Accessories","Central","Corporate","Standard Class"
-7.2589,39.594,0.4,1,4,"Technology","Phones","East","Consumer","Second Class"
17.3754,41.37,0,3,5,"Furniture","Furnishings","West","Consumer","Standard Class"
73.41,146.82,0,3,0,"Office Supplies","Paper","East","Consumer","Same Day"
4.4772,13.776,0.2,3,6,"Office Supplies","Binders","East","Consumer","Standard Class"
3.4357,7.31,0,1,5,"Office Supplies","Labels","East","Consumer","Second Class"
-14.5536,18.192,0.7,4,5,"Office Supplies","Binders","East","Consumer","Standard Class"
0.693,7.92,0.2,5,1,"Technology","Phones","South","Consumer","First Class"
149.148,1325.76,0.2,6,4,"Furniture","Chairs","West","Home Office","Standard Class"
1.926,4.28,0,1,4,"Office Supplies","Paper","West","Consumer","Standard Class"
23.9904,70.56,0,6,4,"Furniture","Furnishings","Central","Consumer","Standard Class"
6.2566,15.26,0,7,6,"Office Supplies","Fasteners","East","Corporate","Standard Class"
80.6316,287.97,0,3,0,"Technology","Phones","East","Consumer","Same Day"
18.7224,51.648,0.2,12,4,"Office Supplies","Binders","West","Corporate","Standard Class"
119.2,476.8,0,2,4,"Furniture","Chairs","Central","Corporate","Standard Class"
-12.224,18.336,0.7,2,7,"Office Supplies","Binders","South","Consumer","Standard Class"
3.6432,13.248,0.2,4,0,"Office Supplies","Art","East","Corporate","Same Day"
23.0864,49.12,0,4,2,"Office Supplies","Paper","East","Home Office","First Class"
104.7222,255.42,0,9,4,"Technology","Accessories","East","Corporate","Standard Class"
4.6221,14.91,0,3,2,"Furniture","Furnishings","Central","Consumer","Second Class"
-1.3995,111.96,0.2,5,5,"Technology","Accessories","South","Consumer","Standard Class"
1906.485,3812.97,0,3,3,"Office Supplies","Binders","Central","Home Office","First Class"
3.21,10.272,0.2,3,4,"Office Supplies","Paper","Central","Home Office","Standard Class"
12.864,26.8,0,2,5,"Furniture","Furnishings","East","Corporate","Second Class"
7.1022,18.69,0,7,2,"Furniture","Furnishings","South","Consumer","Second Class"
-8.18,65.44,0.2,5,5,"Technology","Accessories","Central","Consumer","Standard Class"
20.37,67.9,0,5,4,"Office Supplies","Appliances","South","Consumer","Standard Class"
17.1574,65.99,0,1,6,"Technology","Phones","East","Corporate","Standard Class"
160.9139,342.37,0,7,0,"Office Supplies","Paper","South","Home Office","Same Day"
97.2032,607.52,0,2,4,"Furniture","Tables","Central","Consumer","Standard Class"
46.9952,134.272,0.2,8,5,"Office Supplies","Binders","East","Home Office","Standard Class"
8.997,71.976,0.2,3,2,"Technology","Phones","West","Consumer","Second Class"
2.7144,36.192,0.2,1,0,"Technology","Phones","South","Consumer","Same Day"
2.8884,7.968,0.2,2,5,"Office Supplies","Paper","East","Home Office","Second Class"
8.3104,23.744,0.2,2,4,"Office Supplies","Binders","East","Consumer","Standard Class"
40.1702,81.98,0,2,2,"Office Supplies","Paper","East","Home Office","First Class"
21.714,77.55,0,5,6,"Office Supplies","Storage","East","Consumer","Standard Class"
7.9218,29.34,0,6,4,"Office Supplies","Art","East","Corporate","Standard Class"
13.9392,29.04,0,3,4,"Office Supplies","Paper","West","Home Office","Standard Class"
2.5056,8.64,0,3,6,"Office Supplies","Art","Central","Consumer","Standard Class"
30.0768,300.768,0.2,4,2,"Technology","Phones","West","Consumer","Second Class"
-13.5548,5.768,0.8,2,0,"Office Supplies","Appliances","Central","Consumer","Same Day"
33.7266,82.26,0,3,7,"Furniture","Furnishings","East","Corporate","Standard Class"
-2.6982,62.958,0.3,3,4,"Furniture","Chairs","Central","Corporate","Standard Class"
7.0048,15.92,0,2,0,"Furniture","Furnishings","Central","Home Office","Same Day"
28.1372,321.568,0.2,2,5,"Furniture","Chairs","West","Consumer","Second Class"
31.0688,88.768,0.2,2,3,"Office Supplies","Paper","South","Corporate","First Class"
6.6906,19.824,0.2,6,3,"Office Supplies","Binders","West","Consumer","First Class"
23.0864,49.12,0,4,5,"Office Supplies","Paper","West","Consumer","Standard Class"
135.98,543.92,0,8,4,"Technology","Phones","East","Consumer","Standard Class"
79.758,265.86,0,7,5,"Office Supplies","Art","West","Corporate","Standard Class"
15.918,45.48,0,4,5,"Technology","Accessories","West","Consumer","Standard Class"
7.272,38.784,0.2,3,2,"Furniture","Furnishings","East","Corporate","Second Class"
-140.1408,350.352,0.4,4,6,"Furniture","Tables","East","Consumer","Standard Class"
7.1988,47.992,0.2,1,2,"Technology","Accessories","South","Consumer","Second Class"
-6.5619,8.559,0.7,1,7,"Office Supplies","Binders","West","Consumer","Standard Class"
99.432,883.84,0.2,4,5,"Furniture","Chairs","West","Consumer","Standard Class"
11.7208,23.92,0,4,3,"Office Supplies","Paper","Central","Consumer","Second Class"
-22.1382,196.784,0.2,2,2,"Furniture","Chairs","West","Corporate","First Class"
56.55,150.8,0.2,5,4,"Office Supplies","Binders","West","Consumer","Standard Class"
29.5626,101.94,0,6,6,"Office Supplies","Art","South","Consumer","Standard Class"
15.9425,51.016,0.2,7,4,"Office Supplies","Paper","Central","Consumer","Second Class"
2.4012,5.22,0,2,7,"Office Supplies","Labels","East","Consumer","Standard Class"
0.2244,11.22,0,3,4,"Office Supplies","Fasteners","West","Consumer","Standard Class"
-185.7168,386.91,0.5,9,7,"Furniture","Tables","West","Home Office","Standard Class"
0.3094,3.536,0.2,2,4,"Office Supplies","Art","Central","Home Office","Second Class"
-107.9928,539.964,0.4,6,4,"Technology","Phones","East","Consumer","Standard Class"
4.461,29.74,0,1,3,"Office Supplies","Storage","West","Consumer","First Class"
19.3984,55.424,0.2,2,7,"Office Supplies","Binders","West","Consumer","Standard Class"
3919.9888,11199.968,0.2,4,2,"Technology","Copiers","East","Home Office","First Class"
54.7425,291.96,0.2,5,6,"Technology","Accessories","South","Home Office","Standard Class"
11.8248,30.32,0,4,6,"Office Supplies","Art","Central","Consumer","Standard Class"
8.194,131.104,0.2,2,4,"Furniture","Bookcases","South","Corporate","Standard Class"
-7.3255,9.555,0.7,5,4,"Office Supplies","Binders","East","Consumer","Standard Class"
15.552,32.4,0,5,4,"Office Supplies","Paper","West","Home Office","Second Class"
-13.312,19.968,0.7,2,4,"Office Supplies","Binders","West","Consumer","Standard Class"
-26.085,22.2,0.6,1,4,"Furniture","Furnishings","Central","Home Office","Second Class"
50.4063,149.352,0.2,3,4,"Office Supplies","Envelopes","Central","Consumer","Standard Class"
-178.9668,66.284,0.8,2,4,"Office Supplies","Appliances","Central","Consumer","Second Class"
12.012,36.96,0.2,4,3,"Office Supplies","Art","South","Consumer","Second Class"
11.5432,24.56,0,2,2,"Office Supplies","Paper","East","Consumer","First Class"
-74.9526,56.568,0.6,2,5,"Furniture","Furnishings","Central","Consumer","Standard Class"
14.682,39.152,0.2,1,6,"Office Supplies","Paper","South","Consumer","Standard Class"
31.587,526.45,0,5,5,"Furniture","Furnishings","Central","Consumer","Standard Class"
10.518,35.06,0,2,5,"Office Supplies","Supplies","West","Consumer","Standard Class"
9.4392,27.968,0.2,4,6,"Office Supplies","Envelopes","Central","Home Office","Standard Class"
71.991,239.97,0,3,2,"Technology","Accessories","East","Consumer","Second Class"
48.8064,119.04,0,6,6,"Office Supplies","Art","East","Consumer","Standard Class"
89.5888,447.944,0.2,7,0,"Technology","Accessories","West","Consumer","Same Day"
107.346,644.076,0.1,2,0,"Office Supplies","Appliances","Central","Consumer","Same Day"
-29.1168,582.336,0.2,8,0,"Furniture","Chairs","West","Corporate","Same Day"
-0.792,1.08,0.7,2,6,"Office Supplies","Binders","West","Consumer","Standard Class"
99.432,883.84,0.2,4,4,"Furniture","Chairs","West","Corporate","Standard Class"
215.9973,1919.976,0.2,3,7,"Technology","Machines","West","Consumer","Standard Class"
-33.804,338.04,0.2,3,4,"Office Supplies","Storage","Central","Consumer","Standard Class"
74.691,165.98,0,1,6,"Office Supplies","Binders","South","Corporate","Standard Class"
-760.98,1141.47,0.7,5,2,"Office Supplies","Binders","East","Home Office","First Class"
53.8048,153.728,0.2,4,3,"Office Supplies","Paper","South","Home Office","Second Class"
5.5044,20.016,0.2,3,2,"Furniture","Furnishings","South","Corporate","First Class"
54.8604,111.96,0,2,2,"Office Supplies","Paper","East","Corporate","First Class"
5.2896,18.24,0,3,2,"Office Supplies","Art","West","Corporate","Second Class"
156.047,574.91,0.3,2,3,"Technology","Machines","Central","Home Office","First Class"
2.5146,33.528,0.2,3,5,"Office Supplies","Appliances","East","Consumer","Standard Class"
11.5836,27.58,0,2,5,"Furniture","Furnishings","South","Home Office","Standard Class"
9.744,26.88,0.2,8,4,"Office Supplies","Paper","Central","Consumer","Standard Class"
2.8884,7.968,0.2,2,2,"Office Supplies","Paper","East","Consumer","First Class"
377.73,3357.6,0.2,3,3,"Technology","Machines","West","Home Office","First Class"
0.5904,5.248,0.2,2,4,"Office Supplies","Art","West","Consumer","Standard Class"
4.485,17.94,0,3,4,"Office Supplies","Art","East","Consumer","Second Class"
9.2442,123.256,0.2,7,6,"Office Supplies","Art","East","Corporate","Standard Class"
9.7038,28.752,0.2,6,4,"Office Supplies","Binders","West","Consumer","Standard Class"
60.392,483.136,0.2,4,6,"Furniture","Chairs","West","Consumer","Standard Class"
4.0986,12.144,0.2,3,2,"Office Supplies","Binders","West","Corporate","Second Class"
5.8604,11.96,0,2,4,"Office Supplies","Paper","West","Consumer","Standard Class"
-143.7904,69.576,0.7,4,5,"Furniture","Bookcases","West","Consumer","Standard Class"
-420,721.875,0.45,6,6,"Furniture","Tables","South","Corporate","Standard Class"
250.396,2003.168,0.2,4,7,"Technology","Phones","Central","Consumer","Standard Class"
72.948,243.16,0,2,5,"Office Supplies","Appliances","West","Consumer","Second Class"
76.7904,383.952,0.2,6,0,"Technology","Accessories","East","Corporate","Same Day"
23.5248,90.48,0,2,6,"Technology","Phones","East","Consumer","Standard Class"
0.6312,15.78,0,2,6,"Office Supplies","Storage","West","Consumer","Standard Class"
94.926,730.2,0,4,7,"Furniture","Tables","West","Corporate","Standard Class"
4.1916,14.97,0,1,6,"Office Supplies","Storage","West","Home Office","Standard Class"
1.999,31.984,0.2,2,6,"Furniture","Furnishings","South","Corporate","Standard Class"
9.2232,32.94,0,3,5,"Office Supplies","Supplies","West","Consumer","Standard Class"
5.397,61.68,0.2,5,1,"Office Supplies","Storage","South","Home Office","First Class"
5.6112,16.032,0.2,3,4,"Office Supplies","Paper","Central","Home Office","Standard Class"
0.559,3.44,0.2,2,5,"Office Supplies","Art","Central","Consumer","Standard Class"
-126.4816,384.944,0.3,4,7,"Furniture","Bookcases","Central","Consumer","Standard Class"
-2.436,38.976,0.2,3,5,"Office Supplies","Storage","East","Consumer","Standard Class"
13.3056,27.72,0,9,2,"Office Supplies","Labels","Central","Home Office","Second Class"
67.86,180.96,0.2,6,6,"Office Supplies","Binders","West","Home Office","Standard Class"
25.2784,72.224,0.2,4,5,"Office Supplies","Paper","South","Consumer","Standard Class"
13.8579,158.376,0.2,3,4,"Technology","Phones","Central","Consumer","Second Class"
8.7945,22.55,0,5,2,"Office Supplies","Fasteners","West","Corporate","First Class"
25.792,99.2,0,5,2,"Office Supplies","Art","West","Corporate","Second Class"
15.4872,43.02,0,3,2,"Furniture","Furnishings","West","Consumer","First Class"
129.384,287.52,0,8,3,"Office Supplies","Envelopes","Central","Corporate","Second Class"
31.4532,629.064,0.2,3,4,"Furniture","Tables","West","Consumer","Standard Class"
-18.0312,24.588,0.7,2,7,"Office Supplies","Binders","East","Corporate","Standard Class"
160.1586,842.94,0,3,5,"Furniture","Tables","South","Consumer","Second Class"
26.865,59.7,0,3,3,"Office Supplies","Appliances","East","Consumer","First Class"
-7.1148,9.702,0.7,3,0,"Office Supplies","Binders","West","Consumer","Same Day"
112.224,400.8,0,5,7,"Office Supplies","Appliances","West","Consumer","Standard Class"
4.1832,11.952,0.2,3,5,"Office Supplies","Binders","West","Home Office","Second Class"
229.3018,881.93,0,7,5,"Technology","Phones","South","Consumer","Standard Class"
26.598,102.3,0,1,1,"Furniture","Furnishings","East","Consumer","First Class"
12.4416,25.92,0,4,4,"Office Supplies","Paper","West","Corporate","Standard Class"
12.8058,164.646,0.1,3,4,"Furniture","Chairs","East","Consumer","Second Class"
-15.9268,21.968,0.6,4,5,"Furniture","Furnishings","Central","Consumer","Standard Class"
-13.6776,273.552,0.2,3,5,"Furniture","Chairs","South","Corporate","Standard Class"
8.388,27.96,0.2,5,4,"Technology","Accessories","Central","Home Office","Standard Class"
4.9271,16.99,0,1,6,"Office Supplies","Art","West","Home Office","Standard Class"
106.1242,1212.848,0.2,7,4,"Technology","Phones","West","Home Office","Standard Class"
9.8685,29.24,0.2,5,6,"Office Supplies","Labels","Central","Consumer","Standard Class"
44.7096,171.96,0,2,2,"Furniture","Tables","West","Consumer","Second Class"
7.6272,21.792,0.2,4,5,"Office Supplies","Binders","West","Consumer","Standard Class"
76.5484,263.96,0,4,4,"Technology","Phones","Central","Consumer","Standard Class"
3.5475,10.75,0,5,5,"Office Supplies","Art","West","Consumer","Standard Class"
64.674,258.696,0.2,3,4,"Technology","Accessories","East","Corporate","Standard Class"
0.693,7.92,0.2,2,0,"Technology","Phones","West","Home Office","Same Day"
13.8828,30.18,0,3,1,"Office Supplies","Paper","East","Corporate","First Class"
-2.918,46.688,0.2,4,5,"Technology","Accessories","West","Consumer","Standard Class"
12.4416,25.92,0,4,4,"Office Supplies","Paper","West","Consumer","Standard Class"
5.9988,149.97,0,3,4,"Technology","Phones","Central","Corporate","Standard Class"
271.4192,1043.92,0,4,0,"Furniture","Bookcases","East","Corporate","Same Day"
38.178,141.4,0,5,5,"Office Supplies","Storage","Central","Consumer","Second Class"
10.6288,40.88,0,7,1,"Office Supplies","Art","Central","Home Office","First Class"
12.1401,25.83,0,7,4,"Office Supplies","Labels","East","Consumer","Second Class"
15.876,32.4,0,5,3,"Office Supplies","Paper","West","Corporate","Second Class"
46.632,621.76,0.2,4,4,"Furniture","Furnishings","West","Corporate","Standard Class"
62.532,208.44,0,3,3,"Office Supplies","Appliances","South","Corporate","First Class"
-65.853,512.19,0.3,5,5,"Furniture","Tables","Central","Consumer","Standard Class"
-63.0056,720.064,0.2,4,4,"Office Supplies","Storage","South","Home Office","Standard Class"
56.1752,122.12,0,4,5,"Office Supplies","Labels","East","Consumer","Standard Class"
3.5742,13.616,0.2,2,3,"Technology","Accessories","Central","Home Office","Second Class"
207.147,714.3,0,5,4,"Office Supplies","Storage","Central","Corporate","Second Class"
98.5248,447.84,0,4,7,"Furniture","Tables","Central","Consumer","Standard Class"
2.1588,24.672,0.2,2,0,"Office Supplies","Storage","South","Corporate","Same Day"
38.2668,173.94,0,3,5,"Furniture","Bookcases","East","Corporate","Standard Class"
-437.5404,1352.3976,0.32,9,5,"Furniture","Bookcases","Central","Consumer","Second Class"
42.045,112.12,0.2,5,6,"Office Supplies","Binders","West","Home Office","Standard Class"
0,81.96,0,2,4,"Office Supplies","Storage","East","Corporate","Standard Class"
125.997,1679.96,0.2,5,2,"Technology","Phones","West","Consumer","First Class"
54.3332,132.52,0,4,5,"Technology","Accessories","Central","Consumer","Standard Class"
-18.1176,317.058,0.3,3,4,"Furniture","Chairs","Central","Consumer","Standard Class"
-2.994,47.904,0.2,1,5,"Technology","Accessories","Central","Consumer","Standard Class"
-109.5822,674.352,0.2,3,7,"Furniture","Chairs","West","Consumer","Standard Class"
18.3276,67.88,0,2,6,"Furniture","Chairs","South","Consumer","Standard Class"
6.8714,14.62,0,2,5,"Office Supplies","Labels","Central","Corporate","Standard Class"
3.21,10.272,0.2,3,6,"Office Supplies","Paper","Central","Corporate","Standard Class"
29.1456,80.96,0,4,4,"Furniture","Furnishings","West","Consumer","Standard Class"
7.668,17.04,0,3,2,"Office Supplies","Paper","East","Home Office","First Class"
31.2736,86.272,0.2,4,4,"Office Supplies","Paper","West","Corporate","Standard Class"
-19.1058,218.352,0.2,3,5,"Furniture","Chairs","West","Consumer","Standard Class"
3.5505,7.89,0,1,2,"Office Supplies","Fasteners","West","Consumer","Second Class"
-15.7176,314.352,0.2,3,1,"Furniture","Bookcases","South","Consumer","First Class"
48.9645,181.35,0,9,4,"Office Supplies","Art","West","Consumer","Standard Class"
7.3008,48.672,0.2,3,1,"Furniture","Furnishings","South","Corporate","First Class"
44.9925,179.97,0,3,4,"Technology","Phones","East","Consumer","Standard Class"
163.1898,479.97,0,3,3,"Technology","Accessories","South","Consumer","First Class"
88.485,1415.76,0.2,6,5,"Technology","Phones","Central","Home Office","Second Class"
21.294,120.666,0.15,2,4,"Furniture","Bookcases","West","Home Office","Standard Class"
22.4316,62.31,0,3,1,"Technology","Accessories","West","Consumer","First Class"
-5.0094,3.036,0.8,3,7,"Office Supplies","Binders","Central","Consumer","Standard Class"
179.7488,641.96,0,2,5,"Furniture","Chairs","South","Consumer","Standard Class"
112.4064,416.32,0,2,5,"Office Supplies","Appliances","Central","Corporate","Standard Class"
115.5528,577.764,0.1,2,0,"Furniture","Chairs","East","Corporate","Same Day"
11.0264,31.504,0.2,11,5,"Office Supplies","Binders","West","Consumer","Standard Class"
4.116,8.4,0,2,3,"Office Supplies","Paper","East","Home Office","Second Class"
-2.5093,3.273,0.7,1,3,"Office Supplies","Binders","East","Consumer","First Class"
32.13,151.2,0.2,3,3,"Technology","Accessories","Central","Corporate","First Class"
6.003,13.05,0,5,4,"Office Supplies","Labels","East","Consumer","Standard Class"
35.0784,97.44,0,3,7,"Furniture","Furnishings","East","Consumer","Standard Class"
5.952,47.616,0.2,3,5,"Office Supplies","Art","South","Consumer","Standard Class"
1.7343,3.69,0,1,4,"Office Supplies","Labels","East","Consumer","Standard Class"
7.056,14.4,0,5,4,"Office Supplies","Labels","West","Corporate","Second Class"
16.362,48.48,0.2,4,1,"Office Supplies","Binders","East","Consumer","First Class"
6.4864,64.864,0.2,4,6,"Office Supplies","Appliances","South","Consumer","Standard Class"
-13.81,966.7,0.3,5,7,"Furniture","Chairs","Central","Consumer","Standard Class"
123.4737,1097.544,0.2,7,2,"Technology","Phones","Central","Corporate","First Class"
49.9704,106.32,0,3,4,"Office Supplies","Paper","South","Consumer","Standard Class"
-3.312,14.72,0.2,5,2,"Office Supplies","Supplies","East","Consumer","Second Class"
6.63,25.5,0,3,2,"Office Supplies","Supplies","South","Corporate","Second Class"
-2.7588,3.762,0.7,3,4,"Office Supplies","Binders","East","Corporate","Standard Class"
3.872,8.8,0,5,6,"Furniture","Furnishings","South","Consumer","Standard Class"
12.4416,25.92,0,4,5,"Office Supplies","Paper","West","Corporate","Standard Class"
4.782,38.256,0.2,3,5,"Office Supplies","Art","West","Consumer","Standard Class"
-264.215,377.45,0.5,5,3,"Furniture","Tables","West","Home Office","First Class"
366.6348,2036.86,0,7,7,"Furniture","Tables","West","Home Office","Standard Class"
793.716,2405.2,0,8,2,"Office Supplies","Appliances","Central","Corporate","Second Class"
-6.8334,9.762,0.7,2,5,"Office Supplies","Binders","West","Corporate","Standard Class"
4.4736,44.736,0.2,8,6,"Technology","Phones","West","Consumer","Standard Class"
-16.818,11.212,0.8,2,4,"Office Supplies","Binders","Central","Consumer","Second Class"
3.1104,6.48,0,1,4,"Office Supplies","Paper","South","Corporate","Standard Class"
20.392,163.136,0.2,4,4,"Furniture","Furnishings","South","Consumer","Standard Class"
223.054,686.32,0.2,2,4,"Technology","Machines","West","Consumer","Standard Class"
33.6474,99.696,0.2,6,4,"Office Supplies","Binders","West","Home Office","Standard Class"
16.2486,47.79,0,3,5,"Technology","Accessories","South","Home Office","Standard Class"
11.7,26,0,2,4,"Technology","Accessories","East","Corporate","Second Class"
-14.229,16.74,0.6,5,4,"Furniture","Furnishings","Central","Home Office","Standard Class"
2.2728,227.28,0,2,7,"Office Supplies","Storage","West","Corporate","Standard Class"
19.824,264.32,0.2,2,5,"Office Supplies","Storage","East","Consumer","Standard Class"
97.0137,862.344,0.2,7,2,"Technology","Phones","West","Consumer","Second Class"
120.9416,465.16,0,2,6,"Office Supplies","Appliances","Central","Consumer","Standard Class"
33.9388,109.48,0,2,2,"Furniture","Furnishings","East","Consumer","Second Class"
23.7684,65.568,0.2,2,4,"Office Supplies","Binders","West","Corporate","Second Class"
84.51,704.25,0,5,6,"Office Supplies","Storage","East","Corporate","Standard Class"
41.1332,241.96,0,2,2,"Furniture","Bookcases","Central","Home Office","Second Class"
20.1015,74.45,0,5,5,"Furniture","Furnishings","East","Corporate","Standard Class"
-112.041,373.47,0.4,5,5,"Furniture","Tables","East","Corporate","Standard Class"
-14.5764,64.784,0.2,1,6,"Office Supplies","Storage","East","Corporate","Standard Class"
132.99,511.5,0,5,2,"Furniture","Furnishings","West","Home Office","Second Class"
-29.3238,79.974,0.4,3,5,"Furniture","Tables","South","Corporate","Second Class"
20.5755,70.95,0,3,2,"Office Supplies","Storage","Central","Consumer","Second Class"
6.2208,12.96,0,2,4,"Office Supplies","Paper","West","Consumer","Standard Class"
15.82,94.92,0.4,4,4,"Technology","Phones","East","Consumer","Standard Class"
-123.858,68.81,0.8,5,4,"Office Supplies","Appliances","Central","Home Office","Standard Class"
4.6193,52.792,0.2,1,2,"Technology","Phones","West","Corporate","Second Class"
1.1225,3.592,0.2,1,5,"Office Supplies","Binders","West","Corporate","Standard Class"
1.41,7.52,0.2,5,4,"Office Supplies","Fasteners","South","Corporate","Standard Class"
3.6288,10.368,0.2,2,6,"Office Supplies","Paper","Central","Corporate","Standard Class"
87.1962,223.58,0,14,6,"Technology","Accessories","West","Consumer","Standard Class"
37,74,0,5,3,"Office Supplies","Labels","East","Corporate","First Class"
1.6176,21.568,0.2,2,5,"Office Supplies","Storage","Central","Consumer","Standard Class"
10.312,103.12,0,8,4,"Technology","Accessories","East","Corporate","Standard Class"
7.5371,25.99,0,1,4,"Office Supplies","Art","East","Home Office","Standard Class"
113.6742,391.98,0,2,4,"Technology","Phones","South","Home Office","Standard Class"
23.3954,61.929,0.1,1,4,"Office Supplies","Appliances","Central","Consumer","Standard Class"
6.206,21.4,0,5,4,"Office Supplies","Art","West","Home Office","Standard Class"
-5.94,8.1,0.7,5,4,"Office Supplies","Binders","South","Corporate","Standard Class"
3.6288,10.368,0.2,2,5,"Office Supplies","Paper","West","Consumer","Standard Class"
51.1485,818.376,0.2,3,5,"Technology","Phones","West","Home Office","Standard Class"
57.358,204.85,0,5,5,"Furniture","Furnishings","West","Consumer","Standard Class"
14.904,31.05,0,3,7,"Office Supplies","Labels","East","Home Office","Standard Class"
0.4074,40.74,0,3,5,"Office Supplies","Storage","Central","Consumer","Standard Class"
25.875,207,0.2,3,1,"Furniture","Chairs","South","Corporate","First Class"
609.7157,2888.127,0.1,11,6,"Furniture","Chairs","East","Consumer","Standard Class"
51.6558,105.42,0,2,4,"Office Supplies","Envelopes","South","Consumer","Standard Class"
11.076,28.4,0,2,3,"Furniture","Furnishings","Central","Corporate","Second Class"
-9.153,40.68,0.2,3,4,"Technology","Phones","South","Consumer","Standard Class"
42.0744,89.52,0,4,6,"Office Supplies","Binders","Central","Home Office","Standard Class"
40.3704,119.616,0.2,8,4,"Office Supplies","Binders","West","Consumer","Standard Class"
12.672,26.4,0,5,6,"Office Supplies","Paper","East","Corporate","Standard Class"
38.976,129.92,0,4,3,"Office Supplies","Appliances","West","Consumer","Second Class"
95.2,595,0,5,6,"Technology","Accessories","West","Corporate","Standard Class"
9.0882,242.352,0.2,3,5,"Furniture","Bookcases","East","Consumer","Standard Class"
-15.098,241.568,0.2,2,4,"Furniture","Tables","West","Consumer","Second Class"
8.4942,32.67,0,3,5,"Office Supplies","Appliances","East","Consumer","Standard Class"
62.7004,127.96,0,2,0,"Office Supplies","Binders","Central","Consumer","Same Day"
4.0584,10.68,0,4,6,"Furniture","Furnishings","East","Consumer","Standard Class"
-12.9987,67.9932,0.32,1,4,"Furniture","Bookcases","Central","Corporate","Standard Class"
3.0814,9.94,0,2,7,"Furniture","Furnishings","West","Home Office","Standard Class"
36.813,122.71,0,7,6,"Office Supplies","Supplies","East","Consumer","Standard Class"
9.1056,18.97,0,1,2,"Office Supplies","Paper","West","Consumer","Second Class"
-2.0568,47.992,0.3,2,6,"Furniture","Chairs","Central","Corporate","Standard Class"
-99.6219,885.528,0.2,9,4,"Furniture","Chairs","West","Corporate","Standard Class"
88.074,251.64,0.2,3,3,"Office Supplies","Paper","South","Consumer","First Class"
40.12,236,0,4,4,"Technology","Accessories","West","Corporate","Standard Class"
63.135,137.25,0,9,4,"Office Supplies","Envelopes","East","Home Office","Standard Class"
-19.0656,31.776,0.6,3,4,"Furniture","Furnishings","Central","Consumer","Standard Class"
39.52,121.6,0.2,5,5,"Office Supplies","Binders","West","Consumer","Standard Class"
7.1864,359.32,0,4,0,"Office Supplies","Storage","West","Corporate","Same Day"
-84.9615,457.485,0.3,3,7,"Furniture","Tables","Central","Home Office","Standard Class"
17.745,354.9,0,5,4,"Office Supplies","Storage","West","Consumer","Standard Class"
23.0864,49.12,0,4,4,"Office Supplies","Paper","East","Consumer","Standard Class"
1.64,5.248,0.2,4,2,"Office Supplies","Art","Central","Consumer","First Class"
11.704,33.44,0.2,10,3,"Office Supplies","Binders","West","Corporate","Second Class"
73.41,146.82,0,3,2,"Office Supplies","Paper","West","Home Office","Second Class"
7.2576,20.736,0.2,4,5,"Office Supplies","Paper","Central","Consumer","Standard Class"
38.8704,388.704,0.2,6,4,"Furniture","Chairs","West","Corporate","Second Class"
36.4044,79.14,0,3,2,"Office Supplies","Paper","West","Corporate","Second Class"
0.8225,2.632,0.2,1,4,"Office Supplies","Fasteners","Central","Corporate","Second Class"
-373.3048,1018.104,0.4,4,5,"Furniture","Tables","East","Consumer","Standard Class"
8.997,71.976,0.2,3,7,"Technology","Phones","West","Corporate","Standard Class"
206.6232,590.352,0.2,6,2,"Office Supplies","Binders","West","Home Office","Second Class"
-30.098,1023.332,0.32,5,5,"Furniture","Bookcases","Central","Consumer","Standard Class"
1.4136,4.712,0.2,1,7,"Furniture","Furnishings","South","Corporate","Standard Class"
-135.087,182.55,0.5,2,3,"Furniture","Tables","West","Consumer","Second Class"
148.704,1487.04,0.2,5,5,"Furniture","Chairs","West","Home Office","Standard Class"
10.3936,129.92,0,4,4,"Furniture","Furnishings","South","Corporate","Standard Class"
45.588,189.95,0,5,4,"Technology","Accessories","West","Corporate","Second Class"
0.84,2.688,0.2,1,6,"Office Supplies","Binders","East","Consumer","Standard Class"
31.8696,91.056,0.2,6,4,"Office Supplies","Paper","South","Home Office","Standard Class"
44.9616,124.032,0.2,4,7,"Office Supplies","Paper","Central","Consumer","Standard Class"
19.998,424.9575,0.15,5,5,"Furniture","Bookcases","West","Corporate","Standard Class"
4.4312,12.224,0.2,2,6,"Office Supplies","Envelopes","Central","Home Office","Standard Class"
18.2112,37.94,0,2,3,"Office Supplies","Paper","West","Consumer","Second Class"
42.495,339.96,0.2,5,4,"Technology","Phones","West","Home Office","Standard Class"
4.5216,45.216,0.2,3,7,"Office Supplies","Appliances","South","Consumer","Standard Class"
17.6088,38.28,0,6,5,"Office Supplies","Binders","Central","Corporate","Standard Class"
-18.1176,317.058,0.3,3,4,"Furniture","Chairs","Central","Consumer","Standard Class"
12.432,44.4,0,5,6,"Office Supplies","Supplies","West","Home Office","Standard Class"
5.5944,63.936,0.2,8,7,"Technology","Phones","South","Corporate","Standard Class"
31.0992,70.68,0,12,5,"Furniture","Furnishings","West","Corporate","Standard Class"
18.0096,37.52,0,4,5,"Office Supplies","Paper","West","Corporate","Standard Class"
49.2576,140.736,0.2,8,5,"Technology","Phones","West","Home Office","Second Class"
51.57,114.6,0,5,7,"Office Supplies","Binders","East","Home Office","Standard Class"
5.2332,18.69,0,7,4,"Office Supplies","Art","West","Home Office","Standard Class"
-52.196,913.43,0.3,5,7,"Furniture","Bookcases","Central","Consumer","Standard Class"
5.9904,18.432,0.2,8,7,"Office Supplies","Labels","South","Corporate","Standard Class"
1.7115,19.56,0.2,5,7,"Office Supplies","Art","Central","Consumer","Standard Class"
-40.4712,220.752,0.4,8,4,"Technology","Phones","East","Consumer","Standard Class"
9.3152,22.72,0,1,5,"Furniture","Furnishings","West","Corporate","Standard Class"
0,508.704,0.2,6,4,"Furniture","Furnishings","West","Corporate","Standard Class"
3.267,43.56,0.2,5,5,"Office Supplies","Appliances","West","Home Office","Standard Class"
-12.7512,24.288,0.6,3,2,"Furniture","Furnishings","Central","Consumer","First Class"
-43.848,64.96,0.6,5,6,"Furniture","Furnishings","Central","Consumer","Standard Class"
1453.1238,4305.552,0.2,6,7,"Office Supplies","Binders","East","Consumer","Standard Class"
25.5968,127.984,0.2,2,6,"Technology","Accessories","Central","Consumer","Standard Class"
99.9012,356.79,0,7,4,"Office Supplies","Appliances","West","Consumer","Standard Class"
-10.7964,53.982,0.4,3,6,"Technology","Phones","East","Consumer","Standard Class"
-1.7772,71.088,0.2,2,0,"Furniture","Tables","West","Consumer","Same Day"
220.4825,881.93,0,7,4,"Technology","Phones","East","Consumer","Standard Class"
24.2352,257.499,0.15,3,4,"Furniture","Bookcases","West","Consumer","Standard Class"
16.5564,147.168,0.2,4,5,"Technology","Phones","Central","Corporate","Standard Class"
3.8048,13.12,0,4,5,"Office Supplies","Art","West","Consumer","Standard Class"
15.378,34.95,0,5,1,"Technology","Accessories","South","Consumer","First Class"
3.4848,25.344,0.2,6,2,"Furniture","Furnishings","East","Consumer","First Class"
6.862,14.6,0,2,5,"Office Supplies","Binders","South","Consumer","Standard Class"
9.7438,22.66,0,2,0,"Office Supplies","Appliances","West","Consumer","Same Day"
3.0558,9.26,0,2,6,"Office Supplies","Art","East","Consumer","Standard Class"
7.6494,23.18,0,2,4,"Technology","Accessories","East","Consumer","Standard Class"
19.656,72.8,0,5,5,"Office Supplies","Appliances","South","Consumer","Standard Class"
-43.1178,235.188,0.4,2,5,"Technology","Phones","East","Corporate","Standard Class"
-1.0656,37.296,0.3,2,4,"Furniture","Chairs","Central","Consumer","Standard Class"
4.6644,14.352,0.2,3,4,"Office Supplies","Binders","East","Corporate","Standard Class"
165.2868,393.54,0,3,2,"Technology","Accessories","Central","Consumer","Second Class"
8.7168,87.168,0.2,2,3,"Office Supplies","Appliances","South","Consumer","Second Class"
45.294,603.92,0.2,5,2,"Furniture","Chairs","West","Consumer","Second Class"
9.1314,33.82,0,2,5,"Office Supplies","Storage","East","Corporate","Second Class"
54.6912,113.94,0,6,1,"Office Supplies","Binders","South","Corporate","First Class"
6.723,19.92,0.2,5,5,"Office Supplies","Paper","West","Consumer","Standard Class"
18.24,36.48,0,6,7,"Office Supplies","Fasteners","East","Corporate","Standard Class"
24.3384,811.28,0,8,6,"Office Supplies","Storage","West","Consumer","Standard Class"
20.7328,47.12,0,8,5,"Furniture","Furnishings","West","Consumer","Standard Class"
-2.7552,3.444,0.7,2,2,"Office Supplies","Binders","East","Consumer","First Class"
25.186,71.96,0.2,5,5,"Technology","Phones","Central","Consumer","Standard Class"
55.936,121.6,0,4,6,"Office Supplies","Binders","Central","Home Office","Standard Class"
-3.2392,113.372,0.3,2,4,"Furniture","Chairs","Central","Corporate","Standard Class"
1.8704,5.344,0.2,1,3,"Office Supplies","Paper","East","Corporate","First Class"
-3.3506,24.368,0.2,2,5,"Furniture","Tables","West","Corporate","Second Class"
8.6112,17.94,0,3,2,"Office Supplies","Binders","South","Consumer","Second Class"
3.6288,10.368,0.2,2,0,"Office Supplies","Paper","Central","Consumer","Same Day"
10.7964,59.98,0,2,6,"Technology","Accessories","East","Home Office","Standard Class"
291.3778,1266.86,0,7,2,"Furniture","Bookcases","South","Consumer","Second Class"
14.9814,41.328,0.2,7,4,"Office Supplies","Binders","East","Consumer","Standard Class"
5.7624,11.76,0,2,2,"Office Supplies","Paper","West","Corporate","First Class"
15.764,56.3,0,2,5,"Office Supplies","Art","South","Consumer","Standard Class"
15.4752,59.52,0,3,5,"Office Supplies","Art","West","Corporate","Standard Class"
19.596,195.96,0.2,5,5,"Technology","Phones","West","Corporate","Standard Class"
-67.617,24.588,0.8,3,6,"Office Supplies","Appliances","Central","Corporate","Standard Class"
5.2026,14.352,0.2,3,3,"Office Supplies","Envelopes","West","Home Office","First Class"
10.062,30.96,0.2,2,5,"Office Supplies","Binders","West","Corporate","Standard Class"
10.512,21.9,0,5,6,"Office Supplies","Binders","Central","Corporate","Standard Class"
-2.6208,3.744,0.7,4,3,"Office Supplies","Binders","South","Home Office","First Class"
6.5435,104.696,0.2,1,4,"Office Supplies","Storage","West","Corporate","Second Class"
14.2272,59.904,0.2,2,5,"Office Supplies","Art","Central","Home Office","Second Class"
-5.2416,7.488,0.7,8,4,"Office Supplies","Binders","East","Home Office","Standard Class"
25.0182,333.576,0.2,3,6,"Technology","Phones","West","Consumer","Standard Class"
13.32,35.52,0.2,3,4,"Office Supplies","Labels","Central","Corporate","Standard Class"
70.722,196.45,0,5,3,"Furniture","Furnishings","West","Corporate","First Class"
215.9973,1919.976,0.2,3,0,"Technology","Machines","West","Corporate","Same Day"
2.8536,9.84,0,3,5,"Office Supplies","Art","Central","Corporate","Standard Class"
126.8973,1127.976,0.2,3,3,"Technology","Phones","South","Home Office","Second Class"
18.5391,164.792,0.2,1,0,"Technology","Phones","West","Consumer","Same Day"
11.086,24.1,0,5,4,"Office Supplies","Binders","Central","Consumer","Standard Class"
39.6879,453.576,0.2,3,3,"Technology","Phones","Central","Corporate","Second Class"
26.4285,704.76,0.2,5,5,"Office Supplies","Storage","South","Consumer","Standard Class"
27.2952,242.624,0.2,8,7,"Technology","Phones","West","Consumer","Standard Class"
-31.9144,638.288,0.2,7,4,"Furniture","Chairs","West","Consumer","Standard Class"
5.998,47.984,0.2,2,3,"Technology","Phones","Central","Home Office","First Class"
2.64,8.448,0.2,2,0,"Office Supplies","Paper","East","Home Office","Same Day"
3.2872,9.392,0.2,2,4,"Office Supplies","Paper","Central","Corporate","Standard Class"
5.8696,12.76,0,2,0,"Office Supplies","Binders","Central","Consumer","Same Day"
-2.484,16.56,0.2,3,4,"Technology","Accessories","South","Consumer","Standard Class"
28.0784,561.568,0.2,2,2,"Furniture","Chairs","West","Consumer","Second Class"
9.9216,25.44,0,6,5,"Office Supplies","Art","West","Consumer","Standard Class"
180.7659,368.91,0,9,0,"Office Supplies","Paper","Central","Home Office","Same Day"
4.1832,11.952,0.2,3,4,"Office Supplies","Binders","West","Consumer","Standard Class"
9.2386,105.584,0.2,2,4,"Technology","Phones","South","Consumer","Standard Class"
7.4571,85.224,0.2,3,0,"Office Supplies","Storage","South","Consumer","Same Day"
-69.89,1048.35,0.4,5,5,"Furniture","Tables","East","Corporate","Second Class"
585.552,1951.84,0,8,4,"Furniture","Chairs","Central","Corporate","Standard Class"
7.052,16.4,0,5,2,"Office Supplies","Art","West","Consumer","Second Class"
-290.8752,1090.782,0.4,7,0,"Furniture","Tables","East","Consumer","Same Day"
-3.9032,2.296,0.8,2,4,"Office Supplies","Binders","Central","Consumer","Standard Class"
1.9629,7.27,0,1,2,"Office Supplies","Supplies","South","Consumer","Second Class"
-46.4292,154.764,0.4,3,5,"Furniture","Tables","East","Home Office","Standard Class"
101.394,337.98,0,2,6,"Technology","Phones","East","Corporate","Standard Class"
0.6192,8.256,0.2,4,5,"Office Supplies","Art","East","Consumer","Second Class"
25.7488,91.96,0,4,5,"Office Supplies","Art","South","Home Office","Standard Class"
187.3976,720.76,0,4,3,"Office Supplies","Storage","West","Consumer","Second Class"
12.0252,36.44,0,4,6,"Office Supplies","Art","West","Consumer","Standard Class"
1.6704,5.76,0,2,6,"Office Supplies","Art","West","Home Office","Standard Class"
31.6,316,0,4,4,"Technology","Accessories","South","Corporate","Standard Class"
19.9155,60.35,0,5,5,"Furniture","Furnishings","East","Corporate","Standard Class"
21.7728,45.36,0,7,3,"Office Supplies","Paper","East","Corporate","First Class"
6.8724,14.94,0,3,4,"Office Supplies","Labels","West","Consumer","Standard Class"
5.096,10.4,0,5,6,"Office Supplies","Binders","Central","Consumer","Standard Class"
10.7604,21.96,0,2,4,"Office Supplies","Binders","South","Consumer","Standard Class"
-67.8762,290.898,0.4,3,2,"Technology","Phones","East","Consumer","First Class"
25.872,53.9,0,5,4,"Office Supplies","Binders","Central","Corporate","Standard Class"
19.6248,75.48,0,2,4,"Office Supplies","Art","East","Consumer","Standard Class"
4.6221,14.91,0,3,4,"Furniture","Furnishings","East","Consumer","Second Class"
11.685,46.74,0,3,6,"Office Supplies","Storage","South","Consumer","Standard Class"
11.206,43.1,0,5,2,"Office Supplies","Appliances","West","Home Office","Second Class"
4.6488,14.304,0.2,6,5,"Office Supplies","Binders","West","Home Office","Standard Class"
33.3576,333.576,0.2,3,2,"Technology","Phones","West","Corporate","Second Class"
5.0688,10.56,0,2,5,"Office Supplies","Paper","West","Consumer","Standard Class"
78.672,262.24,0,2,0,"Office Supplies","Appliances","South","Corporate","Same Day"
168.4704,701.96,0,2,5,"Furniture","Chairs","South","Corporate","Second Class"
2.322,6.88,0.2,1,2,"Office Supplies","Binders","West","Consumer","Second Class"
15.294,122.352,0.2,3,5,"Furniture","Furnishings","South","Home Office","Standard Class"
47.5072,146.176,0.2,8,4,"Office Supplies","Paper","Central","Consumer","Standard Class"
-4.4928,2.808,0.8,3,4,"Office Supplies","Binders","Central","Consumer","Standard Class"
5.0286,13.872,0.2,3,3,"Office Supplies","Paper","East","Consumer","First Class"
-3.168,4.752,0.7,2,3,"Office Supplies","Binders","West","Consumer","Second Class"
314.0384,1207.84,0,8,3,"Furniture","Chairs","South","Consumer","Second Class"
46.3185,137.24,0.2,5,4,"Office Supplies","Binders","West","Consumer","Standard Class"
3.6288,10.368,0.2,2,0,"Office Supplies","Paper","Central","Consumer","Same Day"
1.7901,6.63,0,3,4,"Office Supplies","Art","West","Consumer","Standard Class"
48.3336,207.144,0.1,3,5,"Office Supplies","Appliances","Central","Corporate","Standard Class"
1.7901,6.63,0,3,6,"Office Supplies","Art","West","Consumer","Standard Class"
4.1988,55.984,0.2,2,4,"Office Supplies","Art","South","Consumer","Standard Class"
4.6176,61.568,0.2,2,5,"Office Supplies","Storage","Central","Consumer","Standard Class"
-10.4196,21.936,0.6,2,4,"Furniture","Furnishings","Central","Corporate","Standard Class"
58.66,209.5,0,10,4,"Technology","Phones","East","Corporate","Standard Class"
2.8884,7.968,0.2,2,3,"Office Supplies","Paper","West","Corporate","First Class"
11.151,37.17,0,9,0,"Office Supplies","Art","West","Home Office","Same Day"
1.356,67.8,0,4,6,"Technology","Phones","East","Consumer","Standard Class"
0.189,9.45,0,5,0,"Office Supplies","Fasteners","South","Home Office","Same Day"
17.9684,49.568,0.2,2,5,"Office Supplies","Envelopes","Central","Corporate","Standard Class"
301.968,629.1,0,6,5,"Office Supplies","Paper","South","Corporate","Standard Class"
-3.3264,4.536,0.7,7,5,"Office Supplies","Binders","West","Home Office","Standard Class"
2.8782,8.856,0.2,3,2,"Office Supplies","Envelopes","East","Consumer","Second Class"
80.6285,171.55,0,5,4,"Office Supplies","Binders","Central","Corporate","Standard Class"
0.668,5.344,0.2,2,4,"Office Supplies","Art","Central","Consumer","Standard Class"
22.5732,69.456,0.2,2,2,"Office Supplies","Binders","West","Corporate","Second Class"
-6.1248,7.656,0.7,4,5,"Office Supplies","Binders","West","Consumer","Standard Class"
9.5968,95.968,0.2,4,6,"Technology","Phones","South","Consumer","Standard Class"
-89.089,485.94,0.4,2,0,"Technology","Phones","East","Consumer","Same Day"
62.8075,200.984,0.2,7,5,"Office Supplies","Envelopes","South","Corporate","Standard Class"
6.8724,14.94,0,3,4,"Office Supplies","Labels","Central","Consumer","Second Class"
31.6,316,0,4,5,"Technology","Accessories","West","Corporate","Second Class"
98.2722,377.97,0,3,4,"Technology","Phones","South","Consumer","Standard Class"
1007.9832,2879.952,0.2,6,1,"Technology","Copiers","West","Home Office","First Class"
9.7119,35.97,0,3,2,"Office Supplies","Art","South","Consumer","Second Class"
3.339,8.904,0.2,3,3,"Office Supplies","Paper","South","Consumer","Second Class"
51.4764,457.568,0.2,2,5,"Furniture","Chairs","West","Consumer","Second Class"
11.3512,40.54,0,2,5,"Office Supplies","Appliances","West","Corporate","Standard Class"
556.974,1265.85,0,3,5,"Technology","Accessories","West","Consumer","Standard Class"
9.3312,19.44,0,3,5,"Office Supplies","Paper","East","Home Office","Standard Class"
62.9064,262.11,0,1,0,"Furniture","Tables","Central","Home Office","Same Day"
-28.9568,579.136,0.2,4,2,"Furniture","Chairs","West","Consumer","Second Class"
-70.1043,258.279,0.3,3,5,"Furniture","Chairs","Central","Consumer","Second Class"
9.936,20.7,0,2,6,"Office Supplies","Labels","East","Consumer","Standard Class"
93.0552,320.88,0,6,2,"Office Supplies","Appliances","West","Corporate","Second Class"
13.299,51.15,0,5,6,"Office Supplies","Supplies","West","Consumer","Standard Class"
2.3094,207.846,0.1,3,3,"Furniture","Chairs","East","Corporate","Second Class"
6.2208,12.96,0,2,2,"Office Supplies","Paper","West","Home Office","Second Class"
15.606,46.24,0.2,4,6,"Office Supplies","Binders","East","Corporate","Standard Class"
5.1408,45.696,0.2,3,4,"Furniture","Furnishings","South","Consumer","Standard Class"
15.525,34.5,0,3,0,"Office Supplies","Binders","Central","Home Office","Same Day"
82.2906,167.94,0,3,3,"Office Supplies","Paper","West","Corporate","First Class"
1.2112,30.28,0,2,4,"Office Supplies","Storage","West","Consumer","Standard Class"
401.814,1913.4,0,9,4,"Furniture","Tables","West","Home Office","Second Class"
4.8118,9.82,0,2,4,"Office Supplies","Labels","South","Home Office","Standard Class"
116.5976,248.08,0,7,6,"Office Supplies","Paper","West","Consumer","Standard Class"
3.7128,11.424,0.2,3,2,"Office Supplies","Paper","Central","Consumer","First Class"
-131.951,401.59,0.3,2,2,"Furniture","Tables","Central","Consumer","Second Class"
3.278,23.84,0.2,4,3,"Technology","Accessories","Central","Consumer","Second Class"
2.401,27.44,0.2,2,4,"Office Supplies","Storage","East","Home Office","Standard Class"
111.591,619.95,0,5,6,"Technology","Accessories","Central","Home Office","Standard Class"
7.2268,19.936,0.2,4,5,"Office Supplies","Binders","West","Home Office","Standard Class"
21.0752,56.96,0,2,5,"Furniture","Furnishings","East","Consumer","Standard Class"
30.4776,406.368,0.2,4,4,"Technology","Phones","West","Consumer","Standard Class"
6.098,304.9,0,5,4,"Office Supplies","Storage","West","Consumer","Standard Class"
-127.5792,637.896,0.3,3,5,"Furniture","Tables","Central","Consumer","Standard Class"
-42.8967,311.976,0.2,3,5,"Furniture","Chairs","West","Consumer","Standard Class"
141.2775,523.25,0,5,6,"Office Supplies","Appliances","East","Home Office","Standard Class"
5.7716,12.28,0,1,4,"Office Supplies","Paper","East","Consumer","Standard Class"
-18.1068,120.712,0.2,1,2,"Furniture","Chairs","West","Consumer","Second Class"
21.591,57.576,0.2,3,4,"Office Supplies","Envelopes","East","Corporate","Standard Class"
-7.2672,36.336,0.2,3,4,"Office Supplies","Storage","East","Consumer","Standard Class"
29.5186,79.78,0,2,4,"Technology","Accessories","Central","Consumer","Standard Class"
-2.3904,7.968,0.6,3,4,"Furniture","Furnishings","Central","Corporate","Standard Class"
52.7692,479.72,0,4,4,"Technology","Accessories","West","Consumer","Standard Class"
11.2839,300.904,0.2,1,5,"Furniture","Tables","West","Corporate","Standard Class"
6.2208,12.96,0,2,5,"Office Supplies","Paper","East","Consumer","Second Class"
183.995,588.784,0.2,2,5,"Office Supplies","Binders","East","Consumer","Standard Class"
19.3116,68.97,0,3,2,"Office Supplies","Art","East","Consumer","First Class"
6.321,12.9,0,2,5,"Office Supplies","Paper","West","Home Office","Standard Class"
87.996,703.968,0.2,4,2,"Technology","Phones","West","Consumer","Second Class"
1.7466,4.26,0,1,5,"Office Supplies","Art","West","Consumer","Standard Class"
87.4825,249.95,0,5,5,"Technology","Accessories","East","Corporate","Standard Class"
6.894,22.98,0,1,2,"Office Supplies","Appliances","West","Corporate","First Class"
-5.715,6.858,0.7,6,4,"Office Supplies","Binders","East","Consumer","Standard Class"
50.9898,149.97,0,3,2,"Technology","Accessories","Central","Consumer","First Class"
55.647,206.1,0,5,4,"Technology","Phones","South","Corporate","Standard Class"
28.819,62.65,0,7,2,"Office Supplies","Paper","West","Consumer","Second Class"
-8.6592,11.808,0.7,8,5,"Office Supplies","Binders","East","Consumer","Second Class"
6.0726,20.94,0,3,4,"Furniture","Furnishings","South","Home Office","Standard Class"
80.736,278.4,0,3,1,"Technology","Phones","Central","Consumer","First Class"
5.4432,15.552,0.2,3,6,"Office Supplies","Paper","West","Consumer","Standard Class"
2.0049,4.89,0,1,2,"Office Supplies","Art","South","Consumer","First Class"
6.4128,13.36,0,2,3,"Office Supplies","Paper","East","Home Office","First Class"
14.5638,40.176,0.2,3,7,"Office Supplies","Binders","East","Consumer","Standard Class"
726.5619,2152.776,0.2,3,5,"Office Supplies","Binders","East","Consumer","Standard Class"
10.098,161.568,0.2,2,5,"Furniture","Chairs","West","Consumer","Standard Class"
0.4752,4.224,0.2,3,5,"Office Supplies","Art","West","Consumer","Standard Class"
18.018,55.44,0.2,11,4,"Office Supplies","Labels","East","Corporate","Standard Class"
26.649,76.14,0,3,2,"Furniture","Furnishings","West","Home Office","Second Class"
22.2,59.2,0.2,5,4,"Office Supplies","Labels","South","Consumer","Standard Class"
-86.3664,363.648,0.2,4,4,"Office Supplies","Storage","West","Corporate","Standard Class"
53.997,719.96,0.2,5,4,"Technology","Phones","Central","Consumer","Second Class"
2.0748,7.98,0,3,4,"Office Supplies","Art","West","Consumer","Standard Class"
115.1808,239.96,0,4,6,"Technology","Accessories","West","Corporate","Standard Class"
7.2,15,0,3,5,"Office Supplies","Fasteners","West","Consumer","Standard Class"
5.1294,136.784,0.2,1,0,"Furniture","Bookcases","East","Consumer","Same Day"
20.7675,53.25,0,3,2,"Technology","Accessories","West","Consumer","Second Class"
6.42,20.544,0.2,6,2,"Office Supplies","Paper","East","Consumer","Second Class"
1.86,29.76,0.2,5,0,"Office Supplies","Art","Central","Home Office","Same Day"
29.0325,82.95,0,5,3,"Technology","Accessories","West","Consumer","First Class"
3.1752,6.48,0,1,2,"Office Supplies","Paper","West","Home Office","Second Class"
-525.6405,796.425,0.5,7,3,"Furniture","Tables","Central","Home Office","First Class"
32.936,71.6,0,8,6,"Office Supplies","Paper","West","Home Office","Standard Class"
19.8072,73.36,0,7,5,"Office Supplies","Storage","South","Consumer","Standard Class"
5.79,19.3,0,2,5,"Furniture","Furnishings","West","Consumer","Standard Class"
10.9096,41.96,0,2,5,"Furniture","Furnishings","East","Corporate","Standard Class"
1.122,2.992,0.2,1,3,"Office Supplies","Binders","West","Corporate","Second Class"
13.3008,62.592,0.2,8,3,"Technology","Accessories","Central","Consumer","First Class"
2.7956,7.712,0.2,2,4,"Office Supplies","Binders","East","Consumer","Standard Class"
-217.048,1335.68,0.2,4,5,"Furniture","Tables","West","Consumer","Standard Class"
-8.4582,112.776,0.2,3,3,"Technology","Accessories","West","Home Office","First Class"
33.5895,287.91,0.4,3,5,"Technology","Machines","Central","Consumer","Standard Class"
30.0234,272.94,0,3,6,"Furniture","Furnishings","Central","Consumer","Standard Class"
1.002,8.016,0.2,3,7,"Office Supplies","Art","Central","Home Office","Standard Class"
-10.4214,6.316,0.8,1,5,"Office Supplies","Binders","Central","Corporate","Standard Class"
1.7901,6.63,0,3,6,"Office Supplies","Art","West","Home Office","Standard Class"
84.5728,845.728,0.2,13,4,"Office Supplies","Appliances","West","Consumer","Standard Class"
1.4784,4.224,0.2,3,4,"Office Supplies","Art","East","Corporate","Standard Class"
0,593.568,0.2,2,6,"Office Supplies","Storage","West","Corporate","Standard Class"
14.3068,30.44,0,4,4,"Office Supplies","Paper","East","Home Office","Second Class"
1.0192,10.192,0.2,7,4,"Office Supplies","Art","Central","Corporate","Standard Class"
23.9688,99.87,0,3,7,"Office Supplies","Storage","East","Corporate","Standard Class"
942.8157,2793.528,0.2,9,7,"Office Supplies","Binders","West","Corporate","Standard Class"
7.308,48.72,0,3,4,"Office Supplies","Storage","West","Consumer","Standard Class"
-219.1644,1348.704,0.2,6,0,"Furniture","Chairs","West","Corporate","Same Day"
10.3071,21.93,0,3,5,"Office Supplies","Labels","East","Consumer","Second Class"
7.015,15.25,0,1,5,"Office Supplies","Envelopes","West","Corporate","Standard Class"
93.7688,394.816,0.2,4,5,"Office Supplies","Appliances","East","Consumer","Standard Class"
24.4768,244.768,0.2,4,4,"Technology","Phones","Central","Corporate","Second Class"
26.598,102.3,0,10,5,"Office Supplies","Supplies","East","Consumer","Standard Class"
-6.396,51.168,0.2,2,7,"Office Supplies","Storage","West","Home Office","Standard Class"
27.882,61.96,0,2,2,"Office Supplies","Paper","East","Consumer","Second Class"
7.644,15.6,0,5,5,"Office Supplies","Binders","South","Consumer","Standard Class"
-24.294,129.568,0.2,2,6,"Furniture","Chairs","West","Consumer","Standard Class"
49.2723,447.93,0,9,0,"Technology","Accessories","West","Consumer","Same Day"
297.69,595.38,0,6,4,"Furniture","Furnishings","West","Consumer","Standard Class"
18.6624,38.88,0,6,4,"Office Supplies","Paper","West","Home Office","Standard Class"
1.752,14.016,0.2,3,3,"Office Supplies","Art","East","Consumer","Second Class"
48.5514,143.856,0.2,9,7,"Office Supplies","Paper","Central","Consumer","Standard Class"
113.9886,299.97,0,3,5,"Technology","Accessories","East","Corporate","Standard Class"
6.4128,13.36,0,2,5,"Office Supplies","Paper","West","Home Office","Second Class"
-25.992,259.92,0.2,5,3,"Office Supplies","Storage","East","Consumer","Second Class"
4.0192,12.56,0,2,4,"Furniture","Furnishings","East","Corporate","Standard Class"
4.8118,9.82,0,2,3,"Office Supplies","Labels","West","Corporate","Second Class"
87.89,199.75,0,5,4,"Technology","Accessories","East","Home Office","Standard Class"
19.1976,191.976,0.2,3,6,"Technology","Phones","West","Corporate","Standard Class"
264.5865,979.95,0,5,3,"Technology","Phones","East","Consumer","Second Class"
2.9372,41.96,0,2,2,"Office Supplies","Storage","West","Corporate","Second Class"
-337.806,1801.632,0.2,6,4,"Office Supplies","Storage","East","Corporate","Standard Class"
80.7912,164.88,0,3,4,"Office Supplies","Paper","West","Corporate","Second Class"
9.702,34.65,0,3,6,"Office Supplies","Art","West","Corporate","Standard Class"
12.8744,45.98,0,2,6,"Office Supplies","Art","West","Consumer","Standard Class"
70.5564,627.168,0.2,4,0,"Technology","Phones","South","Consumer","Same Day"
9.3312,19.44,0,3,7,"Office Supplies","Paper","West","Corporate","Standard Class"
-138.14,552.56,0.2,5,2,"Office Supplies","Storage","East","Corporate","Second Class"
4.2804,11.808,0.2,2,2,"Office Supplies","Binders","East","Consumer","Second Class"
68.8464,196.704,0.2,6,4,"Office Supplies","Binders","West","Corporate","Standard Class"
11.703,24.9,0,5,4,"Office Supplies","Paper","East","Consumer","Standard Class"
48.118,687.4,0,5,4,"Furniture","Bookcases","Central","Home Office","Second Class"
262.39,1242.9,0.1,5,2,"Furniture","Chairs","East","Home Office","Second Class"
20.4984,60.736,0.2,8,5,"Office Supplies","Paper","Central","Consumer","Standard Class"
17.4064,40.48,0,2,4,"Furniture","Furnishings","East","Consumer","Standard Class"
63.984,199.95,0,5,2,"Technology","Accessories","South","Consumer","Second Class"
9.7119,35.97,0,3,2,"Office Supplies","Art","East","Home Office","First Class"
2.1,6,0.2,2,2,"Office Supplies","Labels","East","Consumer","First Class"
74.8524,152.76,0,6,2,"Office Supplies","Binders","South","Consumer","Second Class"
1.576,78.8,0,1,4,"Office Supplies","Storage","East","Corporate","Second Class"
-19.323,81.36,0.2,5,5,"Office Supplies","Storage","South","Corporate","Second Class"
10.4148,31.56,0,3,4,"Furniture","Furnishings","West","Consumer","Second Class"
0.51,6.8,0.2,1,4,"Office Supplies","Supplies","West","Consumer","Standard Class"
13.0928,37.408,0.2,7,2,"Office Supplies","Paper","South","Home Office","Second Class"
5.5,22,0,4,6,"Technology","Phones","East","Home Office","Standard Class"
13.181,26.9,0,5,4,"Office Supplies","Binders","East","Corporate","Standard Class"
2.7036,15.02,0,1,5,"Technology","Accessories","East","Corporate","Second Class"
14.2002,30.87,0,7,5,"Office Supplies","Paper","West","Consumer","Standard Class"
1.017,16.95,0,1,0,"Technology","Accessories","West","Home Office","Same Day"
18.5886,40.41,0,9,5,"Office Supplies","Binders","South","Consumer","Standard Class"
-2.1376,5.344,0.6,4,2,"Furniture","Furnishings","Central","Home Office","Second Class"
5.2773,60.312,0.2,3,4,"Furniture","Furnishings","East","Consumer","Standard Class"
6.4206,17.712,0.2,3,6,"Office Supplies","Binders","East","Home Office","Standard Class"
131.586,469.95,0,5,7,"Technology","Phones","South","Consumer","Standard Class"
-3.8976,25.984,0.2,1,4,"Furniture","Furnishings","East","Corporate","Standard Class"
0.8804,2.84,0,1,5,"Office Supplies","Art","South","Corporate","Standard Class"
-22.0416,13.776,0.8,6,4,"Office Supplies","Binders","Central","Home Office","Standard Class"
22.2,44.4,0,3,4,"Office Supplies","Labels","East","Consumer","Standard Class"
19.1786,219.184,0.2,2,4,"Technology","Phones","South","Home Office","Standard Class"
6.549,556.665,0.15,5,5,"Furniture","Bookcases","West","Consumer","Standard Class"
12.4416,25.92,0,4,2,"Office Supplies","Paper","West","Consumer","Second Class"
50.352,104.9,0,5,5,"Office Supplies","Binders","Central","Home Office","Standard Class"
15.8376,211.168,0.2,4,2,"Technology","Phones","West","Corporate","First Class"
79.8912,166.44,0,3,3,"Office Supplies","Paper","East","Corporate","Second Class"
5.5664,11.36,0,4,4,"Office Supplies","Binders","Central","Consumer","Second Class"
30.432,95.1,0,5,4,"Technology","Accessories","West","Corporate","Standard Class"
7.4172,26.49,0,1,7,"Office Supplies","Appliances","East","Corporate","Standard Class"
0.846,4.512,0.2,3,6,"Office Supplies","Fasteners","West","Consumer","Standard Class"
1.2192,16.256,0.2,2,4,"Office Supplies","Art","South","Home Office","Standard Class"
6.03,19.296,0.2,3,4,"Office Supplies","Binders","West","Corporate","Standard Class"
2.592,5.4,0,3,4,"Office Supplies","Binders","East","Corporate","Standard Class"
35.6636,75.88,0,2,4,"Office Supplies","Paper","Central","Corporate","Standard Class"
15.4752,59.52,0,3,0,"Office Supplies","Art","West","Consumer","Same Day"
-46.797,280.782,0.4,3,2,"Technology","Phones","East","Home Office","First Class"
1.168,9.344,0.2,2,4,"Office Supplies","Art","Central","Consumer","Standard Class"
2.1684,8.34,0,3,5,"Office Supplies","Art","South","Home Office","Standard Class"
13.473,39.92,0.2,5,5,"Office Supplies","Binders","West","Home Office","Standard Class"
0,2803.92,0.2,5,2,"Furniture","Chairs","West","Consumer","First Class"
1.984,15.872,0.2,1,1,"Office Supplies","Art","West","Home Office","First Class"
282.2092,1085.42,0,7,2,"Office Supplies","Storage","East","Corporate","Second Class"
39.7488,141.96,0,2,3,"Furniture","Bookcases","Central","Corporate","First Class"
8.2764,110.352,0.2,3,5,"Technology","Phones","West","Corporate","Second Class"
0.7794,38.97,0,3,5,"Technology","Phones","South","Home Office","Second Class"
12.298,47.3,0,2,3,"Office Supplies","Art","West","Consumer","Second Class"
-17.523,93.456,0.2,3,6,"Office Supplies","Storage","Central","Consumer","Standard Class"
3.6588,182.94,0,3,1,"Office Supplies","Storage","East","Consumer","First Class"
0.1472,7.36,0,2,7,"Office Supplies","Supplies","West","Consumer","Standard Class"
4.293,9.54,0,2,3,"Office Supplies","Paper","Central","Consumer","First Class"
3.7408,10.688,0.2,2,4,"Office Supplies","Paper","South","Consumer","Standard Class"
-11.0208,6.888,0.8,3,7,"Office Supplies","Binders","Central","Home Office","Standard Class"
-19.5624,82.368,0.2,2,5,"Office Supplies","Storage","West","Consumer","Standard Class"
48.4575,124.25,0,7,3,"Technology","Accessories","Central","Corporate","Second Class"
5.1042,10.86,0,3,0,"Office Supplies","Envelopes","East","Consumer","Same Day"
2.6208,6.24,0,3,6,"Furniture","Furnishings","Central","Consumer","Standard Class"
9.12,18.24,0,3,4,"Office Supplies","Fasteners","Central","Corporate","Standard Class"
3.5022,10.776,0.2,3,5,"Office Supplies","Binders","East","Consumer","Standard Class"
-4.488,2.992,0.8,4,4,"Office Supplies","Binders","Central","Consumer","Standard Class"
3.9248,8.92,0,4,7,"Furniture","Furnishings","East","Home Office","Standard Class"
-2.3814,10.584,0.2,7,5,"Office Supplies","Fasteners","East","Corporate","Standard Class"
-9.555,6.37,0.8,7,4,"Office Supplies","Binders","Central","Corporate","Standard Class"
7.8064,55.76,0,4,4,"Technology","Accessories","West","Consumer","Standard Class"
0.4728,3.152,0.2,2,4,"Technology","Accessories","East","Home Office","Standard Class"
